ID,Image,Title,Price
1,1 image.jpg,Amazon Basics Classic School Backpack - Black  ,$28.97
2,2 image.jpg,"Tzowla Laptop Backpack Anti-Theft Water Resistant Bag with USB Charging Port and Lock 15.6 Inch Computer Business Travel Backpacks for Women Men College School Student Gift,Bookbag Casual Daypack  ",$41.99
3,3 image.jpg,SUPACOOL Casual Lightweight Laptop Backpack  ,$34.99
4,4 image.jpg,"Travel Laptop Backpack Women, 15.6 Inch College School Backpack with USB Port, Waterproof Business Computer Backpack Bookbag  ",$55.99
5,5 image.jpg,Lightweight Backpack for Women School Book Bag Waterproof Casual Backpack for Men Laptop Bag Travel Daypack for Sports  ,$35.99
6,6 image.jpg,"SWISSGEAR SWA9855 Carry-On Backpack with Waterproof Laptop/Tablet Section - Fits 15.6-Inch to 17.3-Inch Laptops in The Bag , Black  ",$99.99
7,7 image.jpg,"17.3 inch Laptop Backpack,Extra Large Backpack Bookbag Computer Rucksack with USB Charging Port,Water Resistant Sturdy Backpack for Business College School Travel,Men Women Casual Daypack,Black  ",$46.96
8,8 image.jpg,"Travel Laptop Backpack,Extra Large Capacity TSA Friendly Anti Theft Backpacks with USB Charging Port,Water-Resistant Men Women Business College Student Computer Bookbag Fits 17 Inch Laptop&Notebook  ",$59.99
9,9 image.jpg,School Backpack for Women Men College High School Bag for Boys Girls Casual Daypack Laptop Backpack Waterproof Black Bookbag  ,$33.99
10,10 image.jpg,"Travel Backpack for Women, Carry On Backpack,Hiking Backpack Waterproof Outdoor Sports Rucksack Casual Daypack School Bag  ",$54.99
11,11 image.jpg,"Laptop Backpack for Women 15.6 Inch Travel Backpack with Makeup Bag Waterproof Work Computer Backpacks, Black  ",$35.99
12,12 image.jpg,Foldable Travel Laptop Backpack for Women Men School College Casual Waterproof Swimming Packable Gym Bag Hiking Daypack  ,$36.99
13,13 image.jpg,"Packable Hiking Backpack Water Resistant,30L Lightweight Daypack Foldable Backpack for Travel,By Zomake  ",$28.79
14,14 image.jpg,"25L Ultralight Packable Backpack - Small Foldable Hiking Backpacks Water Resistant Light Daypack for Outdoor Hiking,by ZOMAKE  ",$25.99
15,15 image.jpg,Carhartt unisex-adult Legacy Standard Work Pack  ,$97.99
16,16 image.jpg,JANSPORT unisex-adult Cool Student 15-inch Laptop Backpack - Classic School Bag  ,$77.00
17,17 image.jpg,"Kenneth Cole REACTION unisex-adult Leather 16"" Laptop Backpack  ",$253.99
18,18 image.jpg,Herschel Supply Co. unisex-adult Little America Laptop Backpack  ,$129.98
19,19 image.jpg,Endurax Extra Large Camera DSLR/SLR Backpack for Outdoor Hiking Trekking with 15.6 Laptop Compartment  ,$139.99
20,20 image.jpg,"Matein Travel Laptop Backpack, Business Anti Theft Slim Durable Laptops Backpack with USB Charging Port, Water Resistant College School Computer Bag Gifts for Men & Women Fits 15.6 Inch Notebook, Grey  ",$39.99
21,21 image.jpg,"4Monster Hiking Daypack,Water Resistant Lightweight Packable Backpack for Travel Camping Outdoor  ",$37.40
22,22 image.jpg,Herschel Supply Co. unisex-adult Classic  ,$64.99
23,23 image.jpg,PUMA unisex-adult Evercat Contender Backpack  ,$35.93
24,24 image.jpg,"School Backpack, Chase Chic Casual Backpack Unisex Classic Lightweight Rucksack Travel Backpack Fits 15.6 Inch Laptop  ",$38.89
25,25 image.jpg,"School Backpack, Kasqo 15.6 Inch Classic Lightweight Water-Resistant Backpack for Men Women Teens Girls Boys Kids to School, College, Travel, Work, Black  ",$43.89
26,26 image.jpg,Aiditex Men & Women Sport Gym Sack Drawstring Backpack Bag  ,$15.98
27,27 image.jpg,"Laptop Backpack, 15.6 Inch Travel Backpack for Women Men Waterproof Computer Backpack College School Bookbag  ",$39.99
28,28 image.jpg,"Myhozee Backpack Womens Rucksack, Water-Resistant Travel Backpack Women Ladies College Travel Bag  ",$50.99
29,29 image.jpg,"R.SASR Tactical Backpack Waterproof, Military Molle Backpack, Army Backpack, 3 Day Assault Pack for Hiking, Camping, Hunting  ",$53.99
30,30 image.jpg,"Travel Laptop Backpack for Women, VSNOON 15.6 Inch Stylish College School Backpack with USB Port Charging, Water Resistant Casual Durable Work Computer Bag for Women Men Girls, Black  ",$59.99
31,31 image.jpg,"Swiss Gear International Carry-On Size Laptop Backpack - Holds Up to 17.3-Inch Laptop, Black  ",$56.36
32,32 image.jpg,Amazon Basics Ultralight Portable Packable Day Pack  ,$19.63
33,33 image.jpg,Laptop Backpack Women Teacher Backpack Nurse Bags  ,$53.99
34,34 image.jpg,Laptop Backpacks 15.6 Inch School Bags College Backpack Anti Theft Travel Daypack Large Bookbags for Teens Girls Women  ,$58.98
35,35 image.jpg,"Laptop Backpack for Women Girls 15.6 Inch Mesh School Bag, Unisex Student Bookbag Waterproof Backpack for College Work Travel  ",$49.99
36,36 image.jpg,"Extra Large Backpack for Men 50L,Water Resistant 17 inch Travel Laptop Backpack Bag for Men Women with USB Charging Port,TSA Friendly Big Business Computer Bag Work College School Bookbags Gift,Black  ",$59.99
37,37 image.jpg,"Travel Laptop Backpack, 17.3 inch Anti Theft Business Laptop Backpack with USB Charging Port and Headphone Interface, Computer Backpack for College School Student Work Men & Women  ",$55.99
38,38 image.jpg,"RAMHORN Casual Daypack Backpacks College High School Backpack With 15.6"" Laptop Pocket Water Resistant Travel Work Bag  ",$25.99
39,39 image.jpg,Backpack for School Black Women College High School Bag for Girls Teen Boys Book Bag Casual Travel Laptop Backpacks for Men  ,$33.99
40,40 image.jpg,Casual Daypacks OMOUBOI Superbreak Backpack Laptop Backpack for Women & Men Fits Tourism School Business  ,$21.88
41,41 image.jpg,"Backpack for Men and Women,School Backpack for Teens,17.3 inch Travel Laptop Backpack,Water Resistant College Bookbag Sturdy Computer Rucksack,Business Casual Daypack,Black  ",$37.56
42,42 image.jpg,"Vaupan Travel Backpack for men women, Carry On Backpack, Durable Water Resistant College School Backpack laptop bag, Large Casual Daypack Hiking Backpack (Black)  ",$22.99
43,43 image.jpg,Laptop Backpack 15.6 inch Travel Backpack for Men Women Waterproof Flight Approved Carry on Backpack Business College School Backpack  ,$45.99
44,44 image.jpg,"15.6 Inch Laptop Backpack Travel Backpack for Men Women Anti Theft Water Resistant Computer Backpack TSA Friendly College Business Backpack for 15 Inch laptop,Black  ",$46.99
45,45 image.jpg,"Extra Large Travel Laptop Backpack 55L,Lunch Backpack Insulated Cooler Backpacks Water Resistant Anti Theft 17.3 inch Computer Backpacks College School Bookbag for Men Women Black  ",$47.99
46,46 image.jpg,Everest Luggage Backpack with Front and Side Pockets  ,$21.42
47,47 image.jpg,Lekesky Business Laptop Backpack 15.6 Inch Women Backpack for College School Computer Backpack  ,$39.09
48,48 image.jpg,"Extra Large Travel Laptop Backpack 50L,Lunch Backpack Business Work Backpack for Men Women with USB Charging Port,Water Resistant TSA Friendly Big 17.3 inch Computer Bag College School Bookbags Black  ",$43.99
49,49 image.jpg,"Hap Tim Laptop Backpack Fit Up to 15.6"" Laptop Bag Casual Daypack Water  ",$50.99
50,50 image.jpg,"Vaupan Business Travel Laptop Backpack, Water Resistant College School Computer Bag Gifts with USB Charging Port for Men & Women Fits 15.6 Inch Notebook (Black)  ",$36.99
51,51 image.jpg,"Laptop Backpack 17.3 Inch Travel Backpack TSA Friendly Business Backpack Large Waterproof Work Computer Backpacks for Men and Women, Black  ",$43.34
52,52 image.jpg,"Multipocket Laptop Backpack for Men, Women – Vinyl Bottom Laptop Backpack with Pockets for College, Travel, Work  ",$19.99
53,53 image.jpg,KROSER Laptop Backpack Travel Business Backpack with USB Charging Port  ,$29.99
54,54 image.jpg,"Backpack for Men and Women,School Backpack for Teenager,15.6 inch Laptop Bookbag with USB Charging port for Business Work College Travel  ",$38.24
55,55 image.jpg,RAMHORN Casual Daypack Backpacks for Business or Travel Fits 15.6 Inch Laptop Notebook Men Women Water Resistant College School Bag Multi-pocket Backpack  ,$24.99
56,56 image.jpg,"20L Ultra Lightweight Foldable Backpack Small Hiking Rucksack Ultralight Water Resistant Travel Packable Daypack for Men Women for Outdoor Sport Travelling Walking Hiking Camping Biking, Navy Blue, Small, Foldable Backpack  ",$13.98
57,57 image.jpg,"Coolton Tactical Backpacks,Multicam Military Army Molle for Hiking, Camping, Hunting  ",$58.99
58,58 image.jpg,"Ranvoo 17.3 Laptop Backpack, Anti Theft Travel Backpack,business backpack  ",$32.99
59,59 image.jpg,NEEKFOX Lightweight Packable Travel Hiking Backpack Daypack - 35L Foldable Camping Backpack Ultralight Sport Outdoor Backpack  ,$31.99
60,60 image.jpg,"Business Laptop Backpack, School College Office Bag with USB Charging Port Fit with 15.6 inch Notebook Computer Carry on Travel backpacks for Men and Women (Black)  ",$39.99
61,61 image.jpg,"Laptop Backpack for Men and Women with 15.6in/17.3inch Computer Compartment, School Backpack for Teen Boys Girls(Fits 15.6in Laptop, A-Carbon Black)  ",$46.99
62,62 image.jpg,AmazonBasics Laptop Computer Backpack - Fits Up To 17 Inch Laptops  ,$56.99
63,63 image.jpg,"Women Laptop Backpack Work Business Backpack for Travel,Stylish College Bookbag Schoolbag for Girls Casual Teacher Daypack TSA Friendly,Black  ",$49.99
64,64 image.jpg,"Backpack for Men, Kasqo 15.6"" Laptop School Backpack Water Resistant Bookbag for Teenager Boys Kids Casual Daypack College schoolbag, Black and Camo  ",$39.99
65,65 image.jpg,LOVEVOOK Laptop Backpack For Women Men 15.6Inch Business Travel Computer Backpack With USB Charging Port Teacher Nurse Bags  ,$55.99
66,66 image.jpg,"17"" Unisex Laptop Backpack for Women and Men,School Backpack for Girls and Boys with USB Port for Work University Travel  ",$49.99
67,67 image.jpg,"Lekesky Business Laptop Backpack 17.3 Inch Travel Backpack with USB Charging Port, Computer Backpack for School College Work  ",$49.99
68,68 image.jpg,"Laptop Backpack 15.6 Inch Travel Backpack with USB Charging Port Large Waterproof Computer Backpack College Backpack for Work Business School Carry on Backpack for Men and Women, Black  ",$37.99
69,69 image.jpg,"Bseash 50L Lightweight Water Resistant Hiking Backpack,Outdoor Sport Daypack Travel Bag for Climbing Camping Touring  ",$40.99
70,70 image.jpg,RAMHORN Diaper Bag Backpack Multifunction Waterproof Travel Back Pack for Mom  ,$29.99
71,71 image.jpg,KROSER Travel Laptop Backpack Computer 15.6 Inch Work/Business/College/Men/Women  ,$36.99
72,72 image.jpg,Laptop Backpack Travel Backpack TSA Friendly Computer Backpack for Business College 17 inch Computer Backpack for Men and Women (black)  ,$31.99
73,73 image.jpg,Jueachy Tactical Backpack for Men Molle Military Rucksack Pack Waterproof Daypack 30L No USA Flag Patch  ,$39.99
74,74 image.jpg,School Backpack for Women Men College High School Bag for Boys Girls Casual Daypack Laptop Backpack Waterproof Bookbag  ,$32.99
75,75 image.jpg,Herschel Supply Co. unisex-adult Nova Mini  ,$69.99
76,76 image.jpg,40L Lightweight Hiking Backpack Water Resistant Packable Daypack Foldable Large Backpack Outdoor Sport Travel Daypack  ,$29.99
77,77 image.jpg,"G4Free Sling Bags Men Women Shoulder Backpack Small Cross Body Chest Sling Backpack Casual Daypacks for Hiking, Sightseeing  ",$24.99
78,78 image.jpg,"Laptop Backpack 15.6inch Travel Backpack for Men & Women School Backpack for Teen with USB Charging Port Waterproof Work Computer Backpack Travel Carry on Luggage Backpack for Business College, Black  ",$33.99
79,79 image.jpg,Laptop Backpack for Women Slim Computer Bag Work Travel College Backpack Purse Fits 14/15.6 Inch Notebook  ,$59.99
80,80 image.jpg,"Laptop Backpack for Women, Lightweight Mens Womens Travel Backpack for School  ",$32.99
81,81 image.jpg,"Travel Laptop Backpack, 15.6 inch Travel Laptop Backpack with USB Charging Port and Headphone Interface, Computer Backpack for College School Student Work Men & Women  ",$39.99
82,82 image.jpg,"AUGUR Laptop Backpack, Travel Hiking Computer Bag for Women & Men, Water Resistant Lightweight College School Bookbag, Slim Business Backpack w/USB Charging Port Fits 15.6-inch Notebook (Mars Black)  ",$49.99
83,83 image.jpg,BLU3 Nemo + Backpack  ,"$2,803.00"
84,84 image.jpg,HOPYOCK-Backpacks for Kids Boys School Bags for Girls Multi-Pocket Primary and Middle School Bookbags with Reflective Design  ,$36.99
85,85 image.jpg,"HOMIEE 38L Expandable Travel Laptop Backpack, Flight Approved Carry-On Luggage Backpack, 15.6 Inch Waterproof Backpack for Men and Women, Large Capacity College Backpack,Black  ",$89.99
86,86 image.jpg,G4Free 10L Hiking Backpack Small Travel Hiking Daypack Lightweight Packable Backpack Casual Foldable Shoulder Bag  ,$31.99
87,87 image.jpg,"Laptop Backpack Women 15.6 Inch Travel Backpack for Women Waterproof College School Backpack for Work Business, Black  ",$35.99
88,88 image.jpg,"High Capacity Canvas Vintage Backpack - for School Hiking Travel 12-17"" Laptop  ",$69.99
89,89 image.jpg,Laptop Backpack 17inch Large Capacity Travel Backpack Anti-Theft Waterproof School College Computer Backpack with USB Port Durable Casual Daypacks for Business Men Women  ,$35.99
90,90 image.jpg,KROSER TSA Friendly Travel Laptop Backpack Water-Repellent Daypack Business Backpack  ,$79.99
91,91 image.jpg,"Travel Laptop Backpack Large Casual College School Computer Backpack 15.6 Inch Laptop Backpack with USB Charging Port Flight Approved Carry On Backpack for Men Women, Black  ",$30.99
92,92 image.jpg,35L Outlander Packable Handy Lightweight Travel Backpack Daypack  ,$28.99
93,93 image.jpg,35L Outlander Packable Handy Lightweight Travel Backpack Daypack  ,$28.99
94,94 image.jpg,35L Outlander Packable Handy Lightweight Travel Backpack Daypack  ,$28.99
95,95 image.jpg,"Travel Backpack for Men Women Laptop Backpack 15.6 Inch Flight Approved Carry on Backpack Overnight Business College School Weekender Luggage Daypack, Black  ",$49.99
96,96 image.jpg,Roots Signature Lightweight Laptop Backpack for Kids and Adults/Boys or Girls.  ,$57.69
97,97 image.jpg,"Laptop Backpack, Business Slim Laptops Backpacks with USB Charging Port, School Computer Bag for Men Women Fits Notebook  ",$30.99
98,98 image.jpg,"Lunch Backpack, 15.6in Laptop Backpack with USB Port, Teacher Nurse Work Backpack with Cooler Bag Insulated College School Laptop Bookbag Gifts for Women Men Girls, Black  ",$69.99
99,99 image.jpg,"Laptop Backpack for Women 15.6 Inch Computer Backpack Waterproof Travel backpack Protable Carry on Backpack Lightweight School Bag Work College Business Commute Backpack with Headset Port, Black  ",$26.23
100,100 image.jpg,"Laptop Backpack for Women, Men for Travel, School, College Backpack with Padded Back, Adjustable Padded Shoulder Straps  ",$22.99
101,101 image.jpg,"Travel Laptop Backpack 15.6Inch Laptop Backpack Expandable Travel Backpack Large Laptop Backpack for Women Men Waterproof School College Daypack TSA Friendly Business Backpack, Black  ",$31.36
102,102 image.jpg,"Bekahizar 20L Lightweight Backpack, Small Hiking Daypack for Men Women  ",$15.89
103,103 image.jpg,Asenlin 45L-55L Travel Backpack for Women Men，18 Inch Laptop Backpack  ,$95.43
104,104 image.jpg,"Vaupan Laptop Backpack, Business travel Backpack with USB Charging Port, Durable Water Resistant College School Bookbag Computer Bag Gifts for Men & Women Fits 15.6 Inch Notebook (Black)  ",$23.99
105,105 image.jpg,"Lunch Backpack, 17.3 Inch Laptop Backpack with USB Charging Port 50L Travel Backpack for Men Women Work Backpack with Insulated Bag Waterproof Computer Backpack for College School Business, Black  ",$51.99
106,106 image.jpg,"17.3 Inch Travel Laptop Backpack,TSA Friendly Water Resistant Business Travel Bag for Women,Multiple Pockets Carry on Backpack with USB Port,School College Student Backpack for Women Girls,Purple  ",$42.96
107,107 image.jpg,"Travel Backpack 15.6 inch Flight Approved Carry On Luggage Backpack Expandable Laptop Backpack for Men Women Business Overnight Weekender College Backpack with USB Charging Port, Black  ",$51.99
108,108 image.jpg,"Travel Laptop Backpack, Extra Large Bookbag for Men Women,Basketball Backpack with USB Charging Port RFID Anti Theft TSA Approved,School College Student Waterproof Bag Fits 17 Inch Computer Notebook  ",$63.99
109,109 image.jpg,Travel Backpack 15.6 inch Laptop Backpack Waterproof Carry On Backpack Flight Approved Weekender Backpack for Men Women  ,$54.99
110,110 image.jpg,"Laptop Backpack 17 Inch TSA Friendly Travel Carry On Backpack for Men Women Waterproof Work College Business School Bookbag 17.3 Inch Computer Bag with USB Charging Hole, Black  ",$48.92
111,111 image.jpg,"Laptop Backpack 15.6 Inch Travel Backpack for Women Men Waterproof Computer Backpack with USB Charging Port Large Carry On Backpack for Work School, Black  ",$41.99
112,112 image.jpg,"Backpack for Men, School Backpack for Teens,17.3 inch Laptop Backpack with USB Charging port college backpack for Business  ",$41.99
113,113 image.jpg,"Tactical Backpack Waterproof Military Molle Backpack Lightweight Hiking Backpacks Daypacks for Climbing, Camping  ",$35.99
114,114 image.jpg,ATBP Foldable Backpack 35L Lightweight Backpack Waterproof Backpack Hiking Travel Camping Backpack Slim Adult Backpack  ,$19.99
115,115 image.jpg,Lightweight Bag Casual Daypack College Laptop Backpack for Men Women Travel Rucksack for Sports High School Middle Book bag  ,$23.99
116,116 image.jpg,"weiatas Black Leather Laptop Backpack for Men Women School College Bookbag for Student Computer Rucksack for Work Fits 15.6 Inch Laptop, Leather Black, Rucksack Backpacks  ",$39.99
117,117 image.jpg,"Taertii Genuine Leather Backpack For Men Vintage 17.3 inch Laptop Bag Large Capacity Business Travel Hiking Overnight Shoulder Daypacks 36L, Brown, Large, Travel Backpacks  ",$199.99
118,118 image.jpg,"AKUTIAN Lightweight Laptop Backpack for Women 15.6 inch and Men School Book Bag for College Waterproof Casual Daypack for Travel, Sport, Work and School, Black  ",$35.99
119,119 image.jpg,Laptop Backpack 15.6 inch Waterproof Travel Backpack for Men and Women Anti Theft Backpacks with USB Charging Port Large TSA Computer Backpack for Work School Black  ,$43.99
120,120 image.jpg,"Makukke School Backpacks for Teen Girls - Cute Anime Kids Bookbag Women Casual Daypack, New-beige,  ",$52.99
121,121 image.jpg,"Laptop Backpack Women,Backpack Men School Backpack Teenagers,Computer Backpack College Backpack Daypack for Boys and Girls with USB Charging Port  ",$34.99
122,122 image.jpg,"KAKA travel Laptop backpack,canvas rucksack duffel bag laptop weekender travel carry on bags for men,mens canvas rucksack laptop backpack fit 15.6'' Notebook with hidden shoulder strap,Green  ",$65.99
123,123 image.jpg,"Mini Tactical Backpack, 6L Small Sling Backpacks Shoulder Bag For Running Travel Daypack with Carabiner For Men Women (Green)  ",$30.99
124,124 image.jpg,Laptop Backpack 17 inch Travel Backpack Water Resistant Flight Approved Carry on Backpack for Men Women with USB Charging Port Business Work College Backpack 40L Black  ,$45.89
125,125 image.jpg,"BANGE Business Smart Backpack Waterproof fit 15.6 Inch Laptop Backpack with USB Charging Port,Travel Durable Backpack  ",$119.77
126,126 image.jpg,"Rolltop Backpack, Roll Top Rucksack Resistant Laptop Backpacks for School University Work, Fits Laptop, Black  ",$55.99
127,127 image.jpg,"Travel Laptop Backpack for Women Fits 14 Inch Notebook Work Business Slim Durable College Computer Bag, Gift for Girls Women  ",$53.99
128,128 image.jpg,"Laptop Backpack 15.6 inch Waterproof Travel Backpack Expandable Large Backpack for Men Women Business College Computer Bag with USB Charging Port, 35L Black  ",$48.99
129,129 image.jpg,"Laptop Backpack 17.3 Inch Travel Backpack for Men Women with USB Charging Port and Headphone Jack Waterproof Computer Backpack TSA Friendly Carry-On Backpack for Work Business College School, Black  ",$45.99
130,130 image.jpg,"15.6inch Laptop Backpack, Large Travel Backpack with USB Charging Port and Headphone Hole for Men and Women  ",$38.99
131,131 image.jpg,G4Free 20L Lightweight Packable Backpack Foldable Travel Hiking Daypack for Men and Women  ,$28.99
132,132 image.jpg,Night Cat Tactical Backpack for Men Military Molle Rucksack Pack Waterproof Daypack 30L with Removable USA Flag Patch  ,$47.99
133,133 image.jpg,"Laptop Backpack 15.6 Inch TSA Friendly Waterproof Carry On Travel Backpack for Men Women with USB Charging Port College High School Backpack for Teens Boys Business Bookbag, Black  ",$37.99
134,134 image.jpg,"25L Ultralight Packable Backpack - Small Foldable Hiking Backpacks Water Resistant for Camping Outdoor Hiking,By ZOMAKE  ",$28.79
135,135 image.jpg,RAMHORN Laptop School Backpack 26L Waterproof Business Travel Bag Men Women College BackPack for Hiking Camping  ,$19.99
136,136 image.jpg,"Targus Rolling Laptop Bag for Business, College, and Travel - Wheeled, Durable Material, Padded Protection  ",$99.99
137,137 image.jpg,Taertii Mens Full Grain Genuine Leather 15.6 Laptop Backpack Large Capacity Weekender Overnight Camping Travel Rucksack  ,$235.12
138,138 image.jpg,EKUIZAI Elementary Trolley Backpack Primary School Rolling Daypack Carry-on Luggage BookBag with Wheels  ,$56.99
139,139 image.jpg,"TurnWay Waterproof Lightweight 16” Laptop Backpack/School Daypack for Travel, College, School, Sport, Men and Women, Youth (Grey)  ",$39.99
140,140 image.jpg,"Travelon 43207 500 Anti-Theft Packable Backpack, Black, One Size  ",$66.90
141,141 image.jpg,"Laptop Backpack for Women Computer Bag Fits 14” Notebook Work Travel Business College Backpacks, Gift for Girls Women  ",$61.99
142,142 image.jpg,"Laptop Backpack Women 15.6 Inch Travel Backpack for Women Waterproof College School Backpack for Work Business,Pink  ",$35.99
143,143 image.jpg,"Business Smart Professional Lightweight Backpack, Extra Large 40L Flight Approved Water Resistant Durable 17-inch Laptop Backpacks  ",$109.99
144,144 image.jpg,"Anti-Theft Business Backpack with USB Charging Port & Lock/Light-Weight Laptop Backpack/Water-Resistant for Student, Men & Women - Gray  ",$39.50
145,145 image.jpg,"Anti-Theft Business Backpack with USB Charging Port & Lock/Light-Weight Laptop Backpack/Water-Resistant for Student, Men & Women - Gray  ",$39.50
146,146 image.jpg,"Anti-Theft Business Backpack with USB Charging Port & Lock/Light-Weight Laptop Backpack/Water-Resistant for Student, Men & Women - Gray  ",$39.50
147,147 image.jpg,G4Free Lightweight Packable Shoulder Backpack Hiking Daypacks Small Casual Foldable Outdoor Bag 11L  ,$28.99
148,148 image.jpg,"Travel Backpack for Women, Carry On Backpack Men Flight Approved Anti-Theft Casual Daypack Laptop Backpack College School Bag  ",$43.99
149,149 image.jpg,Laptop Backpack for Men and Women with 17.3inch Computer Compartment Travel Laptop Backpack Water Resistant Backpacks with USB Charging Port-Black  ,$34.99
150,150 image.jpg,"Laptop Backpack,Vaschy Water Resistant 15.6in Computer Backpack for Men & Women School Bookbag for Business College Travel ,Black  ",$49.99
151,151 image.jpg,Travel Backpack for Men Women College Hiking Camping Waterproof Rucksack Large Lightweight Outdoor Daypack Black  ,$33.99
152,152 image.jpg,SYKT Backpack Purse for Women Fashion School PU Leather Purse and Hangbags Shoulder Bags  ,$41.99
153,153 image.jpg,GUBKNWX Business Laptop Backpack Travel Backpack - School Backpack with 15.6 inch Computer Compartment & USB Charging Port  ,$28.99
154,154 image.jpg,"Backpack for Girls Women, Teens School Bags Bookbags Ladies Laptop Backpacks  ",$49.99
155,155 image.jpg,"Girls Backpack, VASCHY Water Resistant Fashion Floral 15.6 inch Laptop School Bookbag for Women Casual Daypack Travel Rucksack with Padded Laptop Sleeve (Pink Unicorn)  ",$42.99
156,156 image.jpg,"Lenovo Canada Laptop Backpack B210, Fits for 15.6-Inch Laptop and Tablet, Sleek for Travel, GX40Q17226  ",$28.29
157,157 image.jpg,"Laptop Backpack, Kasqo 15.6 Inch Water Resistant Lightweight College School Bookbag Carry On Casual Travel Daypack for Women Men, Grey And Green  ",$38.99
158,158 image.jpg,"Packable Hiking Backpack Water Resistant 35L - Lightweight Foldable Backpacks Daypack for Outdoor Hiking Women Men,by ZOMAKE  ",$29.79
159,159 image.jpg,"SWISSGEAR SWA2713 carry-on anti-theft backpack, with rain and dirt cover for 15.6"" laptops and tablets , Black  ",$119.99
160,160 image.jpg,"SKYSPER Small Hiking Backpack, 20L Lightweight Travel Backpacks Waterproof Hiking Daypack for Women Men  ",$52.95
161,161 image.jpg,KROSER Laptop Backpack 15.6 Inch Laptop Computer Backpack with USB Charging Port Water-Repellent Travel Business Bag College School Casual Daypack for Men/Women-Grey  ,$43.99
162,162 image.jpg,Laptop Backpack Anti Theft Slim Travel Backpack for Women Water Resistant College Bookbag Fits 15 Inch Thin Notebook  ,$42.39
163,163 image.jpg,"Travel Laptop Backpack, 17 Inch Extra Large College School Bookbag,RFID Anti Theft Slim Business Airplane Approve Laptops Backpack with USB Charging Port, Computer Bag for Women Men Fits Notebook  ",$57.98
164,164 image.jpg,"Laptop Backpack for Women 15.6 Inch Computer Backpack Waterproof Travel backpack Protable Carry on Backpack Lightweight School Bag Work College Business Commute Backpack with Headset Port, Pink  ",$31.33
165,165 image.jpg,"MATEIN Extra Large Backpack, 17 Inch Travel Laptop Backpack with USB Charging Port, Anti Theft TSA Friendly Business Work School Bookbag for Men Women  ",$59.88
166,166 image.jpg,Koolehaoda Vintage Canvas Backpack Leather Rucksack Knapsack Unisex Casual Backpack 17inch Laptop Backpack Hiking Bag(L-Army Green)  ,$55.86
167,167 image.jpg,KROSER Travel Laptop Backpack Heavy Duty Computer Backpack…  ,$65.99
168,168 image.jpg,"80L Camping Travel Backpack, Large Capacity Hiking Daypack for Outdoor Climbing Camping Touring Hunting Sports Gear Luggage  ",$25.99
169,169 image.jpg,"35L Packable Hiking Backpack Water Resistant - Lightweight Foldable Backpacks Daypack for Outdoor Hiking Women Men,by ZOMAKE  ",$26.89
170,170 image.jpg,"JIANLINST Backpack for Girls, Waterproof Laptop Backpack School Bookbags Lightweight Casual Daypack Travel Rucksack  ",$31.98
171,171 image.jpg,Travel Laptop Backpack for Men 15.6 inch 35L laptop backpack Expandable with USB Charging port Water Resistant Carry On Luggage College School Backpack Black  ,$39.99
172,172 image.jpg,Casual Backpack Laptop 15.6 Inch Waterproof School Computer Bag with USB Charging Port  ,$39.99
173,173 image.jpg,"K&F Concept Camera Backpack, Camera bags for photographers Large Capacity Camera Case with Raincover,15-15.6 Inch Laptop Compartment Compatible for Canon/Nikon/Sony/DJI Mavic Drone(Beta Backpack 20L)  ",$122.39
174,174 image.jpg,"Fuyicat Laptop Backpack for Women Men Travel Business Work, Girls Boys School Backpack College Bookbag Fit 15.6 Inch Notebook  ",$55.99
175,175 image.jpg,"YAMTION Backpack Men and Women, School Backpack Boys Teenagers School Bag Girls with 15.6"" Laptop Compartment & USB Charging Port for University Business City Trip  ",$44.99
176,176 image.jpg,"E-TING 4 Pcs Multicolor Anti-Scratch Case for AirTag,Holder with Keychain Hanging on Dog Collar Backpacks Wallet, Safety Anti-Lost Airtag Case Cover with Key Ring  ",$11.99
177,177 image.jpg,Laptop Backpacks 16 Inch School Bag College Backpack Large Travel Daypack Kawaii Bookbags for Teens Girls Women Students  ,$53.98
178,178 image.jpg,"Travel Backpack for Women, Flight Approved Carry on Backpack, Waterproof Outdoor Sports Rucksack, Casual Daypack School Bag  ",$44.99
179,179 image.jpg,"Sling Bag for Men Women, Luckit Crossbody Backpack Waterproof Chest Bag Daypack with Headphone Hole for Hiking Travel  ",$25.99
180,180 image.jpg,AmazonBasics Carry-On Travel Backpack  ,$72.28
181,181 image.jpg,"Travel Backpack for Men Women Laptop Backpack 15.6 Inch Waterproof Backpack for School Carry On Luggage Backpack Flight Approved Work College Computer Backpack,Black  ",$36.99
182,182 image.jpg,PUMA mens Evercat Contender 3.0 Backpack  ,$32.11
183,183 image.jpg,"Boys' backpack School Backpack,Stylish backpack with USB port.Laptop Backpack can hold 15.6in Notebook  ",$36.00
184,184 image.jpg,"Laptop Backpack School Bag Women Daypack Fits 15.6 Inch Laptop with USB Port for Women and Men, Girls and Boys Teenagers  ",$24.99
185,185 image.jpg,"Laptop Backpack for Women,School Backpack bookbag for Women/Girls Business College Travel  ",$45.99
186,186 image.jpg,UTO Women Backpack Purse PU Washed Leather Convertible Ladies Rucksack Tassel Zipper Pocket Crossbody Shoulder Bag CA  ,$56.99
187,187 image.jpg,Laptop Backpack for Women Fits 15 Inch Notebook Casual Daypack Purse Work Travel College School Bag  ,$58.99
188,188 image.jpg,"17inch Laptop Backpack, Large Waterproof Travel Backpack with USB Charging Port and Headphone Hole for Men and Women, TSA Friendly Carry On Luggage Backpack for Business College, Red  ",$40.79
189,189 image.jpg,"LHI Military Tactical Backpack, 45L Army Molle Pack, Large Daypack, 3 Days Assault Rucksack for Hiking, Camping, Hunting  ",$52.99
190,190 image.jpg,Travel Backpack for Women Man Hiking Backpack Waterproof Outdoor Sports Rucksack Casual Daypack Fit 17 Inch Laptop  ,$65.99
191,191 image.jpg,"Vaupan Laptop Backpack, Business Travel Backpack with USB Charging Port, Durable Water Resistant College School Bookbag Computer Bag Gifts for Men & Women Fits 15.6 Inch Notebook (Black)  ",$33.99
192,192 image.jpg,"Carhartt unisex-adult 23l Single-compartment Backpack, Durable Pack With Laptop Sleeve and Duravax Abrasion Resistant Base  ",$114.54
193,193 image.jpg,"AKOZLIN Lightweight School Backpack College Book Bag Water-resistant Casual Backpack for Men, Women, Teenagers  ",$26.48
194,194 image.jpg,"17.3 Laptop Backpack for Men, Extra Large Travel Backpack with Rain Cover, TSA Friendly Flight Approved with RFID Anti Theft Pocket and USB Charger Port, Water Resistant College High School Bookbag  ",$61.99
195,195 image.jpg,Starry Sky Laptop Backpack Travel Student Backpack with USB Charging Port 15.6/14 Inch Computer Knapsack for Women  ,$30.99
196,196 image.jpg,"BAGSMART 15.6 inches Laptop Backpack Stylish Fashion Backpacks Waterproof Travel School Bag for Business, Travel  ",$57.07
197,197 image.jpg,Asenlin Laptop Backpack 14 Inch Stylish Water Resistant School Computer Backpack  ,$35.99
198,198 image.jpg,"TOMULE 40L Camping Hiking Daypacks, Waterproof Packable Casual Travel Backpack  ",$35.99
199,199 image.jpg,CLUCI Laptop Backpack for Women Men 15.6 Inch Computer Bags Large Travel Business Work Bookbag with USB Port  ,$69.99
200,200 image.jpg,"17 Inch Travel Laptop Backpack Large Waterproof Computer Backpack for Men Women TSA Friendly College Work Business Backpack for 17.3 Inch Laptop, Blue  ",$55.99
201,201 image.jpg,"Jranter Travel Laptop Backpack Business Work College School Computer Bag with USB Charging Port, Gifts for Men  ",$49.99
202,202 image.jpg,"U-Vathing Clear Backpacks with Clear Purse, PVC Transparent Backpacks with Inner Pocket Adjustable Strap for Concerts, Sporting Event and Security Check  ",$12.99
203,203 image.jpg,"KAKA Travel Backpack,Durable Duffle Bag Hiking Daypack Canvas Laptop Backpack for Men and Women  ",$97.99
204,204 image.jpg,Mardingtop Tactical Backpacks Molle Hiking daypacks for Motorcycle Camping Hiking Military Traveling  ,$62.99
205,205 image.jpg,JANSPORT Unisex-Adult Cool Student  ,$93.01
206,206 image.jpg,KROSER Laptop Backpack 15.6 Inch for Travel/Business/College/Women/Men (Flower)  ,$45.99
207,207 image.jpg,"Kids Backpacks For Teen Girls With USB Port, cute black backpack Can Hold 15.6in Notebook  ",$40.00
208,208 image.jpg,JinJuKPOP Backpack Casual Backpack Daypack Laptop Bag College Bag School Bag Girls Bag Women Bag  ,$49.99
209,209 image.jpg,"Rickyh style School Backpack Travel Bag for Men & Women Lightweight College Back Pack with Laptop Compartmen, 04 Triangle Color,  ",$21.76
210,210 image.jpg,"Kenneth Cole REACTION womens Women's Chevron Quilted Polyester Twill 15.6"" Laptop Backpack  ",$80.27
211,211 image.jpg,Wenger SA1537 Grey Backpack by SwissGear with Padded Sleeve for Laptops (SA1537 Grey)  ,$89.60
212,212 image.jpg,Drawstring Backpack Soccer Basketball Backpack with Shoe & Ball Compartment and Wet Pocket String Gym Bag Sackpack for Men Women Kids  ,$26.99
213,213 image.jpg,"TurnWay Waterproof 16” Laptop Backpack/Computer Daypack with USB Charging Port for Business, Travel, College, Men and Women (Deep Blue)  ",$48.99
214,214 image.jpg,BMVMB Women Backpack Nylon Shoulder Bag Casual Lightweight Backpacks Rucksack Daypack for Women Girl  ,$36.99
215,215 image.jpg,Laptop Backpack Bookbag for School College Travel Student Backpack Fit Laptop Up to 15.6 inch with USB Charging Port  ,$45.99
216,216 image.jpg,"BANGE Sling Bag, Waterproof Men's Chest Bag Shoulder bags Crossbody Sling Backpack for Men  ",$42.99
217,217 image.jpg,WATERFLY Sling Bag Sling Backpack Crossbody Shoulder Bag for Men Women Traveling Cycling Hiking Daypack  ,$39.09
218,218 image.jpg,"E-TING 4 Pcs Anti-Scratch Case for AirTag,Holder with Keychain Hanging on Dog Collar Backpacks Wallet  ",$11.99
219,219 image.jpg,Corduroy School Backpacks for Women Men - Vintage School Bookbag Travel Laptop Backpack Casual Daypack for College  ,$51.99
220,220 image.jpg,"OMOUBOI Anti-Theft Business Laptop Backpack Water-Resistant 15.6"" Computer Backpack  ",$45.99
221,221 image.jpg,"Canvas Vintage Backpack for Men Women,Travel Laptop Backpack ,School College Backpack Book Bag Sport Casual Rucksack  ",$42.99
222,222 image.jpg,"KiddyCare Diaper Bag Backpack – Multi-Function Baby Bag, Maternity Nappy Bags for Travel  ",$34.95
223,223 image.jpg,"Tzowla Canvas Laptop Backpack, Bag for Men Women,School Travel College Work Rucksack Fits 15.6 Inch Laptop, Bookbag with USB Charging Port-Khaki-Grey  ",$71.99
224,224 image.jpg,Laptop Backpack Bookbag School College Student Travel Anti Theft Backpack Fit Laptop up to 15.6 inch with USB Charging Port  ,$48.99
225,225 image.jpg,"Leather Laptop Backpack for Men Wowen, School College Bookbag Casual Travel Daypack  ",$49.94
226,226 image.jpg,"Puma Challenger Backpack Fully Padded, 15” Laptop Pocket Black  ",$49.99
227,227 image.jpg,BROMEN Women Backpack Purse Leather Anti-theft Travel Backpack Fashion Shoulder Handbag Brown  ,$64.99
228,228 image.jpg,"MAH Travel Laptop Backpack, 15.6 Inch Casual Daypack for Men Women, Water Resistant Business College Bookbag  ",$56.78
229,229 image.jpg,40L Travel Backpack，Carry on Backpack 17.3 inch Laptop Backpack for Men  ,$89.99
230,230 image.jpg,Endurax Canvas Camera Backpack Bag for Photographers DSLR Backpacks fit up to 15.6 Laptop Rain Cover Included  ,$69.99
231,231 image.jpg,"Small Size 20L Outdoor Hiking Backpack, Lightweight Water Resistant Travel Daypack for Children Girls Boys Cycling Riding  ",$27.99
232,232 image.jpg,"HOMIEE 50L Hiking Travel Camping Backpack for Outdoor, Waterproof Lightweight  ",$60.99
233,233 image.jpg,Lightweight Hiking Backpack Packable Water-resistant Camping Backpack Daypack Foldable  ,$21.99
234,234 image.jpg,"VSNOON Travel Laptop Backpack Women, 15.6 inch College School Bookbag, Water Resistant Work Backpack with USB Charging Port, Large Capacity Teacher Nurse Bags Casual Daypacks for School, Off White  ",$59.88
235,235 image.jpg,"Toddler Backpack for Boys, 12"" Dinosaur Preschool Kids Bookbag, Cute Animal Kindergarten Schoolbag  ",$25.99
236,236 image.jpg,"Hiking Backpack,20L Sports Lightweight Folding Waterproof Ultra-Light Backpack Suitable For Outdoor Camping Picnic  ",$21.99
237,237 image.jpg,"Puma - Challenger 19"" Backpack Fully Padded, Fits 15” Laptop, Red  ",$54.97
238,238 image.jpg,"Travel Laptop Backpack Water Resistant Anti-Theft Bag with USB Charging Port and Lock 17.3 Inch Computer Business Backpacks for Women Men College School Student Gift,Bookbag Casual Hiking Daypack  ",$58.95
239,239 image.jpg,Gkaikpe Crossbody Sling Backpacks Sling Bag for Men Hiking Daypack with USB Charger Port/Earphone Hole Shoulder Backpack…  ,$24.99
240,240 image.jpg,"Hiking backpack, folding ultra-light 20L waterproof sports storage lightweight backpack for outdoor cycling camping picnics  ",$16.99
241,241 image.jpg,Laptop Backpack 18 Inch Water-Resistant Anti-Theft Casual Daypack School Bag College Bag Travel Backpack Hiking Bag Men Women  ,$24.99
242,242 image.jpg,"LOCALLION Hiking Baypack, 20/30L Cycling Backpacks Bike Backpack Daypacks for Skiing Camping Travelling  ",$42.99
243,243 image.jpg,"Skip Hop Toddler Backpack, 12"" School Bag, Dinosaur  ",$30.00
244,244 image.jpg,"Laptop Backpack 15.6inch Travel Backpack Anti Theft Laptop Backpack Business Computer Backpack Large Capacity Laptop Bag with USB Charging Port Water Resistant Backpack for Work School College, Grey  ",$31.99
245,245 image.jpg,60L Waterproof Hiking Backpack Camping Travel Hiking Hunting with Rain Cover (Dark Blue)  ,$52.99
246,246 image.jpg,Hiking Backpack 20/30/35L Lightweight Travel Waterproof Backpacks Cycling  ,$39.99
247,247 image.jpg,"Backpack with Lunch Box and Pencil Case for Girls and Boys, 17 Inch Backpacks for Kids for School  ",$19.99
248,248 image.jpg,"Mini Backpack Purse for Women Girls, Waterproof Lightweight Dual-use Travel Daily Daypack  ",$28.79
249,249 image.jpg,"Skip Hop Toddler Backpack, Zoo Preschool Ages 2-4, Koala  ",$30.00
250,250 image.jpg,15.6inch Laptop Backpack for Women Daypack  ,$48.88
251,251 image.jpg,Laptop Backpack for Women Top-Handle Computer Bag Work Travel College Backpack Purse Fits 14 Inch Notebook  ,$58.99
252,252 image.jpg,"Carhartt unisex-adult Essentials Backpack With 15-inch Laptop Sleeve for Travel, Work and School  ",$79.71
253,253 image.jpg,G4Free Mini 10L Hiking Daypack Small Hiking Backpack Cycling Compact Shoulder Backpack Outdoor for Men Women  ,$36.99
254,254 image.jpg,"Bseash 10L Small Size Waterproof Kids Sport Backpack,Miniature Outdoor Hiking Traveling Daypack,for Girls Boys Under 4 feet  ",$23.99
255,255 image.jpg,"Travel Backpack,Flight Approved Carry On Backpack for International Travel Bag, Water Resistant Durable 15.6 inch Laptop Backpacks,Large Daypack Business Weekender Luggage Backpack for Men Women, Black, 45cm*33cm*11cm, Laptop Backpack  ",$85.49
256,256 image.jpg,"Shoulder Camera Bag Cwatcun Water Resistant Sling Camera Bag for Nikon Canon Sony Pentax Olympus Panasonic Samsung & Many More SLR DSLR and Photography Accessories (Small, 1.0 Black)  ",$29.99
257,257 image.jpg,NIID R1 Sling Bag Multipurpose Shoulder Bag Waterproof Messenger Bag Anti-Theft Crossbody Bag for Travel Work  ,$169.49
258,258 image.jpg,Canvas Vintage Backpack – Large Casual Daypack Outdoor Travel Rucksack Hiking Backpacks Shoulder Bag for Men Women  ,$49.99
259,259 image.jpg,Geometric Lingge Luminous Women Backpack Purse Holographic Reflective Flash Colorful Daypacks  ,$45.99
260,260 image.jpg,KROSER Travel Laptop Backpack 17 Inch Large Computer Backpack Stylish College Backpack with USB Charging Port & RFID Pockets Water-Repellent Day pack for School/Business/Men/Women-Black  ,$55.99
261,261 image.jpg,"Backpack for Men,VASCHY Water-Resistant Classic Lightweight Unisex School Casual Daypack Travel Rucksack Fits 15inch Laptop with Water Bottle Pockets Gray  ",$44.99
262,262 image.jpg,Herschel Supply Co. unisex-adult Classic Backpack  ,$75.00
263,263 image.jpg,"iCasso Laptop Bag 13-13.3 inch,Laptop Carrying Case with Shoulder Strap,Multi-functional Notebook Sleeve,Protective Messenger Handbag Briefcase Compatible with Acer/Asus/Lenovo/HP/Mac/Dell - Bee  ",$33.99
264,264 image.jpg,60L Hiking Backpack Waterproof Travel Fishing Climbing Camping Hiking Daypack  ,$49.99
265,265 image.jpg,Joyloading Black College Cute Cat Embroidery Canvas School Laptop Backpack Bags Kids Japanese Cartoon Kitty Paw Schoolbag  ,$33.80
266,266 image.jpg,Travelpro unisex-adult Travelpro Crew Executive Choice 3 Medium Top Load Backpack  ,$183.52
267,267 image.jpg,"Hiking Backpack, 40L+10L Expandable Travel Backpack Flight Approved, Camping, Travel Backpack For Men and Women  ",$46.32
268,268 image.jpg,WindTook Laptop Backpack for Women and Men Travel Computer Bag School College  ,$59.99
269,269 image.jpg,"Laptop Backpack 15.6 Inch Travel Backpack for Women, Waterproof Computer Rucksack School Teacher Nurse Backpack with USB  ",$35.99
270,270 image.jpg,"Targus 15.6"" City Fusion Everyday Backpack, Black (TBB629GL)  ",$62.99
271,271 image.jpg,TELOSPORTS Vintage Canvas Fits 15.6 Inch Laptop Casual Bookbags Business Computer Bag Rucksack for Men Women Green  ,$55.99
272,272 image.jpg,"Skip Hop Toddler Leash and Harness Backpack, Dino  ",$25.98
273,273 image.jpg,Laptop Backpack for Women Travel Computer Bag School College Daypack with USB Charging Port 15 Inch Notebook WindTook  ,$59.99
274,274 image.jpg,Crossbody Sling Backpacks Sling Bag for Men Women Shoulder Backpack Chest Bags with USB Charger Port Daypack for Hiking  ,$15.99
275,275 image.jpg,"ZOMFELT Carry On Backpack, Travel Backpack for Men, 45L Flight Approved backpack with 3 Portable Packing Bags, 17.3 Inch Laptop Backpack, College Daypack, Water Resistant Business Weekender Bag  ",$96.04
276,276 image.jpg,"Backpack for Women Girls, YANAIER Cute Floral Waterproof School Bookbag Laptop Backpack Hiking Travel Daypack Black triangle  ",$36.98
277,277 image.jpg,"LOVEVOOK Laptop Backpack for Women, Travel Work Anti-Theft Bag  ",$63.27
278,278 image.jpg,VANKEAN Laptop Backpack 15.6-16.2 Inch School Backpack Water Proof for Men / Women  ,$77.58
279,279 image.jpg,"The North Face Jester School Laptop Backpack, TNF Black, One Size  ",$84.95
280,280 image.jpg,Vintage Canvas Backpack Rucksack for Travel and School Men Women Daypack  ,$33.01
281,281 image.jpg,"2 Pack Clear Backpack 12x12x6 Stadium Approved,Heavy Duty Plastic Transparent Backpacks with 2 Water Holders for Stadium Backpack,Waterproof PVC Backpacks for Student School Concert Security Travel, Clear, Concert Permission  ",$24.00
282,282 image.jpg,"LONECONE Backpacks for Boys & Girls, Sizes for Preschool, Elementary & Toddlers  ",$41.71
283,283 image.jpg,AmazonBasics Premium Backpack  ,$60.46
284,284 image.jpg,"Laptop Backpack for Women,VASCHY 15.6inch Vintage School Backpack for Teens Girls Bookbag Daypack,Water Resistant School Bag Rucksack for College Travel Work Business Khaki  ",$40.99
285,285 image.jpg,Bentgo Kids Prints 2-in-1 Backpack & Insulated Lunch Bag (Rocket)  ,$44.99
286,286 image.jpg,ITHWIU Military Tactical Outdoor Hiking Expandable Large Capacity  ,$39.99
287,287 image.jpg,"Roots Backpack 4 Piece School Set Including The Signature Laptop Backpack, Lunch Bag, Ice Pack and Pencil Case Made of Water Resistant and Recycled Fabrics – RTS4916 Blue Navy Backpack Set- 34L  ",$84.33
288,288 image.jpg,"Laptop Backpack for Women, BAGSMART Travel Backpacks 15.6 Inch Notebook Doctor Back pack  ",$56.41
289,289 image.jpg,Genuine Leather Backpack Purse Casual Daypack Fashion Shoulder Bag Anti-theft Rucksack Satchel Bag for Travelling Shopping School Backpack Gift for Wife Ladies Women Schoolbag(BL07)  ,$49.99
290,290 image.jpg,"Slim & Expandable Laptop Backpack 15.6 Inch Business Backpack with USB Port, Waterproof Anti-Theft Travel Backpack Daypack Bookbag for Men and Women -Black&Red  ",$89.99
291,291 image.jpg,"MoKo Womens Gym Backpack, Large Travel Backpack with Shoe Compartment Sports Bag with Wet Pockets 15.6 Inch Laptop Backpack Water Resistant Anti Theft School Bookbag for Women Girls Gifts, Pink  ",$49.99
292,292 image.jpg,OIWAS 17 Inch Laptop Backpack With Large Compartment Business Backpack For Men Women Teens (Black)  ,$42.99
293,293 image.jpg,DOLIROX Anime Luminous Backpack Boys Girls Outdoor Backpack Daypack Unisex Shoulder School Bag Laptop Bag (Star Blue)  ,$34.98
294,294 image.jpg,AUDEFU Camera Clip Capture Camera Clip for Backpack Strap DSLR Quick Release System Holder Clip Backpack Carry Camera Strap Mount… U.S.A Patent Design  ,$79.09
295,295 image.jpg,"tomtoc Tablet Sleeve Bag for 12.9-inch New iPad Pro 2021-2018 with Magic Keyboard and Smart Keyboard Folio or Logitech Slim Folio Pro Case, Front Pocket for Tablet Accessories  ",$31.99
296,296 image.jpg,The North Face Women's Vault Backpack  ,$89.95
297,297 image.jpg,"Skip Hop Toddler Backpack, 12"" School Bag, Unicorn  ",$29.99
298,298 image.jpg,YANAIER Women Leather Backpack Purse Anti-Theft Mini Backpack Casual Waterproof Small Daypack for Girls Black  ,$37.99
299,299 image.jpg,"Clear Backpack, Heavy Duty Transparent Bookbag  ",$29.99
300,300 image.jpg,SHRRADOO Anti Theft Laptop Backpack Travel Backpacks Bookbag with usb Charging Port for Women & Men School College Students Backpack Fits 17 Inch Laptop Purple  ,$56.47
301,301 image.jpg,"BAGSMART Laptop Backpack for Women, Travel Backpack Fits 17.3 Inch Computer Bookbags Back Pack School College Work Business  ",$71.54
302,302 image.jpg,"Neeyoo Durable Backpacks, Laptop Bags, Business Outdoor Backpacks, Large Capacity Travel Bags, Casual Student Backpacks.  ",$30.88
303,303 image.jpg,OIWAS 17 Inch Laptop Backpack With Large Compartment Business Backpack For Men Women Teens (Grey)  ,$42.99
304,304 image.jpg,"Bseash 60L Waterproof Lightweight Hiking Backpack with Rain Cover, Outdoor Sport Travel Daypack for Climbing Camping Touring  ",$54.99
305,305 image.jpg,CLUCI Women Backpack Purse Fashion Leather Large Designer Travel Bag Ladies Shoulder Bags  ,$55.99
306,306 image.jpg,"Laptop Backpack, 15.6 Inch Black Safety Protect Laptop Tablet Backpack with USB Charging Port, Durable Water-Repellent Lightweight Casual Backpack for Men Women Travel Business Office Student College, Black, 15.6 inch, Causual, Business  ",$49.99
307,307 image.jpg,"Rolling Backpack, Waterproof Backpack with Wheels for Business, College Student and Travel Commuter, Carry on Backpack with Laptop Compartment, Fit 15.6 Inch Laptop, Wheeled Backpack for Women Men  ",$180.99
