ID,Image,Title,Price
1,1 image.jpg,Women Beanie Bonnet Y2k Beanies Women's Cap Winter for Women Hats Accessories  ,$25.18
2,2 image.jpg,Winter Beanies Wholesale Bulk Cold Weather Unisex Hat (One Size Fits All)  ,$71.76
3,3 image.jpg,Custom Beanie Hat Personalized Text & Photo & Logo Knit Cuffed Beanie for Men Women  ,$13.99
4,4 image.jpg,"9"" Multifunctional Lightweight Beanies Hats for Men Women Running Skull Cap Helmet Liner Sleep Caps  ",$13.49
5,5 image.jpg,Unisex Beanie Cuffed  ,$24.99
6,6 image.jpg,"6 Pieces Trawler Beanie Watch Hat Roll up Edge Skullcap Fisherman Beanie Unisex, Multicoloured, 17 x 20 cm/ 6.69 x 7.87 inches  ",$24.99
7,7 image.jpg,"4 Pack Slouchy Beanie Knitted Hats for Men Women Winter, Soft Unisex Head Warmer Ribbed Skull Cap  ",$19.99
8,8 image.jpg,Mens Knit Cuffed Beanie  ,$28.99
9,9 image.jpg,Classic Men's Warm Winter Hats Acrylic Knit Cuff Beanie Cap Daily Beanie Hat  ,$13.48
10,10 image.jpg,"3 Pack Wool Fisherman Beanies for Men, Short Knit Watch Cap Cuffed Trawler Hats  ",$25.99
11,11 image.jpg,Everyday Slouchy Beanies for All Seasons- 2 Pack  ,$22.99
12,12 image.jpg,"9 Pieces Winter Beanie Hats Trawler Short Beanie Watch Hat Warm Knit Fisherman Skull Cap for Men Women, 9 Colors  ",$26.40
13,13 image.jpg,Mens Acrylic Cuffed Beanie Hat  ,$25.00
14,14 image.jpg,Beanie for Men Women Acrylic Knit Cuffed Slouchy Men's Daily Warm Hat Toque Unisex Gifts for Men Women Boyfriend Him  ,$19.99
15,15 image.jpg,Mens Knit Beanie  ,$28.99
16,16 image.jpg,"Winter Beanie Hats for Men and Women,Stretchy Daily Knit Hat,Gifts for Dad Mom  ",$16.14
17,17 image.jpg,Slouchy Beanie Hats Winter Knitted Caps Soft Warm Ski Hat Unisex  ,$16.88
18,18 image.jpg,Mens Elmer Beanie  ,$26.75
19,19 image.jpg,Men's Acrylic Watch Hat  ,$28.99
20,20 image.jpg,Beanie Hat with Light Unisex LED Beanie Hat with Light USB Rechargeable Running Hat Alpine Cap Gift for Men and Women Teens  ,$16.49
21,21 image.jpg,Acrylic Watch Hat Knit Hat Warm Skull Cap Winter Beanie Hat Cuff Beanie Stocking Cap Women Knitted Hat  ,$9.99
22,22 image.jpg,"Softshell Winter Fleece Lined Beanie Hats, 9"" Warm Running Skull Cap Thermal Sports Watch Cap Men Women  ",$16.49
23,23 image.jpg,Oversize Baggy Slouch Beanie Large Slouchy Skullcap Winter Summer Hat  ,$21.88
24,24 image.jpg,Embroidered Toque Beanie Hat Unisex Knitted Skull Cap Double Layer Winter Hats  ,$15.99
25,,,
26,,,
27,27 image.jpg,"Merino Wool Beanie, Soft, Stretchable & Breathable Knit Hat for Men & Women  ",$37.95
28,28 image.jpg,Trendy Warm Chunky Soft Stretch Cable Knit Beanie Skully  ,$16.27
29,29 image.jpg,Koloa Surf - Slouchy Beanie in 10 Colors  ,$49.99
30,30 image.jpg,"Knit Beanie Winter Hats for Men and Women - Warm, Soft & Stretchy Daily Ribbed Toboggan Cap for Cold Weather  ",$49.69
31,31 image.jpg,Winter Daily Beanie Stocking Hat and Thermal Neck Warmer Men and Women  ,$20.98
32,32 image.jpg,Mens Trefoil Beanie  ,$48.00
33,33 image.jpg,Beanie Hats Men Winter Warm Acrylic Knit Cuff Skull Cap Unisex Women Outdoor  ,$8.85
34,34 image.jpg,Womens Acrylic Watch Hat  ,$111.54
35,35 image.jpg,Beanie Hat for Men and Women Winter Warm Hats Knit Slouchy Thick Skull Cap  ,$19.99
36,36 image.jpg,Unisex-Adult Classic Knit Cuffed All Season Beanie Hat  ,$24.66
37,37 image.jpg,100% Cotton Basic Beanie Hat - 2 Pack  ,$15.99
38,38 image.jpg,"2 Pack Cotton Slouchy Beanie Hats, Chemo Headwear Caps for Women and Men  ",$13.89
39,39 image.jpg,Mens Knit Cuffed Beanie (Closeout)  ,$101.49
40,40 image.jpg,Beanies for Men Women Smiley Face Warm Winter Hat Toque Unisex Gifts for Men Women Boyfriend Him  ,$19.98
41,41 image.jpg,Men's Cuffed Beanie - Loose Knit Winter Hat  ,$48.00
42,42 image.jpg,Knit Slouchy Beanie Hats for Women Cashmere Ski Cap Knitted Wool Soft Warm Winter Hat  ,$19.99
43,43 image.jpg,Unisex-Adult Logo Cuff Beanie  ,$32.99
44,44 image.jpg,Slouchy Winter Beanie Knit Hats for Men & Women - Oversized Long Slouch Beanie Cap - Warm & Soft Cold Weather Toboggan Caps  ,$17.99
45,45 image.jpg,Jim Beanie  ,$29.95
46,46 image.jpg,Men's Winter Hat - Classic Icon Beanie  ,$52.63
47,47 image.jpg,Trawler Beanie Watch Hat Roll-up Edge Skullcap Fisherman Beanie for Men Women  ,$15.69
48,48 image.jpg,Mens Knit Cuffed Camo Beanie  ,$39.99
49,49 image.jpg,Bones Recycled Beanie  ,$29.95
50,50 image.jpg,Outline Beanie  ,$27.75
51,51 image.jpg,Knit Slouchy Beanie for Women Thick Baggy Hat Faux Fur Pompom Winter Hat  ,$13.59
52,52 image.jpg,Mens Eclipse Reversible Beanie  ,$86.40
53,53 image.jpg,Unisex Agent Heat Omni-Heat Thermal Reflective Fleece Beanie Hat Cap  ,$50.14
54,54 image.jpg,Beanie Men Women Warm Winter Hats Acrylic Knit Cuffed Beanie Daily Beanie Hat Unisex Plain Skull Cap  ,$19.99
55,55 image.jpg,Beanie Hat Winter Outdoor Sports Gifts Stocking Stuffers for Men Women  ,$10.88
56,56 image.jpg,Roll-up Cuffed Everyday Beanie (2 Pack)  ,$18.99
57,57 image.jpg,Womens Winter Knitted Beanie Hat with Faux Fur Pom Fleece Lined Warm Beanie for Women  ,$23.99
58,58 image.jpg,Womens Around Town Fleece Beanie  ,$92.17
59,59 image.jpg,Unisex Knit Beanie Hat Acrylic Winter Hats for Women Men Soft Warm Toque Gifts for Families Lover  ,$21.99
60,60 image.jpg,Mens Creator 2 Beanie  ,$82.68
61,61 image.jpg,"Fisherman Beanie, Wool Knit Cuff Short Watch Cap Fisherman Beanie Winter Warm Hats for Men Women  ",$19.99
62,62 image.jpg,Lightweight Thermal Skull Cap Ears Warm Cycling Helmet Liner Winter Running Beanie Hats Sweat Wicking  ,$11.49
63,63 image.jpg,"Low-Profile Skull Cap Helmet Liner, Summer Cooling Sweat Wicking Cycling Beanie Hard Hat Working Cap  ",$10.99
64,64 image.jpg,"Be Sparkle Unisex Cotton Winter Skull Cap Warm,Stretch,Soft Beanie Hat One Size �  ",$22.36
65,65 image.jpg,Mid-Weight Helmet Liner Skull Cap 6-Panel Beanie Thermal Running Hats Ears Warm Performance Moisture Wicking  ,$11.99
66,66 image.jpg,"Wholesale Gloves and Beanies, Bulk Thermal Winter Solid Hat Or Glove  ",$62.40
67,67 image.jpg,Men's Winter Hat - Seaward Patch Cuffed Beanie  ,$55.30
68,68 image.jpg,Womens Beanie  ,$24.97
69,69 image.jpg,"Generic Kirby Beanie Adult Size Anime Hat Accessory Pink Kawaii, Medium-Large  ",$13.55
70,70 image.jpg,Mens Winter Beanie Hat Scarf Set Warm Fleece Lined Snow Knit Ski Cap  ,$19.99
71,71 image.jpg,Mens Winter Beanie  ,$48.00
72,72 image.jpg,Men's Heist Beanie Hat  ,$20.00
73,73 image.jpg,"Mens Adicolor Cuff Beanie, Black  ",$18.85
74,74 image.jpg,2PCS Parent-Child Beanies Hat Mother&Baby Knit Ski Cap Mommy and Me Winter Knitted Hats  ,$25.96
75,75 image.jpg,2 Pack Womens Beanie Hat Winter Warm Knit Hat Soft Cuffed Beanies Skull Cap with Smile Face  ,$24.98
76,76 image.jpg,Unisex Bluetooth Beanie Hat with Light Wireless Headphones Gifts for Men Dad  ,$29.99
77,77 image.jpg,Cotton Slouchy Beanie Hip-Hop Soft Lightweight Running Beanie Adult Dwarf Hats Chemo Cap for Men Women  ,$28.81
78,78 image.jpg,Winter Beanie Hat for Women Satin Lined Cable Knit Chunky Slouchy Beanies Skull Warm Cap  ,$23.99
79,79 image.jpg,Women Knit Wool Beanie Winter Cashmere Ski Hats Real Raccoon Fur Pom Pom  ,$23.99
80,80 image.jpg,"Knit Thickening Beanie Hat for Men Women, Winter Soft Warm Ski Hats Classic Daily Skull Caps  ",$17.99
81,81 image.jpg,Mens Daily Beanie  ,$20.80
82,82 image.jpg,Slouchy Beanie Winter Hat for Women - Slouch Oversized Cable Knit Hats - Warm Chunky Knitted Cap for Cold Weather  ,$18.99
83,83 image.jpg,Summer Beanie for Men and Women - Slouchy Lightweight Chemo Cotton Hat  ,$24.50
84,84 image.jpg,Y2K Gothic Spider Pattern Wool Acrylic Knitted Hat Women Beanie Winter Warm Beanies Men Casual Skullies Outdoor  ,$26.96
85,85 image.jpg,Beanie for Men Winter Thermal Cuffed Knit Hat Warm Gifts Womens Beanies  ,$18.96
86,86 image.jpg,Unisex-Adult Chase Wool Winter Beanie for Men Or Women  ,$39.00
87,87 image.jpg,Beanie Hat with Satin Lining for Women Men Cuffed Plain Skull Hat Unisex Winter Knit Cap Beanie for Women and Men  ,$23.99
88,88 image.jpg,Unisex Beanie for Men Women Cuffed Plain Skull Hat Winter Knit Cap Beanie  ,$18.99
89,89 image.jpg,Autumn Winter Fisherman Beanie for Men Women Knitted Hat Solid Color Unisex Hedging Cap  ,$10.98
90,90 image.jpg,"Mens Men's Cozy, Colorful, Fun Beanie Hat for Cold Weather  ",$24.59
91,91 image.jpg,"XXL Oversize Beanie Cap with Visor,Large Heads Stretchy Knit Beanie Hat,Winter Warm Cuffed Watch Cap  ",$23.86
92,92 image.jpg,Knit Beanie Hats for Women Men Fleece Lined Ski Skull Cap Slouchy Winter Hat  ,$23.99
93,93 image.jpg,Men's Billboard Reversible Beanie  ,$55.00
94,94 image.jpg,"Unisex Beanie Hat with Light 2 Pack, 4 LED 3 Modes Rechargeable Hands Free Headlamp Hat, Knitted Hat with Light for Men Women Kid, Winter Men Gift Stocking Stuffers for Christmas Day (Black&Grey)  ",$26.99
95,95 image.jpg,"Knit Beanie Hats for Men Women, Stretchy Soft Warm Daily Cuffed Winter Hat, Gifts for Men Husband Him  ",$20.99
96,96 image.jpg,Beanie Hats for Men Women Winter Knit Hat Warm Slouchy Beanies Cuffed Skull Cap  ,$15.99
97,97 image.jpg,Unisex-Adult Short Watch Cap  ,$23.37
98,98 image.jpg,Beanie Hat Bluetooh 5.2 Headphone Wireless Winter Knit Hats with Stereo Speaker and MIC 25 Hours Working Time  ,$23.99
99,99 image.jpg,Mens Beanie  ,$14.60
100,100 image.jpg,Toddler Knitted Winter Hat Boys Girls Acrylic Beanie Hat Baby Kids Cuffed Winter Hats  ,$21.99
101,101 image.jpg,Fisherman Beanie Hats - Mens Trawler Beanies Winter Warm Knitted Hat Cuff Roll-up Bonnet Beanie Toque  ,$13.99
102,102 image.jpg,Warm Slouchy Beanie Hat - Deliciously Soft Daily Beanie in Fine Kni  ,$25.99
103,103 image.jpg,Womens Winter Knit Slouchy Beanie Hat Warm Skull Ski Cap Faux Fur Pom Pom Hats for Women  ,$21.99
104,104 image.jpg,"12 Pack Winter Beanie Hats for Men Women, Warm Cozy Knitted Cuffed Skull Cap, Wholesale  ",$36.74
105,105 image.jpg,"Trawler Beanie Watch Hat Roll up Edge,Winter Warm Knit Caps Fisherman Unisex  ",$12.99
106,106 image.jpg,Womens 1x1 Cuff Fold Beanie  ,$48.00
107,107 image.jpg,Beanie Hats for Men Winter Fleece Lined Knit Skull Cap Cuff Beanies Thermal Hats for Cold Weather  ,$22.95
108,108 image.jpg,Men Slouchy Beanie Knit Skull Cap Lined Baggy Winter Hat Oversized CFB08  ,$21.87
109,109 image.jpg,Merino Wool Beanies Winter Hats for Women Men Knit Slouchy Double Layer Warm Cuffed Skull Beanie Skiing Skating  ,$35.99
110,110 image.jpg,"Merino Wool Ridge Cuff Beanie, Light & Stretchable Knit Hat for Men & Women  ",$29.95
111,111 image.jpg,Unisex-Adult Tall Utility Cuff Beanie  ,$34.22
112,112 image.jpg,The Farm Unisex Acrylic Cuffed Beanie  ,$67.80
113,113 image.jpg,Alpine Action Beanie  ,$21.92
114,114 image.jpg,Beanie Hats for Women Men Fleece Lined Winter Hats Soft Warm Womens Beanies for Winter  ,$21.99
115,115 image.jpg,Unisex-Adult Sweater Weather Pom Beanie  ,$25.92
116,116 image.jpg,Mens Amplifier Fold Beanie  ,$45.89
117,117 image.jpg,Tardis Laplander Beanie Dark Blue  ,$40.28
118,118 image.jpg,Black Stallion BSX BC5B-BLU Black/Blue Cotton Beanie  ,$12.45
119,,,
120,120 image.jpg,Satin Lined Beanie Womens Beanies for Winter with Silk Satin Lining Cuffed Women Winter Hat Skull Cap  ,$21.43
121,121 image.jpg,Unisex-Adult Brand Beanie  ,$23.94
122,122 image.jpg,Womens Classic Tall Beanie  ,$28.29
123,123 image.jpg,"Chef Beanie Works Hats, Food Service breathable Cool bonnet Kitchen Cook Vent Cap with Adjustable Elastic for Men Women Baker  ",$9.99
124,124 image.jpg,Toddler Kids Winter Hats for Girls Boys Warm Balaclava Hat with Fleece Lined Thick Knit Beanies Cap  ,$16.98
125,125 image.jpg,Mens Beanie Ribbed 2.0  ,$35.00
126,126 image.jpg,Simple Knitted Baby Beanie Hip-Hop Boys Winter Hat Toddler Kids Bonnet for Girls Warm Bonnet  ,$26.98
127,127 image.jpg,Mens Lawrence Beanie Hat Unisex Fold Cuffed  ,$25.43
128,128 image.jpg,Mens Cuffed Beanie with Leather Logo Patch  ,$28.99
129,129 image.jpg,Unisex-Adult Beanie  ,$19.99
130,130 image.jpg,Merino Wool Beanie Hats for Women Men Winter Hat Classic Cuff Skull Cap Slouchy Women's Canadian Beanies  ,$44.99
131,,,
132,,,
133,133 image.jpg,Mens Cuffed Beanie with Embroidered Logo  ,$22.96
134,134 image.jpg,"Salty Dog Beanie, TNF Light Grey Heather, One Size Regular  ",$69.41
135,135 image.jpg,Knit Beanie Hats for Women Men Double Layer Fleece Lined Chunky Winter Hat  ,$23.99
136,136 image.jpg,Womens Becket  ,$36.32
137,137 image.jpg,Winter Knit Beanie Hat for Men Women Warm Soft Stretchy Recycled Polyester Hats Unisex Daily Cuffed Beanie Cap  ,$15.99
138,138 image.jpg,womens Women's Ribbed Cuffed Knit Beanie  ,$27.60
139,139 image.jpg,"Men�s Ribbed Beanie, 100% Cashmere, Soft & Stretchy, Warm Hat for Winter  ",$76.15
140,140 image.jpg,Kids Roblox Reversible Knit to Microfleece Beanie  ,$24.85
141,141 image.jpg,Unisex-Adult Wide Cuff Fold Beanie  ,$58.75
142,142 image.jpg,"Swag Wool Knit Cuff Short Fisherman Beanie for Men Women, Winter Warm Hats  ",$17.99
143,143 image.jpg,Unisex-Adult Evercat Logo Beanie  ,$24.90
144,144 image.jpg,Unisex-Adult Grove Beanie  ,$48.00
145,145 image.jpg,Knit Cuffed Beanie Hat Skull Cap Cute for Men Women Slouchy Unisex Fisherman Hats Soft Warm Stretchy Solid Color  ,$11.99
146,146 image.jpg,Kids' Oh-Mega Fur Pom Beanie  ,$49.99
147,147 image.jpg,"Logo Beanie,Shadow Navy,One Size  ",$22.24
148,148 image.jpg,Men's Daily Beanie  ,$21.41
149,149 image.jpg,Unisex Knitted Beanie Hat Stretchy Soft Warm Slouchy Beanie Hats Daily Skull Cap Gift for Men Women  ,$11.99
150,150 image.jpg,Women Turban Beanie Hat with Flower Chemo Headwear Elastic Head Wrap Cap  ,$22.99
151,151 image.jpg,Mens Summer Cotton Beanie Hat - Slouchy Womens Cooling Light Weight Japan Cap  ,$25.00
152,152 image.jpg,Chemo Headwear Pre Tied Head Scarf Headwraps Lightweight Turban Beanie Cap for Women  ,$18.99
153,153 image.jpg,Knitted Beanies Hat for Women Baggy Slouch Beanie Oversize Slouchy Skullcap Winter Hat for Women  ,$18.99
154,,,
155,,,
156,156 image.jpg,Fleece Winter Hat with Ear Flaps Men Women Ski Snow Warm Trapper Beanie  ,$22.99
157,157 image.jpg,Good Threads Beanie Hat Warm Knit Hat Thick Knit Skull Cap for Men Women  ,$16.99
158,158 image.jpg,VinciDa Cat Ear Hat Women Cute Beanie Hat Knitted Wool Cap  ,$15.91
159,159 image.jpg,Unisex-Adult B1b Logo Beanie  ,$44.27
160,160 image.jpg,"2-Colored Logo Beanie,Black,One Size  ",$22.55
161,161 image.jpg,"Women's Bundle Up Beanie, Nocturnal Ombre, One Size  ",$43.92
162,162 image.jpg,Slouchy Cotton Summer Beanie Hat - Mens Soft Lightweight Knit Womens Baggy Slouch  ,$32.10
163,163 image.jpg,Mens Serge Beanie Fold Cuffed Comfortable Soft Hat  ,$24.99
164,164 image.jpg,Mens Men's Reversible Beanie  ,$35.02
165,165 image.jpg,Mens Light Weight Summer Beanie - Womens Breathable Slouchy Beanie Knit Hat Baggy Slouch Cap  ,$27.75
166,,,
167,167 image.jpg,Mens Men's Daily Heather Beanie Hat for Winter  ,$40.01
168,168 image.jpg,Mens Summer Linen Beanie - Slouchy Lightweight Knit Hat Slouch Cap  ,$27.97
169,169 image.jpg,"2 Pack Womens Warm Knit Pom Beanie, Slouchy Ski Hat with Fleece Lined  ",$20.99
170,170 image.jpg,Womens Decadent Sport Beanie  ,$34.64
171,171 image.jpg,Men's Fold Heather Beanie  ,$22.99
172,172 image.jpg,Mens Knit Rugged Patch Beanie  ,$28.99
173,173 image.jpg,"Men's Tiro Creator Beanie, Focus Olive Green/Solar Gold/Black, One Size  ",$61.42
174,174 image.jpg,"Cuff Beanie,Black,One Size  ",$34.38
175,175 image.jpg,Merino Sport Fleece Training Beanie  ,$37.99
176,176 image.jpg,Alice In Wonderland Beanie Hat Checkered Lost Logo New Official Disney Black Size One Size  ,$20.29
177,177 image.jpg,Unisex-Adult Sea Gear Beanie  ,$31.45
178,,,
179,179 image.jpg,Unisex Goggle Knitted Beanie Hat Windproof Warm Winter Skull Cap  ,$23.99
180,180 image.jpg,Fisherman Beanie Trawler Sailor Skullcap Knit Short Hat Unisex  ,$26.53
181,181 image.jpg,Mens Slouchy Long Oversized Beanie Knit Cap for Summer Winter B08 (B5001x-Black w Grey)  ,$20.78
182,182 image.jpg,Slouchy Beanie Hats Chunky Soft Hat Winter Warm Cap Cable Knit Hat for Men Women  ,$16.99
183,183 image.jpg,"Adult's 5 Panel Athletic Performance Hat, Adjustable Sports Cap  ",$25.20
184,184 image.jpg,Mens Griggs Brimmer Beanie  ,$48.00
185,185 image.jpg,Ponytail Beanie Hat - Women Knit Winter Hat Stretch Ponytail Beanie Messy Bun BeanieTail Hats Cable Knit Slouchy Warm Hat  ,$13.99
186,186 image.jpg,Men Cool Slouch Beanie Thin Summer Skullcap Long Baggy Hat CF018h  ,$21.87
187,187 image.jpg,"Baby Beanie Hat Top Knot Stretchy Soft""Powell"" by Copper Pearl  ",$16.99
188,188 image.jpg,Toddler Kids Winter Beanie Hats Knit Cotton Cuffed Skull Cap 3-7Years  ,$15.99
189,189 image.jpg,Men's Slouch Beanie Skull Cap Lined Oversize Baggy Winter Hat CFB305  ,$21.87
190,190 image.jpg,"4 Pieces Winter Cashmere Slouchy Knit Beanie Hats for Women Soft Warm Wool Knitted Skull Beanies Cap Beige Beanie for Ladies, Black Gray Beige and Brown Assorted Color  ",$35.31
191,191 image.jpg,Mens Oversize Skull Slouch Beanie Large Skullcap Knit Hat B5001  ,$22.88
192,192 image.jpg,"Men's Solid Beanie with Drop Needle, Black, One Size  ",$29.15
193,193 image.jpg,Mens Men's Daily Beanie Hat  ,$30.09
194,194 image.jpg,Women's Baggy Slouchy Beanie Chemo Cap for Cancer Patients  ,$23.99
195,195 image.jpg,Unisex-Adult Urban Cuff Beanie  ,$54.39
196,196 image.jpg,Casualbox Mesh Summer Beanie Light Cooling Breathing Hat Crochet Knit Fashion  ,$29.99
197,197 image.jpg,Women's NSW Brown Leopard Print Fleece Lined Cuffed Pom Beanie  ,$40.00
198,198 image.jpg,"Hot Leathers KHC1020-27766 Sub Celtic Cross Knit Hat (Multi, One Size)  ",$22.88
199,199 image.jpg,Unisex-Adult All Day Long Beanie  ,$23.72
200,200 image.jpg,Men Beanie Hat Knit Slouchy Baggy Skull Cap CFB306  ,$21.87
201,201 image.jpg,Unisex-Adult Mountain High Fleece-Lined Beanie  ,$44.99
202,202 image.jpg,Knitted Skull Beanie ~ Streamliner fl Yellow  ,$43.30
203,203 image.jpg,Smiley face Beanie Cool Beanies Funny Beanie Graphic Beanie Black Beanie for Men Women  ,$30.06
204,204 image.jpg,Minus33 Merino Wool Ridge Cuff Beanie  ,$35.70
205,205 image.jpg,"Winter Knitted Beanie for Women - Soft, Comfortable, Warm - Unisex Skiing Beanies  ",$16.89
206,206 image.jpg,Unisex Embroidery Smiley Face Hat Beanie Hats for Men Women  ,$16.89
207,207 image.jpg,Winter Short Fisherman Beanie Hat Trawler Beanie Watch Hat Edge Skullcap for Men  ,$28.88
208,208 image.jpg,9 Pcs Cooling Skull Cap Camo Liner Sweat Wicking Cap Lightweight Cycling Cap Running Head Cap for Men Women  ,$29.86
209,209 image.jpg,Beanie Hat Wireless Winter Music Hat Idea Stocking Stuffers Washable Beanie Musical Hat Rechargeable  ,$14.99
210,210 image.jpg,Mens Winter Hats Acrylic Knit Cuff Beanie Cap Warm Womens Beanie Hat  ,$16.29
211,211 image.jpg,Womens Grove Beanie  ,$53.38
212,212 image.jpg,Unisex Beanie Cap Knitted Warm Solid Color and Multi-Color Multi-Packs  ,$47.46
213,213 image.jpg,"Winter Knitted Beanie Hat Unisex, Slouchy Baggy Stretch Soft Cuffed Head Warm Cap for Men Women (Black)  ",$13.99
214,214 image.jpg,Womens Women's Teen Girls Cupcake - Sparkle - Kitty Cat Beanie Hats for Winter  ,$22.43
215,215 image.jpg,Mens Whirlibird Cuffed Beanie  ,$24.99
216,216 image.jpg,Pokemon Gengar Beanie Toque  ,$29.95
217,217 image.jpg,Unisex-Adult Beanie Ellipse  ,$32.99
218,218 image.jpg,Fashion Hip Hop Beanie Hat Anime Winter Warm Fleece Knitted Beanies Caps  ,$20.99
219,219 image.jpg,Daily Skull Cap Knit Beanie Hat Soft Warm Acrylic Winter Hats Trawler Toboggan Cap Roll-up Edge Swag Fisherman Ski Cap  ,$19.99
220,220 image.jpg,Ponytail Beanie Hat for Women Warm Lining Fashionable and Lovely Beanie High Bun Ponytail Hat  ,$17.99
221,221 image.jpg,"Cat Ear Beanie Y2K Striped Crochet Hat, Devil Stripes Winter Knitted Beanie Hat,Fairy Grunge Headwear Accessories for Women  ",$23.99
222,222 image.jpg,Customized Hats for Men Design Your Own Hat Mens Womens Custom Beanie Classic Winter Warm Hat  ,$6.63
223,223 image.jpg,Mens Thin Cool Slouch Beanie Skullcap Summer Hat CFB079  ,$21.87
224,224 image.jpg,Fashionable Toque Beanie Hat Unisex Knitted Skull Cap Winter Hats Soft Beanie Warm Hat  ,$16.99
225,,,
226,,,
227,227 image.jpg,2 Pcs Daddy and Me Beanie Winter Thick Hats Extra Warm Beanie Hat and Circle Scarf Warm Knit  ,$19.99
228,,,
229,,,
230,230 image.jpg,Sportswear Utility Beanie  ,$52.49
231,231 image.jpg,Mens Pom Pom Beanie  ,$26.22
232,232 image.jpg,10 Pcs Men Cooling Skull Caps Helmet Liner Sweat Cap Wicking Beanie Welding Caps Do Rags Head Wrap for Women Teens  ,$31.99
233,233 image.jpg,Unisex Wireless Beanie Hat with Exquisite Packaging Wireless Earphone Hat Music Hat Winter Knit Cap  ,$15.99
234,234 image.jpg,Unisex Cozy Cabin Hat  ,$41.99
235,235 image.jpg,12 Inch Long Knitted Beanie  ,$13.90
236,236 image.jpg,2 Pack Slouchy Beanie Knit Winter Soft Warm Oversized CC Hats Women Men  ,$16.97
237,237 image.jpg,Winter Knit Beanie for Women Satin Lined Cable Thick Chunky Cap Mens Soft Slouchy Warm Hat  ,$28.89
238,238 image.jpg,"Reversible Beanie, Black/Oxford Grey, One Size  ",$25.99
239,239 image.jpg,Cuffed Winter Beanie Hat for Men Women Knit Fold Daily Beanie Toque Skull Cap  ,$18.99
240,240 image.jpg,Satin Lined Winter Beanie Hats for Women Unisex Cotton Knitted Cuffed Knit Hat with Silky Lining Slouchy Skull Cap  ,$23.60
241,241 image.jpg,Women Slouch Beanie Knitted Beret Skullcap Baggy Winter Summer Hats CB08w  ,$19.88
242,242 image.jpg,Unisex-Adult Trail Shaker Beanie  ,$19.95
243,243 image.jpg,10D3-2506 Hats Men's Jackson Acrylic Beanie (One Size)  ,$21.75
244,244 image.jpg,Cashmere Slouchy Knit Beanie Hat for Women Winter Soft Warm Ladies Wool Knitted Skull Beanies Cap  ,$28.01
245,245 image.jpg,100% Pure Cashmere Beanie  ,$78.70
246,246 image.jpg,Beanie Hat for Men and Women Large Slouchy Skullcap Warm Knitted Hats Winter Summer Hat  ,$10.99
247,247 image.jpg,Mens Men's Lawrence Beanie Hat for Winter  ,$32.48
248,248 image.jpg,Cupcake Girls Beanie Beany Hat Wool Wolle Wollmuetze Women Frauen  ,$35.99
249,249 image.jpg,Cashmere Slouchy Knit Beanie Hat for Women - Winter Soft Warm Ladies Cashmere Ski Cap Knitted Skull Beanies Cap  ,$19.99
250,250 image.jpg,Cute Baby Beanie Hat Kids Toddler Soft Baby Hat Warm Winter Hat for Boy Girl  ,$22.99
251,251 image.jpg,"Beanie Hat with Light Unisex USB Rechargeable Beanie Cap with Light Headlamp Beanie for Men, Women, Teens  ",$9.99
252,252 image.jpg,Unisex 100% Merino Wool Breathable Warm Lightweight Winter Sport Beanie  ,$29.99
253,253 image.jpg,"2 Pieces Cat Ear Beanie Hats, Cute Cat Knitted Hat Winter Knit Cable Caps Headgear Crochet Hats for Women Girls  ",$11.99
254,254 image.jpg,"Blooming Hibiscus Beanie Hats for Men Women, Warm Cozy Winter Cuffed Beanie Hat, Unisex Adult Skull Cap, Floral, One Size  ",$23.50
255,255 image.jpg,Pure Silk Knit Beanie Hat Women Men Slouchy Breathable Thin Skull Cap  ,$34.99
256,256 image.jpg,"Merino Wool Beanie, Fleece Lined Winter Hat for Men & Women  ",$36.95
257,257 image.jpg,Women Fashion Knit Slouchy Beanie Hat Thin Stretch Skull Caps  ,$22.83
258,258 image.jpg,Winter Skull Cap Hat Thermal Stretchable Cycling Cap Polar Fleece Beanies Head Warmer for Men Women  ,$13.99
