ID,Image,Title,Price
1,1 image.jpg,Pork Pie Hat-100% Wool Felt Men's Porkpie Hats Flat Mens Fedora Top Classic Bowknot Telescope Cap  ,$63.09
2,2 image.jpg,Wool Newsboy Cap for Men Women - Classic Vintage Gatsby Lvy Cabbie Hat Flat Beret Cap Adjustable Size  ,$25.60
3,3 image.jpg,Vintage Felt Cloche Hat Winter Floral Fedora Bucket Hat Bowler Hats  ,$24.99
4,4 image.jpg,Vintage Cloche Fedora Hat for Women Gatsby Floral Bucket Hats Linen Bowler Hats  ,$25.99
5,5 image.jpg,Black Derby Hat 100% Wool Theater Quality Hat Bowler Hat for Men Women Vintage Costumes  ,$74.47
6,6 image.jpg,Mens Wool Felt Bowler Hat  ,$84.83
7,7 image.jpg,"Forum Novelties 67303 Men's Super DLX Bowler Hat-Like Wool, Standard, Black  ",$21.99
8,8 image.jpg,Women's 100% Wool Felt Flower Church Bowler Hats Kentucky Derby Fascinator Bucket Hat Warm Winter Fedoras  ,$50.24
9,9 image.jpg,Mens 100% Wool Felt Bowler Derby Hat Theater Quality Satin Lined Bowler Hat Party Costume Accessory  ,$84.95
10,10 image.jpg,One Fresh Classic Bowler Derby 100% Wool Dress Folk Curled Brim Hat  ,$85.61
11,11 image.jpg,Winter Wool Knit Cloche Hat 1920 Vintage Beanie Cap Bowler Church Bucket Hat for Women Ladies  ,$18.99
12,12 image.jpg,Womens Felt Floral Fedora Hat Cloche Church Hat Bowler Hats Vintage Winter Warm Bucket Hat  ,$22.89
13,13 image.jpg,Men Warm Fedoras Felt Trilby Hat Vintage Panama Hat with Short Brim Winter Bowler Hat Outdoor British Hat Jazz Costume Hat  ,$19.99
14,14 image.jpg,Dress Up Hats for Adults Costume Party Hats for Men Women Unisex  ,$36.85
15,15 image.jpg,Bucket Hat Book Elegant Adults Solid Hat Roll Up Brim Panama Bowler Hat Bucket Hat Mens Womens Classic Wool Round Bowler  ,$8.12
16,16 image.jpg,Black Derby Deluxe Costume Hat by Funny Party Hats  ,$22.05
17,17 image.jpg,Fashion Classic Black Wool Blend Fedora Hat Brim Flat Church Derby Cap Flat for Wedding Party Talent Show Performance Xmas Gift Unisex  ,$19.27
18,18 image.jpg,Women Visor Beret Cap Newsboy Hat Lady Baker Hat Cabbie Cap  ,$13.99
19,19 image.jpg,1920s Gatsby Newsboy Hat Cap for Men Gatsby Hat for Men 1920s Gatsby Costume Accessories  ,$27.99
20,20 image.jpg,Vintage Fedora Trilby Jazz Gentleman's Flat Hat Panama Hat for Men Women  ,$28.99
21,21 image.jpg,8 Pack Men's Mesh Flat Cap Breathable Summer Newsboy Hat Cabbie Driving Hats for Men  ,$60.97
22,22 image.jpg,Rubies Costume Men's Straw Gondolier Hat  ,$10.70
23,23 image.jpg,Feather Net Kentucky Derby Hat Fascinators Headpiece with Feather Floral Flower for Wedding Special Occasion Headpiece  ,$19.99
24,24 image.jpg,Lady Derby Dress Church Cloche Hat Bow Bucket Wedding Bowler Hats  ,$46.99
25,25 image.jpg,Kids Derby Hat - Bowler Hat for Kids - Black Bowler Hat - Felt Bowler Hat - Children's Costume Hats  ,$105.06
26,26 image.jpg,Derby Hats - 2 Pack - Black and White Bombin Hats - Bowler Hats - Roaring 20s Hats  ,$29.35
27,27 image.jpg,"Generic Fashion Men Sun Hat Flat Pork Pie Hat for Gentleman Dad Bowler Church Jazz Hat Big Size S M L XL (Color : Dark Gray, Size : 57CM)  ",$65.75
28,28 image.jpg,Mens Wool Derby Hat  ,$121.13
29,29 image.jpg,Classic Manhattan Fedora Hat Felt Panama Jazz Hat Short Brim Bowler Hat Trilby for Mens Womens  ,$25.29
30,30 image.jpg,Classic Unisex Wool Blend Fedora Hat Brim Flat Church Derby Cap Wide Brim Classic Pork Pie Hat Perfect for Wedding Party Talent Show Performance  ,$21.66
31,31 image.jpg,Women Winter Vintage Pillbox Hat Church Derby Wedding Dress Fascinator Beret 100% Wool Felt Hat with Feathers  ,$33.57
32,32 image.jpg,Men's Bowler Derby Hat Wool with Feather in Black  ,$164.59
33,33 image.jpg,Women Vintage Felt Cloche Hat Feather Floral Flower Bucket Hat Church Derby Party Bowler Hats  ,$23.99
34,34 image.jpg,"AGHH Classic Wool Felt Derby Bowler Hat for Men Women Satin Lined Party Formal Fedora Costume Magician Hat (Color : Gray, Size : 57-59 cm), Grey  ",$42.46
35,35 image.jpg,Women Wide Brim Bowler Hat Vintage Floral Wool Felt Fedora Floppy Elegant Fascinator Hat with Veil Lady Church Party Bucket  ,$25.99
36,36 image.jpg,"Men Pork Pie Hat 100% Cotton Fashion Flat Fedora Hat Jazz Hat for Gentleman Bowler Gambler Church Hat Size M L (Color : Dark Gray, Size : 60-61)  ",$28.53
37,37 image.jpg,Women's Autumn and Winter Flowers Round Top Casual Fisherman's Basin Cap Small Bowler Hat Hat with Butterfly  ,$27.89
38,38 image.jpg,Ladies Wool Cloche Hats Winter Bucket Hat 1920s Vintage Derby Hat Foldable  ,$48.41
39,39 image.jpg,Women Gatsby Linen Cloche Hat Floral Bowler Bucket Hat Vintage Church Round Hat for Women Ladies  ,$19.98
40,40 image.jpg,1/2/6 pcs Women Ladies Mesh Pork Pie Straw Hat Summer 1920S Costume Party Cap Fedora Dad Bowler Flat Top Men  ,$25.99
41,41 image.jpg,"Women Felt Hat, Bucket Hat, Adjustable Vintage Bowler Suede Wool Hat with Bowknot  ",$24.99
42,42 image.jpg,Classic Black Felt Derby Hat Lightweight Bowler Hat Novelty Costume Hat for Party Dress Ups  ,$25.99
43,43 image.jpg,2 pcs Mesh Straw Bucket Bowler Fisherman Hat Summer Beach Sun Floppy Cap for Women  ,$30.54
44,44 image.jpg,Felt Cloche Hat Bucket Bowler Vintage Fedora Winter Floral Hat for Women  ,$26.98
45,45 image.jpg,Baseball Hat Case Hard Travel Cap Carrier Case Holder Baseball Cap Travel Case Carry On Hat Bag Bowler Hats Carry- On Hat Bag Mens Travelling Hat Boxes Gift for Hat Bag  ,$46.47
46,46 image.jpg,Derby Hat Black Wool Felt Bowler Hat for Men Women  ,$43.30
47,47 image.jpg,Fashion Black Wool Blend Flat Brim Elegant Fedora Hat Panama Style Bowler Cap Jazz Hat with Belt for Winer Autumn  ,$25.99
48,48 image.jpg,Women's Wool Felt Bowler Hat  ,$147.30
49,49 image.jpg,"1920s Men Accessory Set Manhattan Hat Cap Men,Manhattan Hat 1920s Mens Costume Accessories  ",$32.09
50,50 image.jpg,Womens Sun Straw Hat Summer UV Protection Travel Foldable Brim Bucket Hat Vintage Cloche Beach Fishing Cap  ,$35.90
51,51 image.jpg,Womens 1920s Bucket Cloche Hat Gatsby Winter Wool Crushable Bowler Hat Vintage Cloche Round Hat with Flower Accent  ,$50.84
52,52 image.jpg,Men's Mesh Flat Cap Breathable Summer Newsboy Hat Beret Ivy Gatsby Hats Cabbie Duckbill Caps for Golf Driving Hunting  ,$18.50
53,53 image.jpg,Mens Flat  ,$99.90
54,54 image.jpg,Men's Beret Wool Hat Plaid Ivy Cap Gatsby Newsboy Cap Adjustable Driving Cabbie Winter Lightweight Cap  ,$27.99
55,55 image.jpg,Donegal Touring Irish Flat Cap for Men's Driving Cap Made in Ireland  ,$109.90
56,56 image.jpg,Ladies 1920s Vintage Wool Felt Cloche Bucket Bowler Hat Packable Red  ,$56.50
57,57 image.jpg,"RZL Summer Hats New Big Edge Wool Fedora Hat Women Concave Bowler Top Jazz Hat Belt Felt Dress Formal Hats Cowboy Cap (Color : Army Green, Size : 56 48cm)  ",$38.45
58,58 image.jpg,Wool Top Hat for Men Bowler Hat Satin Lined Topper Hat Black Mens Tophat Christmas Costume Cap  ,$65.80
59,59 image.jpg,Women Winter Wool Felt Cloche Bucket Hat 1920s Vintage Fedoras Church Derby Hat with Bow Flower Accent  ,$55.26
60,60 image.jpg,Yimidear Animal Hat with Moving Ear Plush Hat Airbag Cap Cute For Gift(Yellow)  ,$23.89
61,61 image.jpg,"Winter Fox Fur Roller Hat for Women,Real Mink Fur Top Hand Knit New Bowler Hats  ",$102.00
62,62 image.jpg,Women's Vintage 100% Wool Felt Cloche Bucket Bowler Hat Winter Vintage Bow Fedoras Church Fascinator Hat  ,$38.52
63,63 image.jpg,Women's Vintage Wool Felt Cloche Bucket Bowler Hat Winter Vintage Bow Fedoras Church Derby Fascinator Hat  ,$30.13
64,64 image.jpg,Women's Wool Bucket Hat Winter 1920s Gatsby Hat Vintage Church Cloche Bowler Hat with Windmill Flower  ,$33.31
65,65 image.jpg,Summer Fedora Panama Straw Hats With Black Band  ,$28.00
66,66 image.jpg,"Straw Hats, 1pc Straw Summer Sun Hat Summer Fashion Women Bowler Hat Beach Sun Hat for Women Summer Beach (Sky- Blue)  ",$33.07
67,67 image.jpg,Black Blend Fedora Hat Flat Brim Bowler Cap Panama Style Jazz Hat for Wedding Party Talent Performance Xmas Gift Unisex  ,$23.17
68,68 image.jpg,Felt Cloche Hat Vintage Winter Bowler Hats Floral Fedora Bucket Hat for Women  ,$23.89
69,69 image.jpg,Men's Adjustable Newsboy Hat Beret Hat Driving Hunting Fishing Hat Genuine Leather Ivy Cap Fashion Beret Hat Flat Cap.  ,$75.32
70,70 image.jpg,Patchwork Tweed Flat Cap Celtic Knot Badge  ,$67.90
71,,,
72,72 image.jpg,Mens Hats and caps Flat Vintage Style Casual Cap Gatsby Cabbie Newsboy Driving Hat Adjustable  ,$22.99
73,73 image.jpg,"Question Mark in Green Adult Men's Knit Hat Beanie Hat Unisex Cap, Green, 1  ",$25.55
74,74 image.jpg,Ladies Wool Felt Bucket Hat Women Vintage Cloche Fedora Winter Church Bowler Hat with Bow  ,$35.16
75,75 image.jpg,"MEINIU Men Leather Pork Pie Hat Flat Dad Hat Jazz Hat Compatible with Gentleman Bowler Gambler Top Hat 3Size (Color : Black, Size : 58-59CM)  ",$57.87
76,76 image.jpg,PULABO Kid Magic Bowler Hats Caps Headwear for Fancy Dress Costumes Black Comfortable and Eco-Friendly Durable  ,$5.99
77,77 image.jpg,Steampunk Mini Top Hat Gothic Antique Head Gear Neo Edwardian Hair Clip Tiny Bowler Victorian Costume Accessores  ,$27.69
78,78 image.jpg,Floppy Straw Hats Bowler Hats Rolled Short Brim Wild visor Top Hat for Women Orange  ,$6.99
79,79 image.jpg,9th Street Fleming Firm Felt Derby Bowler Hat 100% Wool  ,$67.66
80,80 image.jpg,"Beistle 60336, 12 Piece Bowler Hats, One Size, Brown  ",$255.50
81,81 image.jpg,1920s Panama Fedora Hat Cap for Men Gatsby Hat for Mens 1920s Gatsby Costume Accessories  ,$32.99
82,82 image.jpg,"Bowler Hat Wool-One Fresh Hat (Black, Large)  ",$86.70
83,83 image.jpg,SimpleLife Men Women Jazz Bowknot Hard Felt Fedora Panama Bowler Wide Hat Brim Gangster Cap(Red)  ,$24.99
84,84 image.jpg,1920s Cloche Bucket Hat Vintage Fedora Bowler Church Derby Party Hat Fall Spring Floppy Ladies  ,$35.27
85,85 image.jpg,"Fedora Trilby Derby Hat Roll-up Brim Panama Bowler Bucket Mens Womens XYM(Black), One Size  ",$12.00
86,86 image.jpg,Womens Vintage Felt Cloche Hat Winter Floral Fedora Bucket Hat Bowler Hats  ,$24.98
87,87 image.jpg,Women's Wide Brim Wool Ribbon Band Floppy Hat  ,$52.53
88,88 image.jpg,2/6 PCS Pork Pie Mesh Porkpie Hat Breathable Soft Beach Cap Summer Heisenberg Fedora Straw UK Men Women  ,$8.99
89,89 image.jpg,Adult bowler hat  ,$23.55
90,90 image.jpg,"MNBY Fedora Hat Leather Pork Pie Hat for Men Fedora Hat Dad Flat Jazz Hat for Gentleman Bowler Gambler Top Hat (Color : Light Coffee, Size : 58-59CM)  ",$55.11
91,91 image.jpg,Lady's Organza Wide Brim Bowler Hat Kentucky Derby Church Dress Sun Hat  ,$30.42
92,92 image.jpg,Classic Wool Round Bowler Hats - Trendy Derby Fedora Bucket Caps with Roll-up Brim for Youth Petite  ,$25.48
93,93 image.jpg,Women Vintage Cloche Bucket Hat 1920s Winter Bucket Hats Knit Bowler Cap with Flower  ,$27.99
