ID,Image,Title,Price
1,1 image.jpg,Amazon Collection Sterling Silver bracelet  ,$28.80
2,2 image.jpg,16PCS 6mm Gemstone Beaded Bracelets for Women Tiny Crushed Stone Crystal Bracelet Beaded Couples Stretch Unisex Stretch Bracelets Jewelry  ,$24.99
3,3 image.jpg,"Custom Photo Projection Bracelet with Picture Inside, Photo Bracelet Customized Picture, Circle Photo Bracelet Personalized Gifts for Women Men Couple  ",$15.99
4,4 image.jpg,Mens Bracelets Curb Chunky Chain : Cuban Bracelet 2 Pack 9mm Silver Hand Chains Stainless Steel Hip Pop Rapper Unisex Jewelry Gift  ,$18.99
5,5 image.jpg,12PCS 8mm Semi-precious Beaded Bracelets for Men Women Healing Stretch Round Bead Crystal Gemstones Bracelets Unisex  ,$28.99
6,6 image.jpg,4Pcs Gold Bracelets 18K Gold Plated Stainless Steel Bracelets for Women Layered Paperclip Snake Chain Bracelets Adjustable Link Bracelet for Girls Gold Bracelet Set  ,$17.84
7,7 image.jpg,6 Sets Bohemian Stackable Bracelets for Women Multilayered Stretch Bead Bracelet Set Boho Bangles Multicolor Fashion Jewelry  ,$25.99
8,8 image.jpg,20 Pcs Layered Bracelet Set for Women Multiple Stackable Wrap Bangle Turtle Pineapple Arrow Feather Lotus Assorted Beaded Bracelets Adjustable Jewelry  ,$22.99
9,9 image.jpg,"Sterling Silver Heart Tag Bracelet, 7.5  ",$97.70
10,10 image.jpg,Sterling Silver Mesh Chain Bracelet  ,$47.00
11,11 image.jpg,Sterling Silver 5.3mm Heart-Link Bracelet  ,$28.40
12,12 image.jpg,Platinum-plated Sterling Silver Swarovski Zirconia Round-Cut Tennis Bracelet  ,$138.00
13,13 image.jpg,"18k Yellow Gold-Plated Sterling Silver Diamond Accent Two-Tone Gemstone and Tennis Bracelet, 7.25""  ",$124.32
14,14 image.jpg,"Sterling Silver Created Gemstones Bracelet, 7.25""  ",$409.40
15,15 image.jpg,Figaro and Bead Station Chain Bracelets  ,$32.00
16,16 image.jpg,26Pcs Woven Braided Leather Bracelet for Men Women Hemp Cords Wood Beads Cuff Bracelets Adjustable Black  ,$24.99
17,17 image.jpg,12 Pcs 8mm Beaded Bracelets for Women Men Healing Natural Stone Bracelet Semi-Precious Gemstones Bracelets Crystal Adjustable Stretch Mens Bracelets Beads Set  ,$24.99
18,18 image.jpg,Lava Rock Bracelets Essential Oil Diffuser Yoga Beads for Aromatherapy mala Bracelet Calming Lavender Essential Oil Relaxation Jewelry Valentines Day Gift for Women Birthday Gift Pink  ,$25.99
19,19 image.jpg,"Beaded Bracelets For Women-8inch/20cm Fit Large Wrist-Lava Bead Bracelet Set,Healing Stones,Balancing Chakra,Essential Oil Bracelets With Lava Rock,Anxiety Bracelet,Stress Relief Gifts For Women  ",$24.55
20,20 image.jpg,14K Gold Plated 3mm Cubic Zirconia Classic Tennis Bracelet | Gold Bracelets for Women | Size 6.5-7.5 Inch  ,$21.95
21,21 image.jpg,Snake Chain Link Bracelet for Women 14K Gold Plated Flat Herringbone Chain Bracelets Dainty Layered Cuban Twisted Rope Pearl Stacking Everyday Bracelet  ,$25.99
22,22 image.jpg,Woven Wrap Friendship Bracelets for Women Men Colorful Handmade Braided String Bracelets Adjustable Multicolor Wrist Cord Bohemian Jewelry Birthday Gifts-Party Favors  ,$16.99
23,23 image.jpg,4 Sets Stackable Bracelets for Women Multilayer Beaded Bracelets Stretch Bangles Bohemian Style  ,$23.99
24,24 image.jpg,Evil Eye Bracelets Pack Mexican Bracelets Eye Bracelet Protection Bracelet  ,$20.99
25,25 image.jpg,14K Gold Plated Paperclip/Curb/Figaro Chain Adjustable Bracelet for Women  ,$21.95
26,26 image.jpg,20Pcs Ankle Bracelets for Women Adjustable Beach Anklet Set Star Heart Turtle Infinite Anklets  ,$22.99
27,27 image.jpg,12Pcs Magnetic Hematite Bracelets for Men Women Magnetic Therapy Bracelet Tiger Eye Rainbow Stone Beaded Bracelets Relieve Anxiety Bracelet  ,$24.99
28,28 image.jpg,3PCS Stainless Steel Bracelets for Men Gold Roman Numeral Bangle Bracelet Twisted Cable Bracelet Adjustable Cuff Bracelet Mens Luxury Jewelry Bracelets Gifts  ,$27.99
29,29 image.jpg,Multi-Layer Women Leather Wrap Bracelets Mussel Pearl Stackable Bangles Sparkles Handmade Girls Birthday Gift  ,$13.99
30,30 image.jpg,6 MM Mini Gem Semi Precious Gemstone Energy Bracelets Tiny Bracelet Natural Stone Adjustable Bracelet Charm Beaded Unisex Bracelets  ,$24.99
31,31 image.jpg,"Long Distance Touch Bracelets for Couples, Vibration & Light up for Love Couples Bracelets | Long Distance Relationship Gifts for Girlfriend Bluetooth Pairing Jewelry  ",$186.98
32,32 image.jpg,30PCS Braided Leather Bracelets for Men Women Wrap Wood Beads Bracelet Woven Ethnic Tribal Rope Wristbands Bracelets Set Adjustable  ,$24.69
33,33 image.jpg,Stackable Bracelet  ,$19.99
34,34 image.jpg,5 Pcs Black Leather Bracelets for Men Women Braided Leather Mens Bracelet Stainless Steel with Magnetic Clasp Wristband Cuff Bracelets Set 7.5-8.5 inches  ,$24.59
35,35 image.jpg,Sideways Cross Bracelet for Women 14K Gold Plated Flat Herringbone Link Chain Bracelet Dainty Bracelet Wrist Jewelry  ,$22.99
36,36 image.jpg,Womens Pure Copper Magnetic Therapy Bracelets for Arthritis Wristband with 3 Smarter Buckle Adjustable  ,$43.71
37,37 image.jpg,3 Set Tree Beaded Bracelet for Women Couple Friends Bracelet Natural Stone Healing Yoga Bracelet Charm Chakra Bracelet Set  ,$24.99
38,38 image.jpg,12Pcs Gold Chain Bracelets Set for Women 14K Gold Plated Link Chain Bracelets Boho Stackable Bracelets Paperclip Cuban Cuff Bangle Beaded Layered Link Chain Bracelets Set  ,$19.99
39,39 image.jpg,"Layered Leather Bracelet, Rivet Leopard Print Bohemian Style Multilayer Wrap Bracelet, Handmade Agate Chakra Crystal Glass Beaded Shell Bracelet for Women  ",$18.99
40,40 image.jpg,"Dainty Gold Bracelets for Women, 14K Gold Filled Adjustable Layering Bracelet Cute Evil Eye Bracelet Gold Layered Chain Evil Eye Bracelets for Women Jewelry  ",$24.79
41,41 image.jpg,3PCS Magnetic-Clasp Braided Leather Bracelets for Men Wrap Leather Bracelet Bangle Wrist Cuff  ,$30.99
42,42 image.jpg,"14K Gold Plated Princes Cut Cubic Zirconia Classic Tennis Bracelet | Gold Bracelets for Women | 3mm CZ, Size 6.5-7.5 Inch  ",$21.95
43,43 image.jpg,2PCS Morse Code Bracelets for Couples Pinky Promise Bestie I Love You Bracelets Adjustable Evil Eye Jewelry Men Wood Beads Morse Code Bracelets for Women  ,$11.40
44,44 image.jpg,925 Sterling Silver Bracelet Cubic Zirconia Solitaire Diamond Chain Bracelet for Women Adjustable Double Layer Charm Bracelet  ,$26.99
45,45 image.jpg,"4 Pcs Lava Stone Bracelets for Woman Men,Couples Bracelets,8mm Chakra Beads Bracelets, 7 Colors Aromatherapy Essential Oil Diffuser Bracelets Bangle with Braided Rope  ",$19.99
46,46 image.jpg,Handmade Bracelets Evil Eye Morse Code Bracelets Adjustable Friendship Matching Pulseras para Parejas  ,$12.99
47,47 image.jpg,"Mens Copper Bracelet Pure Copper Magnetic Bracelet with 6 Powerful Magnets Gift for Father,huaband,boyfriend on Anniversary,birthday,holiday  ",$19.99
48,48 image.jpg,12 Pcs Hematite Magnetic Bracelet for Men Women for Tiger Eye Rainbow Beaded Natural Stone Bracelets Set  ,$26.99
49,49 image.jpg,Daughter Gift from Mom Gold Bracelet Set Layered Wrap Bracelets for Women Cuff Adjustable Bracelet for Mom Her Teen Girls Choker Jewelry Mothers Day Christmas Birthday Gifts  ,$10.98
50,50 image.jpg,Enamel Tile Bracelet Set for Women Rainbow Color-Block Tile Beaded Strand Bracelet Colorful Enameled Stretch Bracelet Bohemian Tile Bangle Bracelet for Men  ,$38.66
51,51 image.jpg,12 Pcs 8mm Gemstones Beaded Bracelets for Men Women Stone Bead Healing Stretch Round Bead Crystal Semi-Precious Bracelets Unisex  ,$25.99
52,52 image.jpg,925 Sterling Silver 2 mm Snow/Rock Chain Bracelet Size: 7 7.5 inch  ,$19.89
53,53 image.jpg,3-6 Pcs 8mm Bead Bracelet for Men Women Tiger Eye Bracelet Natural Stone Bracelet Mala Agate Yoga Elatics Bracelet for Men  ,$13.49
54,54 image.jpg,"Nautical Braided Rope Bracelets Set - 6 Pcs Adjustable Braided Cord Bracelet, Handmade Navy Marine String Bracelet with Metal Knot, Men Women Braided Bracelets Gifts  ",$17.85
55,55 image.jpg,"Men's Stainless Steel and Beaded Bracelet, One Size, Semi Precious, Stainless Steel  ",$77.00
56,56 image.jpg,"6mm Trendy Figaro Chain Bracelet for Men Women, 316L Stainless Steel 18K Gold Plated/Black Bracelet, 7.5""/8.3"", Come Gift Box  ",$18.99
57,57 image.jpg,12 PCS Friendship Bracelet Hand-Woven Cotton and Linen Bracelet Adjustable Size 6-11 Inches Unisex  ,$15.99
58,58 image.jpg,"| Black Premium Genuine Leather Bracelet [Shine] for Men | Magnetic Stainless Steel Clasp in Black, Silver and Gold | Exclusive Jewelry Box | Great Gift Idea  ",$48.58
59,59 image.jpg,"Platinum or Gold-Plated Sterling Silver Princess-Cut Swarovski Zirconia Tennis Bracelet (5mm), 7.25""  ",$119.50
60,60 image.jpg,"Dainty Gold Bracelets for Women, 14K Gold Filled Adjustable Layering Bracelet Cute Evil Eye Bracelet Gold Layered Chain Evil Eye Bracelets for Women Jewelry, No Size, Metal  ",$20.98
61,61 image.jpg,"Women's Infinity Heart Jewelry Collections, Rose Gold Tone & Rhodium Finish, Clear Crystals  ",$105.00
62,62 image.jpg,"Cross Tiger Eye Stone Agate Bracelet, Horuhue 8mm Tiger Eye Bracelet Natural Stone Elastic Beads Bangle for Men Women Health  ",$13.99
63,63 image.jpg,4-6 Pcs Mens Womens Crystal Bracelet Jewelry Natural Stone Yoga Healing Bracelet Beads Adjustable 8MM  ,$21.99
64,64 image.jpg,12PCS 8mm Semi Precious Beaded Stone Bracelets for Men Women Healing Stretch Round Bead Crystal Gemstones Bracelets Unisex  ,$27.99
65,65 image.jpg,10 PCS 8MM Lava Rock Stone Bead Bracelet for Men Women Crown King Charm Lion Leopard Head Natural stone Bracelet Set Adjustable Elastic  ,$22.99
66,66 image.jpg,12Pcs 8MM Semi Precious Gemstone Bracelets for Women Energy Healing Stone Beaded Bracelets Statement Crystal Bracelet Charm Bracelets Adjustable  ,$23.99
67,67 image.jpg,Touch Bracelets for Couples Long Distance Lights Up & Vibrating Smart Bluetooth Long Distance Relationship Gifts Bracelet  ,$189.98
68,68 image.jpg,Infinity Love Bracelet for Women White/Rose Gold Plated Bangle Silver Tone Jewelry 5A Cubic Zirconia Bracelets for Christmas Mother's Day Valentine's Day Birthday Gifts for Mom Wife Girlfriend Sister Girls Her  ,$40.99
69,69 image.jpg,Men's Braided Genuine Leather Bracelet with Stainless Steel Magnetic Closure  ,$41.29
70,70 image.jpg,6Pcs Chain Bracelets Set for Women Adjustable Fashion 18K Gold Plated Dainty Stainless Steel Twist Figaro Herringbone Chain Cubic Zirconia Link Bracelet Jewelry  ,$19.99
71,71 image.jpg,"Lava Rock Bracelets, Diffuser Authentic Lava Beads for Aromatherapy, Anti-Anxiety Bracelet, Calming Lavender Relaxation Jewelry, Valentines Day Gift for Women, White howlite Charm  ",$25.99
72,72 image.jpg,"7 Chakra Stones Bracelets, 2pcs Handmade Natural Carnelian Crystal Adjustable Bracelet with Wish Card - Braided Beaded Rainbow LGBTQ Bracelet Healing Anxiety Anklet Jewelry Set Yoga Reiki Gift  ",$15.99
73,73 image.jpg,10 Pcs 8mm Stone Semi-Precious Gemstones Beaded Bracelets for Men Women Healing Crystal Stretch Beaded Bracelet Unisex  ,$21.99
74,74 image.jpg,28Pcs Braided Leather Bracelet for Men Women Wooden Bracelet Tree of Life Bracelet Beaded Cuff Wrap Bracelet Adjustable  ,$26.99
75,75 image.jpg,"Bracelet for Couple - Personalized ID Custom Engraving Bracelet, Braided Rope His and Her Bangle, Adjustable Friendship Bracelets for Sister BF GF, Pinky Promise Couple Bracelets Gifts By TempBeau  ",$16.90
76,76 image.jpg,Rose Quartz Bracelet Love Attraction Romance Valentine's Gemstone for Angel Healing Friendship Stress Relief Anxiety Relief Plus Howlite Lava Stone Rhinestone Mala Crystal  ,$17.99
77,77 image.jpg,Rose Quartz Bracelet Love Attraction Romance Valentine's Gemstone for Angel Healing Friendship Stress Relief Anxiety Relief Plus Howlite Lava Stone Rhinestone Mala Crystal  ,$17.99
78,78 image.jpg,Rose Quartz Bracelet Love Attraction Romance Valentine's Gemstone for Angel Healing Friendship Stress Relief Anxiety Relief Plus Howlite Lava Stone Rhinestone Mala Crystal  ,$17.99
79,79 image.jpg,"Moments Sliding Black Leather PANDORA Rose Bracelet, Size: 28cm, 11 inches - 588059CBK-2  ",$64.45
80,80 image.jpg,2-4 Sets Stackable Bracelets for Women Multilayer Beaded Bracelets Stretch Bangles Bohemian Style  ,$22.99
81,81 image.jpg,"Enamel Tile Bracelet Stackable Rainbow Tile Bead Love Stretchy Bracelet Colorblock Enamel Brite Bracelet for Women Set of 4 Strands, 5 5 inch, enamel  ",$26.54
82,82 image.jpg,"Magnetic Heart Bracelet for Mom and Daughter, Mother’s Day Gift from Daughter to Mom, Daughter Gifts from Mom, Matching Heart Magnet Mother Daughter Bracelets  ",$12.99
83,83 image.jpg,Women's Attract Crystal Jewelry Collection  ,$145.00
84,84 image.jpg,"925 Sterling Silver Italian Byzantine Link Chain Bracelet for Women 6.5"", 7"", 7.25"", 7.5"", 8"" 925 Italy  ",$58.76
85,85 image.jpg,"Protection Beaded Bracelet Sets: White Magnesit, Tigers Eye Stone, Black Agate Lava Stone Bracelets Men, Women for Balance Strength Clarity  ",$12.08
86,86 image.jpg,"Women's Stainless Steel and Genuine Leather Bracelet, Leather  ",$68.18
87,87 image.jpg,5.82ct. Genuine London Blue Topaz 925 Sterling Silver Swirl & Spiral 7-8.5 Inch Adjustable Bracelet  ,$109.23
88,88 image.jpg,"Austria Crystals BraceletsButterfly Shaped Aurora Crystals Bracelets for Women Girls,Jewelry Gift for Christmas Day, 7”+2”  ",$29.99
89,89 image.jpg,6 Sets Bohemian Stackable Bead Bracelets for Women Men Stretch Multilayered Bangles Bracelet Set Boho Multicolor Jewelry  ,$21.99
90,90 image.jpg,"Bracelets for Women, White Gold Plated Silver Charm Bracelet for Christmas Gifts, Classic Silver Bangle with Cubic Zirconia, Birthday Jewelry Christmas Gifts for Mom Girls  ",$36.99
91,91 image.jpg,Lava Rock Bracelet for Women Pink Zebra Essential Oil Diffuser Bracelet To My Daughter Bracelet From Mom for Teen Girls Christmas Gifts  ,$15.98
92,92 image.jpg,"99.99% Pure Copper Bracelet for Women-Ultra Powerful 3500 Gauss Anti-Allergies Vintage Flower Copper Magnetic Bangles,Adjustable Bracelets-Gifts for Women  ",$25.88
93,93 image.jpg,6Pcs Black Leather Bracelets for Men Women Braided Leather Mens Bracelet Wristband Cuff Bracelets Set  ,$21.99
94,94 image.jpg,Women 925 Sterling Silver Bracelet Minimalist 4-10MM 5-9 inches Round Bead Chain Girls/Men Solid Silver Bracelet Charm Jewelry Gift  ,$36.90
95,95 image.jpg,"Birthstone Bracelet for Women, 925 Sterling Silver Women Bracelets, Simple and Dainty Women's Bracelet Gifts, Christmas Birthday Anniversary Jewelry Gift for Wife Women Girlfriend Her  ",$49.99
96,96 image.jpg,"Meimeile Zipper Bracelets, Mixed Colors Pack of 12 Pcs(Random Colors) Cute Gifts Zipper Wristband Toy (12)  ",$8.99
97,97 image.jpg,31Pcs Braided Leather Bracelets for Men Women Woven Hemp Cords Tribal Ethnic Rope Wristbands Bracelets Wood Beads Cuff Wrap Bracelet Adjustable Handmade Jewelry  ,$26.99
98,98 image.jpg,"Elegant Surgical Grade Steel Men's Wide Link Stylish Bracelets for Men, Adjustable - 4 Colors to Choose from – Mens Jewelry, Mens Bracelets Metal  ",$39.95
99,99 image.jpg,"Lady Medical Alert id Bracelets-Stainless Steel Medical Bracelets for Women-7.5""  ",$38.66
100,100 image.jpg,Heart Braided Leather Bracelet Charm Chain Bead Charms for Bracelets Women Men Girls Jewelry 18.8cm 7.4inches  ,$13.99
101,101 image.jpg,Rainbow Enamel Tile Bracelets for Women Men Multicolored Tile Bead Bracelets Stackable Colorblock Strand Bracelet Bangles Wedding Bridal Wrist Accessory  ,$21.25
102,102 image.jpg,14K Gold Plated Cubic Zirconia Classic Tennis Bracelet for Women | Adjustable Slider  ,$21.95
103,103 image.jpg,"Pink Hearts Silver Plated Charm Bracelet Set, Jewelry Gifts with Beads, Charms, and Adjustable Snake Chain  ",$15.09
104,104 image.jpg,"Pink Hearts Silver Plated Charm Bracelet Set, Jewelry Gifts with Beads, Charms, and Adjustable Snake Chain  ",$15.09
105,105 image.jpg,"Pink Hearts Silver Plated Charm Bracelet Set, Jewelry Gifts with Beads, Charms, and Adjustable Snake Chain  ",$15.09
106,106 image.jpg,"Women's Silvertone Crystal Pave Heart Stretch Bracelet, One Size, Crystal  ",$24.79
107,107 image.jpg,"Sterling Silver Charm Bracelet with Large Heart Charm, 9""  ",$134.40
108,108 image.jpg,18K Gold Chain Bracelet Tiny Pearl Lucky Evil Eye Turquoise Link Bracelet Sets Minimalist Layering Stacking Jewelry for Women  ,$16.75
109,109 image.jpg,"24pcs/ Set Leather Bracelet for Men Women, Cross/ Life Tree/ Infinity/ Shield Charm Bracelets, Wood Wooden Beads Wide Wristband, Braided Woven Ethnic Tribal Vintage Bangle , Stretch Adjustable Length  ",$27.99
110,110 image.jpg,"Men's Stainless Steel and Beaded Bracelet, One Size, Lava stone, Stainless Steel  ",$59.00
111,111 image.jpg,"Pandora Moments Family Tree Heart Clasp Snake Chain Bracelet, Clear CZ 925 Sterling Silver Charm Bracelet  ",$54.45
112,112 image.jpg,Sterling Silver 060-Gauge Diamond-Cut Rope Chain Link Bracelet  ,$41.20
113,113 image.jpg,Infinity Heart Symbol Charm Bracelet for Women 925 Sterling Silver Stainless Steel Adjustable Anniversary Valentine's Day Jewelry Gift Birthday Gifts for Women Mom Wife Girls Her  ,$69.99
114,114 image.jpg,"Morse Code Bracelets for Women Men, Matching Heart Magnet Bracelets for Best Friend, Magnetic Heart Bracelet for Couples, wood bead  ",$16.99
115,115 image.jpg,Natural 8mm Gorgeous Semi-Precious Gemstones Healing Crystal Stretch Beaded Bracelet Unisex  ,$11.35
116,116 image.jpg,Medical Alert Bracelets Personalized Silicone Sport Emergency Wristband for Men and Women Custom Free Engraving Bracelet Unisex Waterproof ID Bracelet  ,$17.99
117,117 image.jpg,Vintage Designer Austrian Rhinestones Gold Plated Tree of Life Charm Bracelets Popcorn Chain Jewelry for Women  ,$59.99
118,118 image.jpg,"Mens Bracelets,Leather and Steel Bracelets, Chain Bracelets with Magnetic Clasp,Steel Bracelets for Men  ",$24.99
119,119 image.jpg,"Gold Bead Bracelet for Women,14K Gold Plated Bead Ball Bracelet Stretchable Elastic Bracelet  ",$13.99
120,120 image.jpg,MAIHAO Women Jewelry Solid 925 Sterling Silver Womens Charm Bangle Bracelet Nice Gift  ,$19.24
121,121 image.jpg,925 Sterling Silver 30mm Hammered Cuff Bangle Bracelet Expandable Stackable Fine Jewelry For Women Gifts For Her  ,$315.45
122,122 image.jpg,Women's Angelic Pierced Earrings  ,$235.00
123,123 image.jpg,"Poetic Blooms Bracelet, Mixed Enamels & Clear CZ 590744CZ  ",$80.45
124,124 image.jpg,"Forever Love Heart Bracelet 925 Sterling Silver with Birthstone Zirconia, Anniversary Valentine's Day Birthday Jewelry Gift for Girls Gifts for Women  ",$99.99
125,125 image.jpg,Tone Pave Fulton Hinge Bangle Bracelet  ,$106.06
126,126 image.jpg,"Women's Twist Rows Bangle Bracelet, Rhodium Finish, White Sparkling Crystals Bracelet Collection  ",$166.98
127,127 image.jpg,Jewelry - Moments Heart Clasp Snake Chain Charm Bracelet for Women in Sterling Silver  ,$54.45
128,128 image.jpg,"Genuine Italian Double Wrap Braided Leather Bracelet for Men Women, Stainless Steel Magnetic Closure, Made in Italy, Large - 9""Length, Leather  ",$27.90
129,129 image.jpg,Black Leather Bracelets for Men Women 5Pcs Mens Bracelet Leather Braided Leather Wristband Stainless Steel with Magnetic Clasp Cuff Bracelets Set 7.5-8.5 inches  ,$23.99
130,130 image.jpg,"Charm Bracelet Fit Charms 925 Sterling Silver Basic Snake Chain Bracelet for Women Girls, Signature Bracelet with Sparkling Round Clasp Charm Clear CZ FQ00016  ",$67.99
131,131 image.jpg,Set of 12 Black Gummy Bracelets/Bands  ,$9.99
132,132 image.jpg,14k Yellow Gold Filled Solid 3.2mm Figaro Link Bracelet (8.5 inch)  ,$43.56
133,133 image.jpg,6 Sets Bohemian Stackable Bead Bracelets for Women Men Multilayered Bracelet Set Pendant Charm Stretch Bangles  ,$20.99
134,134 image.jpg,Bamboo Tube Bangles Bracelet Chunky Curved Stacking Clear Acrylic Colorful Beads Stretchable Friendship Gold Bracelets Gift For Women  ,$27.88
135,135 image.jpg,Women Bangle Bracelets Adjustable Rose Gold Bangles Girls Birthday Graduation Inspiration Gift for Friends Sisters  ,$12.99
136,136 image.jpg,Dainty Bracelets for Women 14K Gold Plated Tiny Cubic Zirconia Leaf Dot Chain Bracelets Minimalist Personalized Adjustable CZ Leaves Pull Chain Bracelet for Women Everyday Jewelry Gifts  ,$19.39
137,137 image.jpg,Chunky Infinity Knot Chain Bracelet 925 Sterling Silver Charm Bracelet  ,$134.25
138,138 image.jpg,"Toggle Chain Bracelet with Logo Heart Link Charm Bracelet, Crystal  ",$28.00
139,139 image.jpg,"Solid 925 Sterling Silver Italian 3mm Snake Chain Bracelet for Women Men Teen Girls, Charm Bracelet 6.5, 7, 7.5, 8, 8.5, 9 Inch Made in Italy  ",$29.90
140,140 image.jpg,Jewelry - Pandora Moments Slider Bangle Bracelet for Women in Sterling Silver with Clear Cubic Zirconia  ,$84.45
141,141 image.jpg,"925 Sterling Silver Italian 5mm Mesh Link Chain Bracelet for Women, 6.5"", 7""-7.5""-8""  ",$24.90
142,142 image.jpg,925 Sterling Silver Medical Alert Figaro Nautical Anchor Ship Wheel Mariners Link Id Bracelet 7.5 Inch Fine Jewelry For Women Gifts For Her  ,$155.45
143,143 image.jpg,Simple Plain Round Stackable .925 Sterling Silver Bead Ball Strand Stretch Bracelet For Women 6 8 10 MM 7.5 8 8.5 9 Inch  ,$70.90
144,144 image.jpg,"Jewelry Men's Carabiner Stainless Steel, Brown Leather & Multicolor Cord Leather Bracelet Color: Brown (Model: 2790363), standard, Stainless Steel & Brown Leather & Multicolor Cord, no gemstone  ",$88.99
145,145 image.jpg,"Divine Guides Expandable Bangle Bracelet for Women, Archangel Michael Engraved Charm, Rafaelian Finish, 2 to 3.5 in, Expandable  ",$37.50
146,146 image.jpg,"Personalized Tiny Heart/Star/Moon/Dot/Lotus Bracelet, Sterling Silver Dainty Link Chain Bracelet for Women, Silver/Gold/Rose Gold (with Gift Box)  ",$24.99
147,147 image.jpg,"AX Armani Exchange Men's Blue and Navy Reversible Leather Strap Bracelet (Model: AXG0106040), One Size, Leather, no gemstone  ",$75.00
148,148 image.jpg,"20 PCS Braided Leather Bracelets for Men Women Life Tree Punk Rope Bracelet Cuff Vintage Bracelets Wrap Wood Beads Set, Adjustable  ",$20.99
149,149 image.jpg,Jewelry - String of Beads Sliding Bracelet for Women in Sterling Silver  ,$40.45
150,150 image.jpg,Couples Bracelets Magnetic Distance Couple Bracelets His and Her Lover Bracelet Jewelry…  ,$11.19
151,151 image.jpg,Men's Casual Stainless Steel and Genuine Leather Bracelet  ,$89.00
152,152 image.jpg,Jewelry - Black Leather Charm Bracelet for Women with Sterling Silver  ,$44.45
153,153 image.jpg,"Morse Code Bracelet,Vintage Promise Distance Friendship Bracelets Hand Made Beads String Rope Bracelet for Women Men Friend Couples(Fuck Off)(4PCS)  ",$18.99
154,154 image.jpg,Adjustable Silver Bracelet for Women Infinity Chain Bracelets for Teen Girls Mother's Day Anniversary Birthday Valentine's Day Gift for Girlfriend Mom  ,$31.99
155,155 image.jpg,Leather Wrap Bracelet for Women Rhinestone Infinity Bracelet Modern Boho Cuff Bracelet Womens Leather Cuff Multi Strand Bracelets for Women Teen Girls  ,$15.99
156,156 image.jpg,"Best Friend Gifts for Women, Best Bi.ches/Friendship/Bestie/Pinky Promis Bracelet, Natural Stone Beaded, Birthday, Easter, Thanksgiving, Christmas Gifts for Women, Girls, Bestie Sister,BFF  ",$21.99
157,157 image.jpg,"4 Pieces Lava Stone Bracelets 7 Colors Chakra Beads, Aromatherapy Bracelets Bangles for Essential Oils (Style Set 1)  ",$15.56
158,158 image.jpg,Jewelry - Moments Sparkling Pavé Clasp Snake Chain Charm Bracelet for Women in Sterling Silver with Clear Cubic Zirconia  ,$85.15
159,159 image.jpg,Pandora Moments Red Woven Leather PANDORA Shine Bracelet  ,$74.45
160,160 image.jpg,"Elegant Titanium Steel Rhinestone Magnetic Therapy Bracelet Pain Relief for Arthritis and Carpal Tunnel,Adjustable with Free Link Removal Tool  ",$28.99
161,161 image.jpg,"Men's Casual Stainless Steel and Genuine Leather Bracelet, Stainless Steel Leather  ",$69.00
162,162 image.jpg,925 Sterling Silver Cubic Zirconia Tennis Bracelet 18K White Gold Plated 3-4mm Round-Cut CZ Classic Tennis Bracelets for Women 7-8 Inch  ,$36.99
163,163 image.jpg,"Mens Chunky Cuban Chain Bracelet, 6/10/14mm Width, 19/21CM, 18K Gold Plated/316L Stainless Steel (Send Gift Box)  ",$16.71
164,164 image.jpg,Women's Symbolic Evil Eye & Charm Blue Crystal Jewelry Collection  ,$165.00
165,165 image.jpg,26/27Pcs Braided Leather Bracelets for Men Women Woven Cuff Wrap Bracelets Hemp Cords Wood Beads Ethnic Tribal Bracelets Set Leather Wristbands Adjustable  ,$21.99
166,166 image.jpg,Red String Bracelet Red Bracelet for Protection Good Luck Bracelet for Women Red Bracelet for Girls Small Round Rhinestone Hand Rope Gifts for Friends  ,$13.99
167,167 image.jpg,925 Sterling Silver Religious Sideways Cross Bracelets For Women Men Cross Jewelry Christian Bracelet Adjustable Link Chain  ,$26.99
168,168 image.jpg,GMESME 18K White Gold Plated 3.0mm Cubic Zirconia Classic Tennis Bracelet 6/6.5/7/7.5/8/8.5/9 Inch  ,$19.99
169,169 image.jpg,"Compatabile with Fitbit Charge 3 Band/Fitbit Charge 4 Band, Stainless Steel Replacement Bracelet Strap with Unique Magnet Lock for Fitbit Charge 3 SE/3/4 for Men Women  ",$12.99
170,170 image.jpg,Rose Gold Initial Bracelet Letter Bracelet Adjustable Chain Bracelet Personalized Jewelry for Women  ,$14.99
171,171 image.jpg,"Birthday Gifts for Girls - 925 Sterling Silver Beads Bracelet, Birthday Bracelet Ideas Jewelry  ",$32.99
172,172 image.jpg,"925 Silver Tennis Bracelet with cubic zirconia for woman, 7 5 inch, Sterling Silver , Cubic Zirconia  ",$59.99
173,173 image.jpg,"925 Sterling Silver Clear CZ Clasp Snake Chain Bracelet Basic Charm Bracelets Fit Any Charm, with for Teen Women  ",$22.99
174,174 image.jpg,"Solid 925 Sterling Silver Italian 5mm Diamond-Cut Figaro Chain Bracelet for Women Men, 6.5”, 7”, 7.5”, 8"", 9""  ",$23.90
175,175 image.jpg,"Bracelet for Men & Women, Handmade Cowhide Leather Wrap Bracelet, Multilayer Vintage Anchor Cuff Bracelet, Different Sizes for Men/Women/Couples/Lovers/Partners  ",$16.99
176,176 image.jpg,Solid 925 Sterling Silver Fish Cuff Bangles For Women And Men ~ Twisted or Straight Type ~ Armband Man Fashion Jewelry ✬✬✬By Fantasy World✬✬✬  ,$145.73
177,177 image.jpg,"2Pcs Figaro Chain Bracelets for Men Women Stainless Steel Mens Chain Bracelet Silver Gold, 7"", 7.5"", 8"", 8.5"" Italian Style Cuban Link Bracelet  ",$17.99
178,178 image.jpg,Double Row Black Leather Braided Bracelet for Men Women Cool Chunky Leather Wristband with Beads Gift for Him  ,$27.99
179,179 image.jpg,8mm 108 Mala Beads Wrap Bracelet Necklace for Yoga Charm Bracelet Natural Gemstone Jewelry for Women Men  ,$26.14
180,180 image.jpg,10 Pcs 8mm Gemstones Beaded Bracelets for Men Women Lava Stone Essential Oil Diffuser Healing Stretch Round Bead Crystal semi-precious Bracelets Unisex  ,$23.99
181,181 image.jpg,Natural Multi Color Semi Precious Gemstone Round Bead 8MM Strand Stackable Stretch Bracelet for Women Men Teen Unisex  ,$25.87
182,182 image.jpg,"10 Pcs Braided Leather Bracelet for Men Women Wooden Beaded Bracelets Wrap Adjustable, 9.5 inches, Leather  ",$16.99
183,183 image.jpg,Feng Shui Black Obsidian Bracelet Pi Xiu Bracelet Chinese Bracelet Handmade Feng Shui Bracelet Bead Amulet Elastic Attract Wealth and Good Luck Bracelet for Women Men 2 Pcs  ,$13.19
184,184 image.jpg,"Women's Tension Bracelet Duo, Rose Gold, One Size, One Size, Glass  ",$23.60
185,185 image.jpg,"Smarter LifeStyle Elegant Medical Alert Bracelets for Men, Surgical Grade Steel Medical ID Bracelets for Men, Medical Bracelets for Men (Penicillin Allergy Bracelet for Men)  ",$39.95
186,186 image.jpg,Butterfly Friendship Bracelets Matching Bracelets for Best Friends Bff Bracelets for 2 Girls Best Friend Bracelet for 2  ,$14.99
187,187 image.jpg,Me Link 925 Sterling Silver Bracelet  ,$236.78
188,188 image.jpg,Silver chain bracelet for men ~ sterling silver 925 mens braided chain bracelet ~ 4mm/5mm/6mm width ✬✬✬By Fantasy World✬✬✬  ,$133.22
189,189 image.jpg,"Women's Tennis Bracelet and Earring Collection, Rhodium Finish, Clear Crystals  ",$195.00
190,190 image.jpg,Women's Silver-Tone Stainless Steel Chain Bracelet  ,$67.54
191,191 image.jpg,"Beaded Wrap Bracelet for Women, Brilliance Beads, Flexible Wire, Fits Most Wrists, One Size, no gemstone  ",$50.57
192,192 image.jpg,Basic G Logo Heart Link Bracelet  ,$24.11
193,193 image.jpg,"Birthstones Expandable Bangle for Women, Birthday Crystal Charms, Shiny Finish, 2 to 3.5 in, One Size, Brass  ",$17.26
194,194 image.jpg,"S925 Silver heavy bracelet for men, Chinese Dragon braided charm Bohemian bracelet, silver Pixiu bracelet, engraved, good luck charm  ",$305.00
195,195 image.jpg,10k Yellow Gold 7 Inch 5.5mm Double Link Charm Bracelet Fine Jewelry For Women Gifts For Her  ,$365.45
196,196 image.jpg,Jewelry - Moments Snake Chain Charm Bracelet for Women in Sterling Silver with Clear Cubic Zirconia  ,$55.45
197,197 image.jpg,Pearl Bracelet for Women Gold Adjustable Slider Bracelet Dainty Freshwater Baroque Bracelet for Wedding Bride Bridesmaid Gift  ,$20.99
198,198 image.jpg,1920s Flapper Imitation Pearl Bracelet Great Gatsby Pearl Bracelet Roaring 20s Accessories  ,$21.99
199,199 image.jpg,Braided Leather Bracelets for Men Adjustable Leather Wrap Bracelet Black Beaded Bangle Wrist Cuff Bracelet Set  ,$16.99
200,200 image.jpg,6PCS Bead Bracelets for Men Women Lave Rock Aromatherapy Essential Oil Diffuser Bracelet Natural Stone Yoga Beads Bracelet Set  ,$21.99
201,201 image.jpg,2PCS Lava Stone Healing Yoga Bracelet Blue Turquoise Chakra Agate Natural Beads 8MM Strand Reiki Leaf Charm Bnagle  ,$13.69
202,202 image.jpg,"YINOX Magnetic Bracelets for Women stainless steel bracelets Pain Relief for Arthritis 3500 Gauss Magnets Steel Bracelets for Carpal Tunnel Syndrome Antique Style Blue Turquoise Jewelry, 10 inch, Stainless Steel  ",$32.57
203,203 image.jpg,"All-Gender Stainless Steel Bracelet, One Size, Stainless Steel, no Gemstone  ",$106.03
204,204 image.jpg,"925 Sterling Silver Diamond-Cut Adjustable Bolo 2.5mm Bead Bracelet for Women, Handmade Italian Beaded Ball Chain Bracelet, Choice White or Yellow  ",$29.90
205,205 image.jpg,"Men's Casual Stainless Steel and Genuine Leather Bracelet, 120MM end to end, Leather  ",$69.00
206,206 image.jpg,12Pcs Healing Stone Beaded Bracelets for Women Men Semi-Precious Gemstones Bracelets Crystal Beaded Bracelet Unisex Adjustable Stretch Bracelets 8MM  ,$25.99
207,207 image.jpg,15pcs Men Women Linen Hemp Cords Wood Beads Ethnic Tribal Bracelets Leather Wristbands  ,$32.29
208,208 image.jpg,14K Gold Plated 2mm Cubic Zirconia Classic Tennis Bracelet | Gold Bracelets for Women | Size 6.5-7.5 Inch  ,$20.95
209,209 image.jpg,"Lava Rock Bracelet - 8mm Stone Tiger Eye Bracelet Lava Rock Bracelet , Stress Relief Yoga Beads Adjustable Bracelet Anxiety Aromatherapy Essential Oil Diffuser Healing Lava Bracelet for Men Women  ",$15.99
210,210 image.jpg,"7 Chakras Real Lava Stone Bracelet for Women and MenEnergy and Protection- Balance Your Chakras –Meditation, Healing, Yoga, Grounding, Self Confidence,  ",$17.00
211,211 image.jpg,"Sterling Silver Alternating Cubic Zirconia Tennis Bracelet, 7.5""  ",$52.30
212,212 image.jpg,"Waterproof Braided Rope Leather Bracelet Men/Women, Boyfriend Gift, 18/20/22CM (Send Gift Box)  ",$15.59
213,213 image.jpg,Mens Copper Bracelets for Arthritis Pain & Carpal Tunnel Magnetic Therapy Bracelet for Men Women with Ultra Strong Magnets Tree of Life Pattern Adjustable Cuff Bangle  ,$19.99
214,214 image.jpg,24PCS Braided Leather Bracelets for Men Women Punk Goth Vintage Bracelet Adjustable Life of Tree Bracelet Rope Wrap Set  ,$19.99
215,215 image.jpg,Healing Crystal Anxiety Bracelet For Women Healing Stone Jewelry Calming Stress Quartz Aromatherapy Lava Rock Bead Diffuser Bracelet Essential Oil Depression And Anxiety Relief Gifts For Women(6mm)  ,$19.55
216,216 image.jpg,"PowerKing 2 Tier Velvet Jewelry Stand Display, T-Bar Jewelry Organizer, Bracelet Holder for Bracelet Necklace Watch (Black)  ",$19.98
217,217 image.jpg,"Men 925 Sterling Silver Solid Miami Cuban Link Chain Bracelet -10MM - 12MM- Curb Cuban Bangle 7"" 7.5"" 8"" 8.5"" 9"" 9.5""10"" Thick Big Link Man Teen Boys Jewelry Gift  ",$87.90
218,218 image.jpg,Zodiac Sign Bead Birthday Charms 925 Sterling Silver Birthstone Charms Fits Women's Charm Bracelet & Necklace Bangle Gifts for Girls & Friends  ,$19.99
219,219 image.jpg,"Wedding Teardrop Bracelets for Brides Bridesmaids, Crystal Cubic Zirconia Bridal Bracelets for Women Prom  ",$25.99
220,220 image.jpg,Mens Beaded Bracelets Matte Lava Rock Volcanic Stone Beads for Women Stretch Bracelet  ,$17.98
221,221 image.jpg,9 pcs Cartoon Comics Slap Bracelets Silicone Slap Wristband Dress up Cosplay Costume Party Birthday Supplies Favors for Boys & Girls（Random Pattern）  ,$16.99
222,222 image.jpg,925 Sterling Silver Slip On Bangle Bracelet Cuff Expandable Stackable Fine Jewelry For Women Gifts For Her  ,$345.45
223,223 image.jpg,14k Rose Gold 2 mm Figaro Link Chain Bracelet (7.5 inch)  ,$101.67
224,224 image.jpg,Inspirational Men's Christian Cross Bracelet I Can Do All Things Through Christ Who Strenghens Me Stainless Steel Adjustable Silicone Bracelets  ,$12.99
225,225 image.jpg,"Baptism Gifts, First Communion Gifts for Girls, Easter Gifts Pink Pearl and Rhinestone Bracelet Religious Bracelet Jewelry for Girls  ",$21.99
226,226 image.jpg,Stardust Fuchsia Double Bracelet 5089833-M - Medium  ,$63.64
227,227 image.jpg,"HASKARE Tiger Eye Bracelet Mens Womens Natural Stones Onyx Lava Tiger Eye Beads Bracelet Adjustable 7.5""-8.8""  ",$45.99
228,228 image.jpg,"Solid 925 Sterling Silver Italian 12mm Mesh Link Chain Bracelet for Women Men, 6.5, 7, 7.5, 8 Inch Made in Italy  ",$57.63
229,229 image.jpg,"Women's Plated Stainless Steel Engravable Personalized Gift Bracelet, One Size  ",$59.00
230,230 image.jpg,Pre-Engraved Rose Gold Simple Rolo Chain Medical id Bracelet for Women & Girl  ,$43.23
231,231 image.jpg,JOYIN 100 PCs Slap Band Slap Bracelets Party Bag Fillers for Kids (24 Designs) with Colorful Hearts Animal Emoji Valentine's Prints Party Favours Pack  ,$25.99
232,232 image.jpg,"Women's Rose Gold-Tone Stainless Steel Bangle Bracelet (Model: MKJ7998791), No Size, Stainless Steel, no Gemstone  ",$96.34
233,233 image.jpg,Platinum or Yellow Gold Plated Swarovski Zirconia Tennis bracelet  ,$115.00
234,234 image.jpg,YUREN Romantic Love 925 Sterling Silver Bracelet Infinity Endless Love Symbol Charm Bracelet for Woman Tai Chi Hanging Heart Bracelet Tassel  ,$7.35
235,235 image.jpg,"Handmade Braided Woven Friendship Bracelets for 6, Matching Bracelect for Best Friend, Cool Wrist Bracelets With a Sliding Knot, Graduation Gifts for Boys, Girls Men Women  ",$15.99
236,236 image.jpg,"2pcs Magnetic Couples Bracelets for Women Men, Heart-Shaped Magnetic Bracelets for Couples, Black Matching Bracelets for Best Friend, Magnetic Bracelets for Boyfriend and Girlfriend  ",$12.99
237,237 image.jpg,14K Gold Plated 925 Sterling Silver Cubic Zirconia Solitaire Diamond Bracelet | Bridesmaid Bracelets | Gold Bracelets for Women  ,$15.95
238,238 image.jpg,"925 Sterling Silver Italian 5mm Solid Diamond-Cut Cuban Link Curb Chain Bracelet for Men Women, 6.5, 7, 8, 9 Inch  ",$20.90
239,239 image.jpg,Handmade Evil Eye Bracelet 7 Knot Good Luck Red String Kabbalah Protection Bracelets Adjustable Jewelry Gifts for Women Men Boys Girls Family Friend Mother's Day Gift Idea  ,$12.99
240,240 image.jpg,To My Son Bracelet Love You Forever Pray Through It Cross Leather Bracelet Black Braided Leather Cross Bracelet Magnetic Closure Leather Bracelet Religious Jewelry Gift for Men Boys  ,$19.99
241,241 image.jpg,925 Sterling Silver Delicate Freshwater Cultured Pearl Strand Adjustable Bracelet For Little Girls - Classic and Elegant Children's Jewelry For Formal Occasions - Gifts For Religious Events  ,$34.99
242,242 image.jpg,"2PCS Bracelet for Men 0.59"" Wide Chain Link Magnetic Bracelet Stainless Steel Mens Bracelets, Black and Silver, 8.66 Inch  ",$14.59
243,243 image.jpg,4Pcs Hematite Powerful Magnetic Bracelet for Arthritis Pain Releif Energy Reiki Healing Bracelet for Men Women  ,$28.48
244,244 image.jpg,925 Sterling Silver Medical Alert Curb Link Id Bracelet 7.5 Inch Fine Jewelry For Women Gifts For Her  ,$149.45
245,245 image.jpg,Gold Layered Dot Herringbone Beaded Chain Bracelet for Women 18K Gold Plated Lightweight link Chain Bracelets Layering Snake Bracelet Charm Bracelet Minimalist Handmade Jewelry Gift  ,$20.99
246,246 image.jpg,Lovely Soft Bracelet Rose Gold Shiny Crystal  ,$211.20
247,247 image.jpg,Tennis Bracelet for Women Crystal Rhinestone Bracelet for Teen Girls Silver Rose Gold Dainty Full Diamond Bracelets Mothers Day Gifts Birthday Gifts  ,$15.99
248,248 image.jpg,6 Sets Bohemian Beaded Bracelets for Women Stackable Bracelets Aesthetic Evil Eye Tassel Bracelet Boho Charms Stretch Multilayer Colorful Beads Bracelet Pack  ,$19.99
249,249 image.jpg,Free Engraving Stainless Steel Masculine Watch Wrist Band Link Medical ID Bracelet Men's Medical Alert Wristband for him-Adjustable  ,$16.95
250,250 image.jpg,925 Sterling Silver 9 Inch Solid Knot Link Anklet Ankle Beach Chain Bracelet Fine Jewelry For Women Gifts For Her  ,$175.45
251,251 image.jpg,Fulton Hinge Bangle Bracelet  ,$153.15
252,252 image.jpg,"Women's Stretch Tassel Bracelet, Silver, 0, Glass  ",$23.16
253,253 image.jpg,"10 Pack Natural Bracelets, Resealable Wristbands for Kids & Adults, for Outdoor Indoor Hiking Patio Use  ",$16.99
254,254 image.jpg,"Daisy and Color Beaded Expandable Bangle for Women, 2 to 3.5 in, One Size, no gemstone  ",$37.62
255,255 image.jpg,Jewelry - Adjustable Pink Sparkling Slider Tennis Bracelet for Women in Sterling Silver with Pink Cubic Zirconia  ,$84.45
256,256 image.jpg,Tennis Bracelets for Women Cubic Zirconia Bracelet Adjustable Slider Bracelet Jewelry  ,$21.98
257,257 image.jpg,"Men's Bracelet, 18K Real Gold Plated Miami Cuban Link Bracelet for Men, Durable No Color Fading Cuban Bracelet 6mm 9mm Men’s Gold Bracelet Street Wear Urban Fashion  ",$32.99
258,258 image.jpg,10mm Beaded Bracelets for Men Women Couples Bracelet Set Lava Rock Anxiety Jewelry 2pcs  ,$16.98
259,259 image.jpg,Minimalist Original 925 Sterling Silver Banglest Women DIY Stackable 1/2/3 .Countless Set Bracelet 2MM Thick Diameter 60 mm -65 mm -68 mm Jewelry Gift Wife Girls Her  ,$65.90
260,260 image.jpg,Original Women's 925 Sterling Silver Bracelet - Minimalist Glossy 3/6/9 Ring Bangle Thick 2MM: 2.3/2.5 in Diameter Bracelet Party Jewelry Bohemian  ,$64.90
261,261 image.jpg,"Hand Crafted Thickest 100% Turkish Hammered Copper Unisex Cuff Bracelet, 1.5mm Thick Solid High Gauge Pure Copper. Reduce Joint Pain and Inflammation & Stress  ",$47.80
262,262 image.jpg,Mens Beaded Bracelets Couples Matching Bracelet Set Lava Rock Beads for Women Stone Jewelry  ,$12.98
263,263 image.jpg,"Women's Emily Tennis Style Bracelet Collection, Clear, Blue and Pink Crystals (Amazon Exclusive)  ",$165.00
264,264 image.jpg,"30 Pack LED Fairy Lights Battery Operated - Mini Fairy String Lights 7ft Silver Wire 20 LED Tiny Firefly Lights for Mason Jars, Bedroom, DIY Party, Patio Table, Wedding, Christmas Decor (Warm White)  ",$28.99
265,265 image.jpg,"Gold Ankle Bracelets for Women,14K Gold Plated Layered Anklets Women Cuban Link Pearl Dainty Foot Jewelry for Summer Beach,Adjustable  ",$19.99
266,266 image.jpg,"To My Man/Husband/Boyfriend/Son/Dad/Brother Gifts, Black Onyx Lava Stone Bracelet for Men Teens  ",$19.99
267,267 image.jpg,Classic Cuff Bracelet  ,$89.00
268,268 image.jpg,"925 Sterling Silver Italian 9mm Classic Byzantine Chain Link Bracelet for Women, 7.00"", 7.25"", 7.5"" 8"" 925 Italy  ",$103.96
269,269 image.jpg,14k Yellow Gold Hinged Bangle Bracelet Cuff Expandable Stackable 7 Inch Fine Jewelry For Women Gifts For Her  ,$605.45
270,270 image.jpg,Women's Stainless Steel Rose Gold-Tone Slider Bracelet with Crystal Accents  ,$103.77
271,271 image.jpg,"Sturdy Figaro/Cuban Chain Bracelet, 6/9/13mm Width,7.5/8.3"" Length,18K Gold Plated/316L Stainless Steel/Box(Send Gift Box)  ",$16.79
272,272 image.jpg,Boho Bangle Leather Bracelet for Women Rhinestone Bangle Bracelet for Teen Girls Magnetic Wide Edge Bracelet Leather Wrap Cuff Bracelet  ,$15.98
273,273 image.jpg,925 Sterling Silver Chain Hand Bracelet for Women's Stars Chain Bracelets Layered Adjustable Bracelet Charm Beaded Bracelet Friendship Link Bracelet Anniversary Birthday Gift  ,$17.99
274,274 image.jpg,"10k Tricolor Gold Double Cable Link Bracelet (3.8 mm, 7.25 inch)  ",$280.31
275,275 image.jpg,Carnilean Crystal Bracelet for Women Handmade Natural Gemstone Bracelet Red Carnelian Round Beads Stretch Healing Bracelet  ,$14.99
276,276 image.jpg,10k Yellow Gold 2.5mm Link Figaro Chain Anklet Ankle Beach Bracelet Fine Jewelry For Women Gifts For Her  ,$235.45
277,277 image.jpg,"14K Gold Plated Cubic Zirconia Classic Tennis Bracelet | Gold Bracelets for Women | 4mm CZ, Size 6.5-7.5 Inch  ",$63.51
278,278 image.jpg,Leather Beaded Tiger Eye Stone Bracelet for Men Women  ,$32.00
279,279 image.jpg,"Women's Jewelry Stainless Steel Disc Bracelet, Stainless Steel  ",$58.99
280,280 image.jpg,Women's Ginger Crystal Jewelry Collection  ,$145.00
281,281 image.jpg,"Motivational Meniere's Disease Bracelet, I Am Not Drunk I Have Meniere's, Inspirational Meniere's Disease Awareness Gifts for Meniere's Disease Warrior  ",$34.51
282,282 image.jpg,"925 Sterling Silver Heart Bracelet for Women Love Heart Simple Silver Bracelet Mother's Day Valentine's Day Gift Jewelry Bracelet Adjustable 7.1""-9.1""  ",$19.99
283,283 image.jpg,2 Pieces Couple Bracelets for Him and Her Stainless Steel Partner Bracelet Gift for Couple Lover Friends  ,$9.99
284,284 image.jpg,"Men's Jewelry Link Bracelet, Color: silver (Model: 2790313)  ",$84.99
285,285 image.jpg,GMESME 18K White Gold Plated 5mm Round Cubic Zirconia Classic Tennis Bracelet  ,$23.04
286,286 image.jpg,"Pagosa' Circle Linking Station Bracelet in Gold-Plated Sterling Silver, 7.5"" + 2"", 7.5 inches, not known  ",$60.75
287,287 image.jpg,"KRKC&CO Men’s Cuban Link Bracelet, 18K Gold Plated/Stain Silver Stainless Steel Bracelet 8/10/12/14mm, Anti-Allergies Anti-Tarnish, Hip Hop Bracelets for Men Homme  ",$44.99
288,288 image.jpg,Black Leather Strap Bracelet  ,$104.88
289,289 image.jpg,Leather Bracelet for Women Leather Wrap Bracelets Metal Heart Leather Wristband Bracelets Unisex Bangles Bracelet Jewelry Gift  ,$14.99
290,290 image.jpg,Handmade Lucky Rope Bracelet Red nylon rope Copper Tibetan Bracelet Beads Women Men's Wax Line Braceletsgift  ,$12.99
291,291 image.jpg,"Sterling Silver Heart Tag Bracelet, 7.5""  ",$75.90
292,292 image.jpg,"4 Pcs Wooden Rosary Jesus Bracelet Stretch Bangle, Strechable Small Panel Bracelet, with Pictures of Religious Saints Catholic Holy Gods Goddess Prayer Manifestation Bracelet, Code, Wood  ",$13.99
293,293 image.jpg,"Armani Exchange Braided Leather Chain Bracelet, Leather  ",$87.05
294,294 image.jpg,Men's Plated Stainless Steel Engravable Personalized Gift ID Bracelet  ,$109.00
295,295 image.jpg,KISSING C HINGED BANGLE - ROSE GOLD  ,$87.42
296,296 image.jpg,"Solid 925 Sterling Silver Italian 2.5mm Diamond-Cut Braided Franco Square Box Link Chain Necklace Bracelet for Men Women 7, 8, 16, 18, 20, 22, 24, 26, 30 Inch Made in Italy  ",$29.90
297,297 image.jpg,"Surfer Heishi Bracelets for Women Stackable Rainbow Vinyl Disc Clay Beaded Stretch Bracelets Elastic Layering Friendship Bracelets Boho Summer Beach Jewelry, Plastic, not known  ",$12.99
298,298 image.jpg,Simple Basic Thin Stacking Bangle for Women Teen Bracelets Round Smooth Plain Twist 18K Yellow Gold Plated 2MM 2.5MM  ,$23.06
299,299 image.jpg,"Sport Bands Compatible with Apple Watch Band for Women Men,Soft Silicone Tire Texture Sport Strap Replacement Bracelet Band Compatible with Apple Watch SE Series 6/5/4/3/2/1  ",$13.98
300,300 image.jpg,Multilayer Leather Wrap Bracelet Heart-Shape Wide Cuff Bracelets for Women Girls  ,$19.98
301,301 image.jpg,Fashion Smooth Moments Charm 925 Sterling Silver Bracelet Minimalist DIY Women 4MM Bangle Diameter 60-65 MM Jewelry Gift  ,$101.90
302,302 image.jpg,"Petite Evergold Watch, Gold Mesh Bracelet  ",$239.20
303,303 image.jpg,Personality Lock Bracelet Engrave Name 2 Best Friend Friendship Lock Bracelet Couples Bracelets Boy Friend Girl Friend  ,$23.99
304,304 image.jpg,12 Pcs 8mm Gemstones Beaded Bracelets for Men Women Semi-Precious Stone Healing Stretch Round Bead Crystal Bracelets Unisex  ,$23.99
305,305 image.jpg,24 Pieces Evil Eye Bracelets for Women Mexican Protection Bracelets Evil Eye Jewelry Handmade Lucky Bracelets Adjustable Red String Bracelet Mal De Ojo Bracelets for Women  ,$18.99
306,306 image.jpg,Jewelry - Knotted Heart T-Bar Bracelet for Women in Sterling Silver  ,$64.45
307,307 image.jpg,Evil Eye String Bracelets Handmade Red String Evil Eye Bracelet for Women Men Teen Girls Boys 2pcs  ,$14.11
308,308 image.jpg,7 Chakra Stone Bracelets Imperial Jasper Nature Stone Tube Beads Reiki Healing Gemstone Woven wrap Adjustable Leather Yoga Boho Handmade Friendship Bracelet for Men Women Girls  ,$12.99
309,309 image.jpg,Leather Bracelets for Men Women Wrap Bracelet Woven Ethnic Tribal Rope Wristbands Bracelets Set  ,$12.99
310,310 image.jpg,Cute Bracelets for Teen Girls Sunflower String Bracelet Summer Ocean Anklets Surfer Beach Bracelet Adjustable Waterproof Handmade Bracelets Anklets for Women Men Gifts for Teen Girls  ,$17.99
311,311 image.jpg,"925 Sterling Silver Italian 6mm Solid Bismark Mesh Link Chain Bracelet for Women 6.5, 7, 7.5, 8 Inch Made in Italy  ",$31.50
312,312 image.jpg,Big Chunky Multi Colors Crystal Purple Brown Tiger Eye Amethyst Pink Quartz Black Onyx Blue Lapis Green Pink Quartz Blue Red Turquoise Gemstone Chips Cluster Statement Wide Bracelet for Women  ,$16.65
313,313 image.jpg,"Natural Gemstone Bracelet 7.5 In Stretch Gems Stones 8mm (0.31"") Round | Beads Healing Crystals Quartz | Chakra Bracelet | Y2K | Bracelets for Women Men Girls Gifts (Unisex)  ",$15.54
314,314 image.jpg,Set of 10 Interlocking Twist Multi Stacking Bangle for Women Bracelets Round Smooth Thin Silver Tone Stainless Steel for Women Teens  ,$24.47
