ID,Image,Title,Price
1,1 image.jpg,Amazon Basics Large Travel Luggage Duffel Bag - Red  ,$31.29
2,2 image.jpg,Travel Duffle Bags for Men Weekender Over Night Carry On Bag Lightweight Extra Large Oxford Duffel Gym Sturdy Luggage Water-Proof for Men & Women 65cm  ,$39.99
3,3 image.jpg,"CANWAY 65L Travel Duffel Bag, Foldable Weekender Bag with Shoes Compartment for Men Women Water-Proof & Tear Resistant (Heron Gray, 65L)  ",$39.99
4,4 image.jpg,"Women Tote Gym Bag, Yogo Gym Bag With Shoes Compartment,Travel Carry On Bag, Tote Duffel Bag  ",$36.88
5,5 image.jpg,"Sports Gym Bag with Wet Pocket & Shoes Compartment, Workout Travel Duffel Bag for Men and Women Lightweight,Mint Green  ",$25.99
6,6 image.jpg,"55 Liter, 24 Inch Lightweight Canvas Duffle Bags for Men & Women for Traveling, The Gym, Sports Equipment Bag  ",$19.99
7,7 image.jpg,PUMA Unisex-Adult Evercat Form Factor Duffel Bag Duffel Bags  ,$28.10
8,8 image.jpg,Gonex Canvas Duffle Bag for Travel 50L Duffel Overnight Weekender Bag  ,$111.63
9,9 image.jpg,"Gym Bag for Women Small, Travel Duffel Bag Workout Bag Sports Gym Bags with Wet Pocket and Shoe Compartment  ",$32.99
10,10 image.jpg,Amazon Basics Large Travel Luggage Duffel Bag - Black  ,$38.63
11,11 image.jpg,"DALIX 19"" Sports Duffle Bag Gym Travel Pack Black Red Pink Purple Navy Gray Blue  ",$43.70
12,12 image.jpg,PUMA mens Puma Evercat Contender 3.0 Duffel Duffel Bags  ,$37.08
13,13 image.jpg,"Sport Travel Duffle Bag Large Gym Tote Bag for Women, Weekender Bag Carry on Bag for Airplane, Ladies Beach Bag Overnight Bag Waterproof Hospital Bag Luggage Bag with Wet Bag  ",$34.99
14,14 image.jpg,Gym Duffle Bag Waterproof Sports Duffel Bags Travel Weekender Bag for Men Women Overnight Bag with Shoes Compartment Black  ,$54.86
15,15 image.jpg,"Travel Duffle Bag for Men, 65L Foldable Travel Duffel Bag with Shoes Compartment Overnight Bag for Men Women Waterproof & Tear Resistant  ",$29.99
16,16 image.jpg,"Gym Bag Womens Mens with Shoes Compartment and Wet Pocket,Travel Duffel Bag for Women for Plane,Sport Gym Tote Bags Swimming Yoga,Waterproof Weekend Overnight Bag Carry on Bag Hospital Holdalls  ",$39.99
17,17 image.jpg,Gym Duffle Bag Waterproof Large Sports Bags Travel Duffel Bags with Shoes Compartment Weekender Overnight Bag Men Women 40L  ,$39.99
18,18 image.jpg,Carry On Bag for Women with Wet Pocket，Travel Weekender Overnight Duffel Bag with Trolley Sleeve Gym Tote Bags Waterproof Large  ,$39.99
19,19 image.jpg,PUMA Unisex-Child Evercat Transformation Duffel Duffel Bags  ,$26.99
20,20 image.jpg,"COOLBEBE 47"" Sports Duffle Bag - 197L Extra Large Travel Duffel Luggage Bag with Upgrade Zipper, Durable & Water Resistant, Black  ",$32.99
21,21 image.jpg,Aiditex Men & Women Sport Gym Sack Drawstring Backpack Bag  ,$15.98
22,22 image.jpg,"Sports Travel Duffle Bag,Weekender Bag Overnight Bag for Women,Waterproof Sport Gym Bag,Hospital Bag with Shoulder Strap  ",$29.79
23,23 image.jpg,Gym Duffle Bag Waterproof Leather Large Sports Bags Travel Duffel Bags with Shoes Compartment Wet Bag Weekender Overnight Bag Men Women  ,$59.99
24,24 image.jpg,"MOCARE Travel Duffel Bag, Sports Gym Tote Carry on Bags for Women, Foldable Lightweight Overnight Shoulder Weekender Shopping Hospital Handbag with Shoes Compartment (Black)  ",$39.99
25,25 image.jpg,Womens Travel Bags Weekender Carry on for Women Sports Gym Bag Duffel Bag Overnight Shoulder Bag fit 15.6 inch Laptop Blue  ,$32.98
26,26 image.jpg,Bosidu Gym Duffle Bag for Men & Women Waterproof Sports Bag Travel Duffel Bags with Wet Pocket & Shoes Compartment 40L (Black)  ,$49.99
27,27 image.jpg,"40L Travel Duffle Bag Waterproof Carry on Duffel Bag Weekender Duffle Bags Large Sport Gym Bag Overnight Bag for Men and Women with Shoe Compartment and Toiletry Bag, Black  ",$45.99
28,28 image.jpg,Amazon Basics Large Travel Luggage Duffel Bag - Navy Blue  ,$30.48
29,29 image.jpg,Bago Travel Duffel Bags for Men & Women - Lightweight Folding Duffle Bag Luggage 40L 60L 80L 100L 120L 140L  ,$36.99
30,30 image.jpg,"55L Gym Bag for Men, Large Sports Duffle Bags, Lightweight Workout Bags  ",$35.95
31,31 image.jpg,"80L Camping Travel Backpack, Large Capacity Hiking Daypack for Outdoor Climbing Camping Touring Hunting Sports Gear Luggage  ",$29.99
32,32 image.jpg,PUMA Unisex-Adult Evercat Contender Duffel Bag Sports Duffel Bags  ,$53.52
33,33 image.jpg,"Sport Duffle Bag for Men Women 40L Waterproof Gym Travel Duffel Bag with Shoes Compartment Weekender Overnight Bags Lightweight Carry On Bag with Wet Pocket,Black  ",$38.99
34,34 image.jpg,"Ergocar Travel Duffel Bags Men, Large Capacity Waterproof Women Sports Gym Tote Bag, Travel Totes, Adjustable Straps Carry on Bag Weekender Overnight Bag, Orange  ",$24.99
35,35 image.jpg,adidas Unisex-Adult adidas Defender Duffel Bag Medium Duffel Bag  ,$54.99
36,36 image.jpg,Wrangler Unisex-Adult Wesley Rolling Duffel Bag Rolling Duffel Bag  ,$58.87
37,37 image.jpg,"Sports Travel Duffel Bag, Carry on Gym Tote Bag for Women with Shoe Compartment & Wet Pocket Shoulder Weekender Overnight Bag Hospital Bag Travel Luggage Bag for Airplane, Training, Workout, Pink  ",$21.99
38,38 image.jpg,"60 Liter, 26 Inch Duffle Bag – Heavy Duty Extra Large Sports Gym Equipment Travel Duffel Bag for Men and Women (Blue)  ",$19.95
39,39 image.jpg,"Herschel Supply Co. Novel, Black, One Size  ",$99.99
40,40 image.jpg,"Stansport 1230 Deluxe Duffel Bag with Zipper, Olive Green, 36""X13""X13""  ",$27.50
41,41 image.jpg,adidas Unisex-Adult Defender 4 Small Duffel Bag Duffel Bag  ,$50.00
42,42 image.jpg,"Atlantic Fold Away 32-Inch Wheeled Duffle, Black  ",$35.02
43,43 image.jpg,"Gym Duffle Bag for Men Sports Travel Backpack with Shoe and Wet Compartments, Toiletry Bag Carry on Weekender Overnight Backpack Women, Black  ",$36.99
44,44 image.jpg,"QT&QY 40L Military Tactical Duffle Bag For Men Sport Gym Bag Fitness Tote Travel Duffle Bag Training Workout Bag With Shoe Compartment Basketball Football Weekender Bag, Black, Gym Duffle Bag  ",$66.14
45,45 image.jpg,"Lekesky Travel Duffle Bag Women Weekend Overnight Bag Sports Gym Bag with Shoe Compartment Foldable Holdall Bag Water Resistant Weekender Bag for Women Men, Striped, 60L  ",$39.99
46,46 image.jpg,"Travel Duffle Bag, Sports Gym Bag Foldable with Shoes Compartment & Wet Pocket Waterproof Overnight Bag for Men Women (Small)  ",$33.99
47,47 image.jpg,"REDCAMP 60/75/96L Extra Large Duffle Bag Lightweight, 22/25/31"" Water Repellency Travel Duffle Bag Foldable for Men Women, Black/Blue/Red  ",$25.99
48,48 image.jpg,adidas Unisex-Adult Defender 4 Medium Duffel Bag Duffel Bag  ,$55.00
49,49 image.jpg,PUMA Womens Evercat Candidate Duffel Bag Duffel Bags  ,$41.99
50,50 image.jpg,"Small Sports Gym Bag Workout Lightweight Duffel Bags for Men and Women Black X-Small, Black, Small  ",$33.99
51,51 image.jpg,Under Armour Unisex-Adult Undeniable 5.0 Duffle Duffel Bag  ,$66.88
52,52 image.jpg,"Gym Bag Womens Mens,Travel Duffel Bag for Women for Plane,Sport Gym Tote Bags Swimming Yoga,Waterproof Weekend Overnight Bag Carry on Bag Hospital Holdalls with Shoes Compartment and Wet Pocket  ",$39.99
53,53 image.jpg,"Weekender Bag Large Overnight Bag for Women Canvas Travel Duffel Bag Carry On Tote with Shoe Compartment 21"" for Women & Men 3Pcs Set  ",$59.99
54,54 image.jpg,"Felipe Varela Duffle Bag with Shoes Compartment and Adjustable Strap,Foldable Travel Duffel Bags for Men Women,Waterproof Duffel Bags, A Black, 65L  ",$28.99
55,55 image.jpg,"Gym Bag for Women and Men, Waterproof Travel Duffel Bag with Shoes Compartment and Wet Pocket, Sports Duffle Bag Weekender Overnight Bag for Teens Girls Yoga, Black  ",$25.99
56,56 image.jpg,"Witwatia 2 Pack Foldable Travel Duffel Bags, 25L Waterproof Lightweight for Luggage Storage Sports Gym Bag, Sport Totes, Shoulder Shopping Bag for Men Women (Blue+Green)  ",$16.99
57,57 image.jpg,"Leather Duffel Bag 32 inch Large Travel Bag Gym Sports Overnight Weekender Bag by Komal s Passion Leather, brown, 32 inch  ",$129.99
58,58 image.jpg,"Sports Gym Bag with Shoes Compartment & Wet Pocket, Lightweight Travel Duffel Bag for Men and Women 28L, Purple  ",$24.99
59,59 image.jpg,"Sports Gym Bag with Shoes Compartment & Wet Pocket, Lightweight Travel Duffel Bag for Men and Women 28L, Black  ",$25.99
60,60 image.jpg,"28"" Large leather Travel Bag Duffel bag Gym sports flight cabin bag Leather Holdall Overnight Weekend Large luggage bag, vintage brown, 24 inch  ",$139.99
61,61 image.jpg,for Spirit Airlines Personal Item Bag 18x14x8 Travel Duffel Bag Underseat Foldable Carry-on Luggage for Women (A-Denim Blue)  ,$18.99
62,62 image.jpg,"Travel Duffle Bags,Extra Large Foldable Overnight Bag,Mommy Bag for Hospital,Men and Women Camping/Moving/Air Delivery/Maternity/Tent (100 Liter)  ",$45.99
63,63 image.jpg,"Bago Rolling Duffle Bag with Wheels - 30"" 100L Foldable Weekender Bag, Waterproof Travel Duffel Bag, Heavy Duty Light Weight Duffle Bag for Traveling, Rolling Duffel Bag with Wheels (SnowPurple)  ",$39.99
64,64 image.jpg,LEOHOME Foldable Travel Duffel Bag for Women Men Lightweight Gym Bag Carry On Weekend Bag Sports Bag with Shoe Pouch Waterproof Large Beach Tote Bag Hospital Holdalls Dry & Wet Separated (Black)  ,$32.99
65,65 image.jpg,"Gleegi Canvas Duffle Bag for Travel Genuine Leather Trim Travel Tote Duffel Shoulder Weekend Bag Weekender Overnight Carryon Handbag for Men or Women, Grey  ",$39.99
66,66 image.jpg,Sport Duffle Bag for Men Women 40L Waterproof Travel Duffel Bag with Shoes Compartment Weekender Overnight Bags Lightweight Gym Bag with Wet Pocket Black  ,$38.99
67,67 image.jpg,Sports Gym Bag with Shoes Compartment Travel Duffel Bag for Men and Women…  ,$36.99
68,68 image.jpg,"ITHWIU Travel Gym Bag for Woman, Weekender Sports Duffel Bag Overnight Bag with Wet Pocket and Trolley Sleeve, Deep Blue  ",$22.99
69,69 image.jpg,"Meeyoga Foldable Carry-on Sports Gym Tote, Waterproof Oxford Lightweight Expandable Duffel Bag Women, Flight Approved Large Tote Bag, Sports Gym Tote, Diaper Bag, Beach Bag, School Tote, Blue  ",$23.99
70,70 image.jpg,"AmazonBasics Ripstop Rolling Travel Luggage Duffle Bag With Wheels - 35 Inch, Black  ",$146.90
71,71 image.jpg,"REDCAMP 100L Foldable Extra Large Duffle Bag 31 Inch, Lightweight Travel Duffel Bag with Adjustable Strap for Men Women, Black/Dark Blue/Red  ",$26.99
72,72 image.jpg,Fresion Travel Duffel Bag for Men&Women - Canvas Overnight Weekend Bag Oversized Carry on Luggage Bag (Black 60L)  ,$62.89
73,73 image.jpg,"Travel Duffle Bag Large Sports Gym Bag Carry on Bag Waterproof Shoulder Weekender Bag Overnight Bags for Women Lightweight Gym Tote Bag Luggage Bag Hospital Bag Duffel Bag with Wet Pocket, Pink  ",$31.44
74,74 image.jpg,"Samsonite Andante 2 Drop Bottom Wheeled Rolling Duffel Bag, Andante 2 Drop Bottom Wheeled Rolling Duffel Bag  ",$80.27
75,75 image.jpg,"Globalstore Travel Duffel Bag, Large Capacity Carry on Bag with Shoulder Strap Dry Wet Separated Duffel Bag Weekend Bag for Women Gym Tote bag Overnight Bag Shopping Hospital Handbag Travel Essentials  ",$35.99
76,76 image.jpg,"Duffle Bag Men, Waterproof Travel Duffel Bags, Gym Sports Backpack with Dry & Wet Pocket and Shoes Compartment, Large Weekender Overnight Bag for Men Women, Black  ",$46.99
77,77 image.jpg,"Samsonite Andante 2 Boxed Drop Bottom Wheeled Duffel 32, Moss Green/Black  ",$138.04
78,78 image.jpg,"CANWAY 65L Travel Duffel Bag, Foldable Weekender Bag with Shoes Compartment for Men Women Water-Proof & Tear Resistant (Heron Black, 65L)  ",$39.99
79,79 image.jpg,"Krone Kalpasmos Gym Bag for Men Women Packable Sports Duffel Bag, Lightweight Waterproof Duffel Bag with Shoe Compartment + Water Resistant Pouch, Gym Workout Bag (Black)  ",$42.99
80,80 image.jpg,Sports Gym Bag Women Small Lightweight Duffel Bags for Men and Women Workout Bags for Gym Exercise Beach Yoga Dance Bag  ,$35.99
81,81 image.jpg,"Gym Bag for Women, Sports Travel Duffel Bag with USB Charging Port, Weekender Overnight Bag with Wet Pocket and Shoes Compartment for Women Girls Travel, Gym, Yoga, School  ",$65.99
82,82 image.jpg,Nike Unisex-Adult Nike Brasilia Medium Duffel - 9.0 Bag  ,$90.39
83,83 image.jpg,"ITHWIU Travel Bags Gym Duffle Bag Overnight Bag with Shoes Compartment & Wet Pocket & Trolley Sleeve, Pink  ",$23.72
84,84 image.jpg,KomalC Leather Duffel Bag for Men Travel Bags Gym Sports Weekend Cabin Overnight Carry on Bag Full Grain Brown 24 inch  ,$154.99
85,85 image.jpg,"Facune 4 Pack Foldable Travel Duffel Nylon Bags, Waterproof Lightweight Luggage Storage Sports Gym Bag, Sport Totes Yoga Travel Shopping Bag for Men Women(4 Colors)  ",$23.99
86,86 image.jpg,"Samsonite Tote-a-ton 32.5 Inch Duffle Luggage, Black, One Size  ",$40.99
87,87 image.jpg,"Archibolt 46-inch Duffle Bag with Wheels - Bottom Wheeled Rolling Duffel Bag - Oversized Travel Luggage Heavy Duty Duffle Bag for Military Bag, Sports, Gym, Travel  ",$149.96
88,88 image.jpg,Travel Duffle Bag 65L Foldable Waterproof Sport Gym Bag Large Weekender Duffel Bags for Men or Women Lightweight Weekend Overnight Bag with Shoe Compartment Black  ,$34.99
89,89 image.jpg,"Weekender Gym Bag for Women, Large Travel Duffle Carry On Bag, Overnight Weekend Bags Hospital Bag, Sac Voyage de Sport, Dry Wet Separated Ladies Beach Bag Weekend Holdalls Tote Bag  ",$27.99
90,90 image.jpg,Sports Gym Bag with Shoes Compartment for Men and Women  ,$35.99
91,91 image.jpg,Leather Duffel Bags for Men - Airplane Underseat Carry On Luggage by Rustic Town  ,$159.99
92,92 image.jpg,"Travel Bag,Large Capacity Folding Travel Bag,Dry Wet Separated Gym Bag for Man and Women,Foldable Portable Travel Lightweight Waterproof Oxford Fabric Duffel Bag (Red)  ",$29.99
93,93 image.jpg,"Travel Duffel Bag, Sports Tote Gym Bag, Shoulder Weekender Overnight Bag for Women Pearlescentpowder  ",$33.85
94,94 image.jpg,"Gym Bag Sports Duffel Bag with Wet Pocket & Shoe Compartment Lightweight Large Fitness Workout Bag for Men and Women, Black  ",$36.99
95,95 image.jpg,"Globalstore Travel Duffle Bag Large Gym Tote Bag for Women, 37L Weekender Bag Dry & Wet Seperated Carry on Bag for Airplane, Ladies Beach Bag Overnight Bag Hospital Bag Luggage Bag Travel Essentials  ",$37.99
96,96 image.jpg,Archibolt Military Duffel Bag Canvas Top Load Double Strap Army Travel Duffle  ,$39.96
97,97 image.jpg,"Travelers Club Xpedition 30 Inch Multi-Pocket Upright Rolling Duffel Bag, Seafoam, 30"" Suitcase, Xpedition 30 Inch Multi-Pocket Upright Rolling Duffel Bag  ",$58.87
98,98 image.jpg,"Gym Bag for Men and Women Waterproof Gym Duffle Bag Lightweight Travel Bag Sports Bag Carry on Weekender Overnight Bag,Black  ",$25.99
99,99 image.jpg,"Fila 32"" Large Lightweight Rolling Duffel Bag, Black, One Size  ",$137.42
100,100 image.jpg,"Jetstream Heavy Duty Multi Pocket Large Sports Gym Equipment 3-Pocket Travel Duffel Bag (36 Inch, Green)  ",$44.90
101,101 image.jpg,KomalC Genuine Leather Duffel | Travel Overnight Weekend Leather Bag | Sports Gym Duffel for Men  ,$149.99
102,102 image.jpg,"MOSISO Canvas Fabric Foldable Travel Luggage Multifunctional Duffels Lightweight Peony Gym Bags for Men/Women Sports Dance Travel Weekender Vacation, Black  ",$42.99
103,103 image.jpg,"Sports Gym Bag Women Men-35L Travel Duffle Bag with Wet Pocket & Shoe Compartment, Foldable Duffel Bag Overnight Bag Travel Bag Weekender Bags for Women (Mint Green)  ",$26.99
104,104 image.jpg,"Archibolt Canada 36-inch Wheeled Rolling Duffle Bag Cargo Outdoor Hockey Bag 36"", XL  ",$98.11
105,105 image.jpg,KomalC Leather Duffel Bags for Men and Women Full Grain Leather Travel Overnight Weekend Leather Bags Sports Gym Duffel for Men (20 Inch)  ,$144.99
106,106 image.jpg,Komal's Passion Leather 21 Inch Square Duffel Travel Gym Sports Overnight Weekend Leather Bag  ,$94.99
107,107 image.jpg,"Gym Bag for Men Women 40L Sports Bag Waterproof Travel Duffle Bag Carry on Bag Gym Duffle Bag with Shoe Compartment Lightweight Sports Gym Bag, Wet Pocket Large Weekender Overnight Bag, Grey  ",$30.99
108,108 image.jpg,"28"" Large leather Travel Bag Duffel bag Gym sports flight cabin bag Leather Holdall Overnight Weekend Large luggage bag, vintage brown, 28 inch  ",$159.99
109,109 image.jpg,RoLekim Sports Gym Bag with Shoes Compartment Duffel Bag Unisex Large Weekender Bag Packable Navy  ,$30.99
110,110 image.jpg,"Gleegi Canvas Duffle Bag for Travel Genuine Leather Trim Travel Tote Duffel Shoulder Weekend Bag Weekender Overnight Carryon Handbag for Men or Women, ArmyGreen  ",$39.99
111,111 image.jpg,"COOLBEBE 24"" Sports Duffle Bag - Travel Duffel Tote Bag with Upgrade Zipper, Durable & Water Resistant, Black  ",$18.99
112,112 image.jpg,RoLekim Sports Gym Bag with Shoes Compartment Duffel Bag Unisex Large Weekender Bag Packable Khaki  ,$30.99
113,113 image.jpg,S-ZONE Travel Sports Duffle Men Gym Bag Canvas Weekender Overnight Carryon Duffel with Shoes Laptop Compartment  ,$70.99
114,114 image.jpg,"Gym Sport Bag Duffel Bag Waterproof Weekend Travel Bag Overnight Bag Men Women Fitness Holdall Sports Bags with Wet Pocket Big Capacity Tote Bag with Shoulder Strap for Gym,Travel,Swimming(Green)  ",$26.99
115,115 image.jpg,"36L Sport Travel Duffle Bag, Large Gym Tote Bag for Women, Weekender Bag Carry On Workout Duffel Bag Overnight Shoulder Bag Waterproof with Wet Pocket and Trolley Sleeve, Black  ",$25.99
116,116 image.jpg,"Telosports Extra Large Duffel Bag Lightweight Water Resistant Heavy Duty Duffle Bag Foldable Travel Duffle Bag (32""x14""x14"" Black)  ",$43.99
117,117 image.jpg,"Sharemee - Dry Wet Separated Sports Duffel Bag, Gym Bags with Wet Pocket and Shoe Compartment for Travel Overnight Women/Man  ",$30.99
118,118 image.jpg,Under Armour Unisex-Adult Undeniable Duffle 4.0 Gym Bag Bag  ,3 sizes
119,119 image.jpg,Mystery Sports Gym Bag with Shoes Compartment & Wet Pocket Travel Duffel Bag Lightweight Workout Bag Overnight Bag for Women and Men (Pink)  ,$29.99
120,120 image.jpg,"Travel Duffle Bag for Men 42L Sports Gym Bag with Wet Pocket & Shoes Compartment Weekender Overnight Backpack for Traveling Duffel Bag Backpack for Women, Green  ",$56.49
121,121 image.jpg,"Inoxto gym bag, Small Sport Duffel bag for Women, Boys & Girls,Weekender Overnight Bag with Adjustable Shoulder Straps for Travel, Gym, Yoga, Carry-On Size(15.75*9.45*9.45 inches) & Perfect for School Practice or Overnight Travel, Yellow, Sports, Leisure  ",$19.99
122,122 image.jpg,Nexpak Tactical Duffle Military Molle Gear Shoulder Strap Handgun Range Bag (Multi Colors/Sizes)  ,$69.10
123,123 image.jpg,"100L Large Travel Duffel Bag, 32.5 inch Duffle Bag Lightweight Luggage Bag for Outdoor, Travel, Sport, Camping  ",$35.95
124,124 image.jpg,Bago Waterproof Duffel Bag Backpack for Men & Women - 3 Way Duffel Backpack for Travel Camping Gear & Sports - Heavy Duty Travel Duffle Bag Backpack with Straps - Travel Backpack for Men (Black)  ,$64.99
125,125 image.jpg,"Leather Travel Bags 24"" Men's Genuine Vintag Leather Large Duffle Travel Gym Weekend Overnight Bag  ",$84.99
126,126 image.jpg,Bekahizar 60L Foldable Duffel Bag Lightweight Travel Duffle Water Repellent Carry On Packable Luggage Bag for Men Women Camping Storage Gym Sport Shopping  ,$21.89
127,127 image.jpg,PUMA Unisex-Adult Evercat Accelerator Duffel Bag Duffel Bags  ,$41.62
128,128 image.jpg,"Amazon Basics Packable Travel Gym Duffel Bag - 23 Inch, Black  ",$33.19
129,129 image.jpg,Thule Chasm Sport Duffel Bag  ,$199.95
130,130 image.jpg,25 inch Large Duffel Bag Lightweight for Travel Sport  ,$39.95
131,131 image.jpg,Kaxich Waterproof Gym Bag Duffle Bag Travel Overnight Bag Dry Wet Separation Weekender Handbag Sports Fitness Swim Tote Bag for Men Women  ,$28.99
132,132 image.jpg,"55L Sport Gym Duffel Bag, 21 inch Workout Bag Lightweight with Shoes Compartment for Men and Women  ",$39.95
133,133 image.jpg,"Telosports Sport Bag 23"" red Travel Luggage Sports Duffel Gym Bag with Shoe Compartment  ",$35.99
134,134 image.jpg,ITHWIU Men's Duffle Bag Waterproof Duffle Backpack with Shoes Compartment & Wet Pocket 40 L (Black)  ,$35.99
135,135 image.jpg,"NPUSA Mens Large 22"" Duffel Duffle Military Molle Tactical Gear Shoulder Strap Travel Bag  ",$68.66
136,136 image.jpg,48 Inch Travel Duffle Bag Extra Large Sport Equipment Duffel Bags with 2-Way Lockable Zippers Black  ,$38.67
137,137 image.jpg,"CANWAY Sports Gym Bag, Travel Duffel Bag with Wet Pocket & Shoes Compartment for Men Women, 45L, Lightweight  ",$39.99
138,138 image.jpg,"BestFire Travel Duffel Bag 35L Large Capacity Gym Tote Bag for Women, Waterproof Carry on Duffel Bag Dry & Wet Separated Weekend Bag for Shopping, Sports, Gym, Travel, Business, Camping (Pink)  ",$23.98
139,139 image.jpg,"120L Travel Duffle Bag for Men, 34 inch Large Foldable Duffel Bag for Travel with Shoe Compartment Overnight Weekender Bag Gym Bag for Men Women Waterproof & Tear Resistant ( Grey, 120L )  ",$59.99
140,140 image.jpg,"4PCS Foldable Travel Bag Luggage Storage for Sports Gym Water Resistant Nylon Canvas Duffel for Men, Women 32 Liter （4PCS）  ",$21.49
141,141 image.jpg,"High Capacity Foldable Travel Duffel Bag, Waterproof Lightweight Carry-on Bags，Men and Women Sports Handbag for Sports, Gym, Holiday, Shopping, Weekends Outing (1 Red)  ",$25.99
142,142 image.jpg,OMBRY Gym Duffle Bag Womens Weekender Travel Bag Gym Bag Women Duffel Bags for Traveling Canvas Duffle Bag Workout Bag Small Gym Bag (S-Black)  ,$35.99
143,143 image.jpg,S-ZONE 65L Canvas Duffle Bag Travel Overnight Carry on Weekender Duffel with Shoes Compartment for Men Women  ,$80.99
144,144 image.jpg,"HappyGO Travel Duffle Bag for Men 50L Foldable Duffel Overnight Weekend Bag Duffle Gym Tote Bag Canvas Large Duffel Bags for traveling Camping Sports, green, 60L  ",$57.93
145,145 image.jpg,"Travel Duffel Bag,Sports Gym Bag with Wet Pocket & Shoes Compartment, Shoulder Weekender Overnight Bag for Women and Men, Pink  ",$25.95
146,146 image.jpg,"TOPSEFU Dry Wet Separated Sports Gym Bag with Shoes Compartment, Large Gym Duffle Holdall Bag Training Handbag Yoga Bag for Men and Women  ",$28.99
147,147 image.jpg,"Travel Duffle Bag Foldable Weekender Bag with Shoe Compartment for Women Men Overnight Bag Sports Gym Bag, 33L, Blue Striped  ",$39.99
148,148 image.jpg,"Yicorgard Womens Sports Gym Bag Travel Duffle Bag with Shoes Compartment, Large Capacity Folding Water Resistant Holdall Overnight Bag for Men Purple  ",$31.99
149,149 image.jpg,"2022 New Foldable Dry/Wet Separation Travel Bag, Knowledee Lightweight Waterproof Foldable Travel Duffel Bag Large Capacity Expandable Folding Women's Sports Gym Tote for Sports, Camping (Red)  ",$28.95
150,150 image.jpg,"Carhartt Unisex-Adult 40l Lightweight Duffel + Utility Stash Pouch, Heavy-Duty Packable Gear Bag for Jobsite, Gym, Travel Luggage- Suitcase  ",$58.85
151,151 image.jpg,"Large-Capacity Travel Mountaineering Bag Tactical And Military Top-loading Duffel Bag, Canvas Shoulder Strap Duffel bag  ",$38.99
152,152 image.jpg,"Earth Pak Waterproof Duffel Bag- Perfect for Any Kind of Travel, Lightweight, 50L &70L Sizes, Large Storage Space, Durable Straps and Handles, Heavy Duty Material to Keep Your Gear Safe and Secure  ",$81.50
153,153 image.jpg,"Bixzegg 2 Pack Foldable Travel Duffle Bag 25L Lightweight, Luggage Sports Gym Water Resistant Nylon, Sport Totes, for Men Women Girl Boy（Stars + Hot Balloons）  ",$17.99
154,154 image.jpg,"Polare 23"" Full Grain Cowhide Leather Gym Duffle Weekender Overnight Travel Duffel Bag for Men  ",$279.99
155,155 image.jpg,Small/Large Dance Duffle Bag For Girls Sport Gym Bags For Women Yoga Bag Overnight Bags For Girls Weekend Bags  ,$25.99
156,156 image.jpg,Under Armour Womens Undeniable Signature Duffle Bag Bag  ,$68.23
157,157 image.jpg,"Large Capacity Travel Duffle Bag, Sport Gym Bag for Women and Men, Expandable Sport Bag Portable, Waterproof Foldable Luggage Bag with Wet Pocket for Travel, Gym, Overnight, Weekends, Camping (Black)  ",$21.35
158,158 image.jpg,"Rolling Duffel Bag with Wheels, 105L Large Travel Wheeled Duffel Luggage with Rollers 25 Inch fit for Long Trip, Expandable Travel Duffel for Unisex-Adult  ",$95.99
159,159 image.jpg,"TOPDesign 1-Pack 46 Inch Extra Large Zippered Duffel Bag for Travel Camping Sports Equipment Storage, Waterproof Foldable Luggage Bag with Padded Handles (Black)  ",$23.11
160,160 image.jpg,Fsiomo Expandable Canvas Duffel Bag for Travel Overnight Weekender Travel Bag for Men 50L (Black)  ,$58.98
161,161 image.jpg,"Original Floral Water Resistant Duffel Bag Gym bag Weekender Travel Bag for Gym Beach Travel School Daily Bags, [D]Purple Pink, Floral  ",$35.99
162,162 image.jpg,MOSISO Water Resistant Gym Sports Dance Travel Weekender Duffel Bag with Shoe Compartment  ,$37.99
163,163 image.jpg,"Travelers Club 36"" Adventure Travel Rolling Duffle Bag, Red  ",$80.28
164,164 image.jpg,"G4Free 22"" Foldable Travel Duffle Bag Sports Gym Bag 40L Lightweight Water Resistant Carry On Bag Overnight Weekender Bag for Men Women(Pink)  ",$28.99
165,165 image.jpg,"TELOSPORTS 32 inch X-Large Foldable Duffle Bag with Wheels 600D Oxford Collapsible Large Heavy Duty Cargo Duffel Storage Duffel with Rollers for Camping Travel Gear, Black.  ",$53.99
166,166 image.jpg,for Spirit Airlines Personal Item Bag 18x14x8 Travel Duffel Bag Underseat Foldable Carry-on Luggage for Women (A-Black)  ,$18.99
167,167 image.jpg,"Aiamixo Sports Gym Bag for Men and Women Travel Duffel Bag with Shoes Compartment and Water Resistant Pouch, Dark Grey,  ",$30.99
168,168 image.jpg,Gym Sport Bag 23 inch Travel Luggage Sports Duffel Fitness Bag with Shoe Compartment（Black）  ,$35.99
169,169 image.jpg,"Travel Gym Bag for Women, LANBX Tote Bag Carry on Luggage Sport Duffle Weekender Overnight Bags with Wet Pocket (Olive Green)  ",$38.99
170,170 image.jpg,Kuston Sports Gym Bag with Shoes Compartment &Wet Pocket Gym Duffel Bag Overnight Bag for Men and Women  ,$38.99
171,171 image.jpg,WATERFLY Packable Sports Duffel Bag: Lightweight Foldable Overnight Gym Bag for Men Women  ,$37.99
172,172 image.jpg,"Womens Travel Bag Duffel Bag, Lightweight Double Shoulder Strap&Capacity Sports Tote Gym Bag,Weekender Overnight Bag with Wet Pocket for Women (Navy Blue)  ",$29.99
173,173 image.jpg,"Abshoo Sports Gym Bag for Girls Teen Weekender Carry On Women Travel Duffel Bag with Shoe Compartment, Tie Dye D, Medium  ",$37.99
174,174 image.jpg,"Sports Gym Bag with Wet Pocket & Shoe Compartment JIELISI 40L Waterproof Travel Duffel Bag with Shoulder Strap Large Capacity Portable Weekend Bag for Shopping, Sports, Gym, Travel (Pink 4)  ",$34.99
175,175 image.jpg,"Azarxis Large Travel Luggage Duffel Bag, 55L / 100L / 150L Lightweight Foldable Bag for Luggage Gym Sports Camping Travelling Cycling Storage Shopping (Black - 100L)  ",$34.99
176,176 image.jpg,"Travel Duffel Bag, Lychii Waterproof Shoulder Weekend Overnight Bag Large Sports Tote Gym Bag for Women and Men, Pink  ",$32.99
177,177 image.jpg,"Women Travel Duffle Bag Waterproof Sports Gym Bag, Weekender Overnight Shoulder Bag with Wet Bag (Blue)  ",$32.99
178,178 image.jpg,"Lyweem Travel Duffel Bag for Men Duffle Bag Lager Size for Women Weekender Overnight with Shoes Compartment Multifunctional Gym Bags 65L, Green  ",$37.99
179,179 image.jpg,21 inch Large Duffel Bag Lightweight for Travel Sport  ,$37.95
180,180 image.jpg,Oflamn Large Duffle Bag Canvas Leather Weekender Overnight Travel Carry On Tote Bag with Shoe Compartment and Free Toiletry Bag  ,$62.99
181,181 image.jpg,Military Tactical Duffel Bag 50L X-Large Tactical Molle Activities Duffel Sport Gym Travel Bag Fitness Training Workout Tote Bag Weekender Luggage Bag  ,$60.99
182,182 image.jpg,"adidas,Defender Duffel Bag Medium,medium blue,OSFA  ",$51.17
183,183 image.jpg,"Suruid Gym Bag, Travel Duffel Bag, Sports Tote Gym Bag Waterproof Shoulder Weekender Overnight Bag for Women and Men with Shoe and Wet Compartments and Trolley Sleeve, Lightweight Carryon Gymbag, Black2  ",$31.99
184,184 image.jpg,"Archibolt Canada 30-inch Wheeled Rolling Duffle Bag Cargo Outdoor Hockey Bag 30"", XL  ",$87.73
185,185 image.jpg,Kuston Sports Gym Bag with Shoes Compartment and Wet Pocket Gym Duffel Bag Overnight Bag  ,$38.99
186,186 image.jpg,Leather Travel Weekender Overnight Duffel Bag Gym Sports Luggage Bags For Men  ,$69.76
187,187 image.jpg,Under Armour Womens Undeniable Signature Duffle Duffel Bag  ,$72.55
188,188 image.jpg,"Winchester - Tactical Duffel Bag, Black, Hl-sd-92-bk  ",$68.99
189,189 image.jpg,"Deluxe Duffel Bag w/Shoulder Strap, Black - 50""X14.5""X14.5""  ",$37.95
190,190 image.jpg,"Amazon Basics Packable Travel Gym Duffel Bag - 27 Inch, Black  ",$31.80
191,191 image.jpg,"Gym Duffle Bag with Shoe Compartment Wet Pocket, Weekender Travel Bag with Shoulder Straps, Waterproof Sports Duffle Bag for Men Women, Lightweight Carry on Gym Bag, Green  ",$38.99
192,192 image.jpg,"Rockland PRD340 Luggage Rolling Duffle Bag, Black, Extra Large, 40-Inch  ",$90.52
193,193 image.jpg,Duffle Bag Waterproof Travel Bag with Shoes Compartment Sport Gym Bag Striped Weekender Bags for Women Overnight Bag  ,$30.99
194,194 image.jpg,Sport Gym Bag Large Travel Duffel Bag with Shoe Compartment Wet Pocket Bag Waterproof Holdall Weekender Overnight Workout Fitness Bags for Men Women  ,$38.99
195,195 image.jpg,Nike Unisex-Adult Nike Brasilia X-Small Duffel - 9.0 Bag  ,$86.64
196,196 image.jpg,Bago Small Gym Bag for Women and Men - Small Packable Sports Duffle Bag for Women - Gym Bags with Shoe Compartment and Wet Pocket - Duffle Gym Bag for Women  ,$32.99
197,197 image.jpg,Travel Duffel Bag Backpack for Women Sport Duffle Carry on Bag Waterproof with Shoes Compartment Small Holdall Weekender Bag for Gym Yoga Swimming Sport Hiking Dance Black  ,$49.99
198,198 image.jpg,Polare Retro Weekender Bag 23” Overnight Luggage Made with Full Grain Leather and Premium YKK Zippers  ,$380.21
199,199 image.jpg,"Kids Duffle Bag,VASCHY Travel Bag for Toddler Children Girls Water Resistant Overnight Duffel Ballet Dance Sport Carry On Weekender Bag with Shoes Compartment Dry Wet Pocket Unicorn  ",$56.99
200,200 image.jpg,"Brown Leather Duffel Bag, Leather Weekend bag, Large Travel Bag - Time Resistance  ",$483.00
201,201 image.jpg,kilofly Girl's Ballet Dance Sports Gym Duffel Bag Travel Carry On + Handy Pouch  ,$42.99
202,202 image.jpg,KomalC Leather Travel Duffel Bags for Men and Women Full Grain Leather Overnight Weekend Leather Bags Sports Gym Duffle  ,$155.99
203,203 image.jpg,Unisex Fitness Gym Bag Travel Duffel Bags with Shoe Compartment Dry and Wet Separation Storage Pocket Waterproof Workout Swim Yoga Tote Handbag Shoulder Bag (Red)  ,$35.99
204,204 image.jpg,"Bago Rolling Duffle Bag with Wheels - 31"" 120L Foldable Weekender Bag, Waterproof Travel Duffel Bag, Heavy Duty Lightweight Duffle Bag for Traveling, Rolling Duffel Bag with Wheels (Black)  ",$53.99
205,205 image.jpg,"Travelers Club Luggage Adventure 30 Inch Rolling Multi-Pocket Upright Duffel, Black  ",$45.99
206,206 image.jpg,"DAWNTREES Small Gym Bag for Women and Men,Waterproof Sports Bags Travel Duffel Bags Swimming Bag,Fashion Laser Storage Bag  ",$27.95
207,207 image.jpg,"Travel Duffel Bag, 50 cm Vegan Leather Gym, Medium Carry On, Weekender Overnight Luggage Bag, Lightweight & Large Duffle Water-proof Durable for Men  ",$45.99
208,208 image.jpg,"Sport Travel Duffel Bag for Men Women, Niuniu 30L Waterproof Black Gym Bag Shoulder Weekender Overnight Bag with Shoes Compartment  ",$49.99
209,209 image.jpg,"Premium Leather Duffle Bag Dark Brown Color, Dark Brown, Weekender Duffle Bag With Premium Leather  ",$179.99
210,210 image.jpg,RoLekim Sports Gym Bag with Shoes Compartment Duffel Bag Unisex Large Weekender Bag Packable Red  ,$30.99
211,211 image.jpg,"Premium Leather Duffle Bag Dark Coffee Color, Dark Coffee, Weekender Duffle Bag With Premium Leather  ",$179.99
212,212 image.jpg,"Bago Rolling Duffle Bag with Wheels - 31"" 120L Foldable Weekender Bag, Waterproof Travel Duffel Bag, Heavy Duty Lightweight Duffle Bag for Traveling, Rolling Duffel Bag with Wheels (SnowPurple)  ",$53.99
213,213 image.jpg,Real Leather Travel Duffel Bag for Men & Women - Gym Sports Weekend Cabin Overnight Carry on Full Grain Bag Distressed (Tan wash)  ,$149.99
214,214 image.jpg,"Travel Duffel Bags Sports Bag, purple, Big Capacity  ",$17.19
215,215 image.jpg,"TUDEQU Sling Bag Sling Backpack Crossbody Bag Water Resistant Hiking Daypack,Travel Cycling Sport Shoulder Bag for Men Women  ",$32.99
216,216 image.jpg,Fsiomo Expandable Canvas Duffel Bag for Travel Overnight Weekender Travel Bag for Men 50L (Brown)  ,$58.98
217,217 image.jpg,"Aiamixo Sports Gym Bag for Men and Women Travel Duffel Bag with Shoes Compartment and Water Resistant Pouch, Grey,  ",$29.99
218,218 image.jpg,"adidas Defender 4 Small Duffel Bag, Red/Team Power Red, One Size  ",$50.00
219,219 image.jpg,"BestMal Sports Gym Bag Sports Duffel Bag with Wet Pocket & Shoes Compartment Travel Duffle Bag for Men and Women, Dry & Wet Separation Foldable Weekend Bag with Shoulder Strap Overnight Bag (16L)  ",$29.88
220,220 image.jpg,"Metallic Women Stylish Gym Duffle Bag School,Ballet Dance Bag for Girls with Shoe Compartment and Wet Pocket, Rose gold, One_Size,  ",$61.54
221,221 image.jpg,Jetstream Carry-On Travel Sports Duffle - Multipurpose Gym Bags  ,$34.99
222,222 image.jpg,"Meeyoga Duffle Bag for Travel, Expandable Canvas Travel Bags for Men Duffel Carry on Bag Tote Duffle Foldable Sport Gym Bag Large Overnight Weekender Bag  ",$47.99
223,223 image.jpg,"Everest Crossover Duffel Bag, Royal Blue, One Size  ",$38.00
224,224 image.jpg,Polare 24 Inch Leather Duffel Bag for Men Full Grain Leather Travel Overnight Gym Sports Weekender Bag Large  ,$289.99
225,225 image.jpg,Outdoor Products Mountain Duffel  ,$64.00
226,226 image.jpg,Heavy Duty Large Square Cargo Duffel 42 Inch Jumbo Gear Bag Big Equipment Bag Sport Duffel Oversized Travel Bag Huge Rack Bag  ,$58.30
227,227 image.jpg,Mountain Warehouse Cargo 60L Duffle Bag – Travel Weekender Backpack Black  ,$64.99
228,228 image.jpg,"Gym Bags for Men Women Travel Duffle Bag Waterproof Sports Gym Bag 40L Carry on Bag Large Weekender Overnight Bag with Wet Pocket Lightweight Hospital Bag,Black  ",$34.98
229,229 image.jpg,"LuggageKing 34"" Rolling Duffle Bag with Wheels Foldable Collapsible Large Duffel Bag with Rollers Luggage Bag, Camping Bag, Travel Gear, Garment Bag  ",$37.70
230,230 image.jpg,Bosidu Gym Bags for Men Sports Duffle Bag Backpack Large Travel Bags for Men with Shoe Compartment & Wet Pocket  ,$48.99
231,231 image.jpg,"Rockland PRD322 Luggage Rolling Duffle Bag, Black, One Size, 22-Inch  ",$63.02
232,232 image.jpg,"Finnhomy 120L Foldable Rolling Duffel Bag with 3 Wheels, Light Weight Travel Duffel bag with Large Loading Capacity, 32 inch Rolling Duffel bag with Shoulder Strap for Travel Camping Sports, black, Expandabl Luggage With Wheels  ",$46.86
233,233 image.jpg,"TPRC 36 Inch Duffel, Black  ",$107.84
234,234 image.jpg,"Sport Gym Duffle Travel Bag for Men Women Duffel with Shoe Compartment, Wet Pocket, A Marble-White, 19.7""x9.5""x9.9"",  ",$32.55
235,235 image.jpg,"Kuston Sports Gym Bag with Shoe Compartment&Wet Pocket,Travel Duffel bag,Weekend Bag,Workout Bag Suitable for Men and Women, black  ",$39.99
236,236 image.jpg,"Amazon Basics Ripstop Rolling Travel Luggage Duffle Bag With Wheels - 35 Inch, Blue  ",$144.19
237,237 image.jpg,S-ZONE 60L Large Canvas Genuine Leather Trim Travel Tote Duffel Shoulder Weekend Bag Unisex Weekender Overnight Carryon Handbag Shoulder Bag  ,$80.99
238,238 image.jpg,"Bago Rolling Duffle Bag with Wheels - 30"" 100L Foldable Weekender Bag, Waterproof Travel Duffel Bag, Heavy Duty Lightweight Duffle Bag for Traveling, Rolling Duffel Bag with Wheels (Snow Purple 2022)  ",$35.99
239,239 image.jpg,"G4Free 45L 3-Way Duffle Backpack Gym Bag with Wet Pocket & Shoes Compartment for Men Women, Lightweight Sports Travel Weekender Overnight Duffel Bag(Peacock Blue)  ",$55.99
240,240 image.jpg,Texsport Tactical Travel Bag with Padded Backpack Shoulder Straps Duffel Duffle Bag  ,$61.72
241,241 image.jpg,"UNWUI Gym Bag Sports Travel Duffel Yoga Bag Women, Dry/Wet Separated with Wet Pocket Shoes Compartment Waterproof Gym Tote Bag,35L Travel Overnight Bags for Women Men Airplane Weekender Bag(Blue)  ",$31.99
242,242 image.jpg,Under Armour Unisex-Adult Undeniable Duffle 3.0 Gym Bag Ua Undeniable Duffle 3.0 md  ,$97.00
243,243 image.jpg,"Roucerlin Folding Travel Duffel Bag, Handbag Sports Gym Bag with Dry Wet Separated, Waterproof Large Workout Duffel Bag, Overnight Bag for Travel,Sport, Sweet Pink  ",$27.99
244,244 image.jpg,"Eagle Creek No Matter What Duffel Travel Bag - Rugged and Water-Resistant Lockable Classic with Bar-Tacked Reinforcement, Storm Flap, and Separate Storage Pouch, Red Clay, Large, No Matter What Duffel  ",$120.42
245,245 image.jpg,"Archibolt 36-inch Canada Flag, Canadian Flag, Duffle Bag, Patriotic, Foldable Storage Bag, Military Bag, Sports Duffle Bag, Patriot Heavy Duty Duffle Bag- Zippered Packable Duffle Bag, Extra Large Carry Luggage bag  ",$49.98
246,246 image.jpg,"Sports Gym Bags, Travel Duffle Bags, Sports Tote Gym Bags, with Toiletry Bags and Wet Bags, Carrying Travel Bags for Gym, Beach, Camping, Hiking, Travel, etc. (Black)  ",$29.99
247,247 image.jpg,"Rockland PRD422 Luggage Rolling Duffle Bag, Black Cross Plaid, One Size, 22-Inch  ",$56.93
248,248 image.jpg,"Rowland Harbor 3pcs Extra Large 26.5 gal Storage Bags with Strong Handle, Travel Duffel Clothes Bags for Moving, Blue Black Yellow  ",$30.99
249,249 image.jpg,"Realer Canvas Weekender Bag, Womens Overnight Bag Carryon Weekend Travel Duffel Tote with Shoe Compartment with Toiletry Bag Flight Approved  ",$65.99
250,250 image.jpg,"Womens Travel Bags, Weekender Carry on for Women, Sports Gym Bag, Duffel Bag, Overnight Shoulder Bag  ",$35.99
251,251 image.jpg,Travel Duffle Bags for Men Weekender Over Night Carry On Bag Lightweight Extra Large Duffel Gym Sturdy Luggage Water-Proof for Women (Rainbow)  ,$34.99
252,252 image.jpg,TELOSPORTS Oversized Canvas Weekender Bag Travel Tote Duffel Shoulder Weekend Bag Overnight Carry on Handbag Genuine Leather Handle and Bottom (Blue)  ,$63.99
253,253 image.jpg,TELOSPORTS Travel Duffel Bag Large Weekend Shoulder Handbag Mens Overnight Bag Gym Bag Carry-on (Green)  ,$61.99
254,254 image.jpg,"Telosports Sport Bag 23"" Camouflage Travel Luggage Sports Duffel Gym Bag with Shoe Compartment  ",$35.99
255,255 image.jpg,4-Way Gym Bags for Men Sports Duffle Bag Gym Duffle Bag Backpack with Shoe Compartment & Wet Pocket Valentine's Day Gifts for Him  ,$45.99
256,256 image.jpg,"PU Leather 16 20 Inch Fitness Gym Sports Bag for Men, 16“ 25L 35L Travel Traveling Duffel Bag, Weekender Duffle Bags (35L Black)  ",$37.99
257,257 image.jpg,Vorspack Duffel Bag 24 Inches Foldable Lightweight Gym Bag with Inner Pocket for Travel Sports - Black  ,$29.99
258,258 image.jpg,Plago 262Liter Professional Quality Nylon Extra Large Duffel Bag Lightweight Foldable Water Resistant Cargo for Travel College Folding Bike Tent Mattress Closet Storage  ,$66.38
259,259 image.jpg,"Sports Gym Bag, Travel Duffel Bag with Wet Pocket & Shoes Compartment for Men Women,Workout Lightweight Duffel Bags Weekender Overnight Bag  ",$26.99
260,260 image.jpg,"Archibolt 44-inch Duffle Bag Cargo Outdoor Mountain Hockey Bag, XL  ",$55.91
261,261 image.jpg,Allnice Travel Duffle Bag 37L Overnight Bags Sports Tote Gym Bag Dry and Wet Separated Weekender Bag for Women Carry on Bag for Airplanes Gym Camping Hospital (Black)  ,$28.99
262,262 image.jpg,"Neeyoo Gym Bag,Durable Waterproof Gym Bag,Travel Duffel Bag Workout Bag,Gym Bags with Wet Pocket and Shoe Compartment  ",$30.88
263,263 image.jpg,"High Capacity Foldable Travel Duffel Bag, Waterproof Lightweight Carry-on Bags，Men and Women Sports Handbag for Sports, Gym, Holiday, Shopping, Weekends Outing (1 Black)  ",$25.99
264,264 image.jpg,"Eagle Creek Migrate Duffel Travel Bag - Featuring Durable Water-Resistant 100% Recycled Materials, Wide Mouth Opening, and Tuck Away Backpack Straps, Dandelion Yellow, 60 L, Migrate Duffel  ",$159.95
265,265 image.jpg,"Paidiem Gym Bag Travel Duffle Bag, Weekender Bags for Women Wet and Dry Separation Lightweight Overnight Tote with Shoe Compartment, Suitable for Travel Yoga Swimming Training  ",$25.99
266,266 image.jpg,Travel Gym Bag for Men Women Waterproof Sports Duffel Bags Carry on Weekender Shoulder Bag  ,$34.99
267,267 image.jpg,Gym Bags for Men Sports Duffle Bag with Shoes Compartment 22 Inch Black  ,$37.69
268,268 image.jpg,"Herschel Supply Co. Novel Duffel Bag, Black Crosshatch, One Size  ",$125.00
269,269 image.jpg,"Facune 2 Pack Foldable Travel Duffle Bag 26L Lightweight, Luggage Sports Gym Water Resistant Nylon, Sport Totes, Shoulder Shopping Bag, for Men, Women (Pink + Green)  ",$18.99
270,270 image.jpg,Space Duffle Bag for Boys Kids Gym Bag Girls Dance Bag Women Sports Travel Bag Weekender Overnight Bag  ,$33.99
271,271 image.jpg,"Dance Duffel Bag for Girls Teen Kids with Shoes Compartment, Glitter Small Sports Gym Bag Overnight Weekender Carry On Travel Duffle Bag for Women, Blue Tie Dye, Cute Fashion Stylish Causal  ",$37.99
272,272 image.jpg,"Felipe Varela Duffle Bag with Shoes Compartment and Adjustable Strap,Foldable Travel Duffel Bags for Men Women,Waterproof Duffel Bags, F Red, 40L  ",$31.99
273,273 image.jpg,Jetstream 30 Inch Foldable Travel Sport Duffle Gym Bag  ,$29.99
274,274 image.jpg,"Everest 16-Inch Round Duffel, Black, One Size  ",$17.80
275,275 image.jpg,Large Capacity Folding Travel Bag JIELISI Sports Gym Bag with Wet Pocket & Shoes Compartment Portable Foldable Travel Duffle Bag Waterproof Travel Carry on Bag for Shopping Gym Travel Vacation (Blue)  ,$34.99
276,276 image.jpg,Texsport Zipper Canvas Duffle Duffel Roll Travel Sports Equipment Bag  ,$41.99
277,277 image.jpg,Gym Bags for Women and Girl Dance Bag Waterproof Travel Duffel Bags Small Workout Bag Durable Sports Carry On Holdall Bag Lightweight Handbag with Shoes Compartment&Wet Pocket&Adjustable Strap  ,$42.99
278,278 image.jpg,"Duffle Bag for Traveling 65L Carry on Foldable Waterproof Weekender Duffel Bags for Men with Toiletry Bag Lightweight Large Sport Gym Bag Weekend Overnight Bag with Shoe Compartment, Black  ",$36.99
279,279 image.jpg,"Womens travel bags, weekender carry on for women, sports gym Bag, workout duffel bag, overnight shoulder Bag, black2  ",$25.99
280,280 image.jpg,"PUMA Unisex-Adult Evercat 28"" Wanderer Rolling Duffel Bag Duffel Bags  ",$98.15
281,281 image.jpg,"Duffel Bag for Gym Sports Women Girls Travel Bag with Shoe Compartment and Wet Pocket, Leopard - Beige  ",$38.79
282,282 image.jpg,"Travel Bag,Large Capacity Folding Travel Bag Sports Gym Bag with Wet Pocket & Shoes Compartment Portable Foldable Travel Duffle Bag Waterproof Oxford Fabric Duffel Bag for Women (Pink)  ",$28.99
283,283 image.jpg,"Small Gym Bag for Women Sports Duffle Bag Weekender Bag for Women Pink Overnight Bag with Shoe Compartment & Wet Pocket Christmas Gift for Women, PINK, medium  ",$35.70
284,284 image.jpg,"LXTaoler Travel Duffle Bag Gym Bag Tote Bags for Women, Dry & Wet Seperated Carry on Luggage Sports Bag Adjustable Large Duffle Bag Design for Gym, Sport, Travel, Shopping (Black)  ",$23.99
285,285 image.jpg,"WHITEDUCK G.I Top Load Military Rucksack Style Double Strap Duffle Bag Heavy Duty and Water Resistant- Gym, Sports, Travel, Hiking, Backpacking, Black, Standard 21"" x 37"", Military Duffle Bag  ",$50.84
286,286 image.jpg,"Gym Duffle Bag, Goodsnetic Sports Gym Bag Sports Gym Bag for Men and Women Travel Duffel Bag with Wet Pocket and Shoes Compartment Sports Duffel Bag, Pink  ",$28.99
287,287 image.jpg,Ogio Mens Duffel Pouch  ,$81.60
288,288 image.jpg,"Lyweem Duffle Bag for Men Women 40L Medium Travel Duffel Bags with Wet Pocket & Shoes Compartment Overnight Weekender Bag for Traveling Lightweight Gym Bags for Men, Green  ",$46.32
289,289 image.jpg,"bebe Womens 30"" Rolling Duffel Rolling Duffel  ",$106.86
290,290 image.jpg,Fsiomo Canvas Travel Bag for Men and Women Overnight Weekender Duffel Bag with 30L Capacity (Black)  ,$55.88
291,291 image.jpg,"2PCS Foldable Travel Bag Luggage Storage for Sports Gym Water Resistant Nylon Canvas Duffel for Men, Women 32 Liter （Red+Blue）  ",$16.49
292,292 image.jpg,Garment Bag Convertible Suit Travel Bag with Shoulder Strap Waterproof Carry on Suit Bag Duffel Bag Garment Weekend Bag for Men Women Black  ,$62.99
293,293 image.jpg,"Wildroad 50L Travel Duffel Bags, Expandable Canvas Genuine Leather Duffle Bag Upgraded Overnight Weekender Travel Bag Carry on Bag (Grey)  ",$66.87
294,294 image.jpg,SYKT Duffle Bags Women Men Sports Gym Bag with Shoes Compartment Multi-use Travel Duffel Bag  ,$35.99
295,295 image.jpg,Fsiomo Expandable Canvas Duffel Bag for Travel Overnight Weekender Travel Bag for Men 50L (Blue)  ,$58.98
296,296 image.jpg,"Sports Gym Bag for Women, Travel Workout Duffel Bag Overnight Shoulder Bag with Shoes Compartment and Wet Pocket Lightweight Weekend Bag Waterproof, Mint Green  ",$39.99
297,297 image.jpg,Canada Sports Luggage Travel Duffel Bag Durable Double Handles Black 30inch  ,$34.99
298,298 image.jpg,"Bosidu Gym Duffle Bag for Men & Women, Large Sports Travel Duffel Bag Fitness Workout Bag with Wet Pocket & Shoes Compartment  ",$39.99
299,299 image.jpg,Gym Bag for Men Women 40L Duffle Bag Water Resistant Large Sport Bag Travel Bag Weekender Overnight Bag with Wet Pocket & Shoes Compartment (Black)  ,$41.99
300,300 image.jpg,Travel Holdall Handbag Pu Leather Women’s Duffle Bag Travel Duffel Bag with Shouder Straps Large Capacity Gym Bag for Sport Traveling Hiking Camping White  ,$33.90
301,301 image.jpg,"2 Pack Foldable Travel Duffel Bag, Lightweight Carry On Luggage Bag for Women and Men, Waterproof Multipurpose Sport Duffle for Sports, Gym, Vacation, dark blue  ",$19.78
302,302 image.jpg,"Greencity Gym Bag Travel Duffel Bag Sports Tote Tactical Army Weekender Work Out Bags for Women & Men Lightweight Waterproof Shoe Pocket, Black Multicam, 24 Inch  ",$48.37
303,303 image.jpg,adidas unisex-adult Defender Duffel Bag Small  ,$50.00
304,304 image.jpg,Dance Duffle Bag for Girls Sport Gymnastics Bags for Kids Tap Dancing Bag Jazz Ballet Hip Hop Bag  ,$17.67
305,305 image.jpg,"Gym Bag for Women Multiple Pockets Travel Duffle Tote Bag, Waterproof Weekender Overnight Bags for Women with Wet Compartment, X-white, Multipurpose  ",$37.56
306,306 image.jpg,"MXiiXM Travel Duffle Bag, Large Gym Tote Bag, Women Waterproof Weekender Bag Carry on Bag for Airplane, Ladies Beach Bag Overnight Bag Hospital Bag Luggage Bag with Wet Bag (Pink)  ",$20.99
307,307 image.jpg,kilofly Keep Calm Dance ON Girls Ballet Sports Gym Duffel Bag Travel Carry On  ,$42.99
308,308 image.jpg,RoLekim Sports Gym Bag with Shoes Compartment Duffel Bag Unisex Large Weekender Bag Packable Black  ,$30.99
309,309 image.jpg,"AquaQuest White Water Duffel - 100% Waterproof, Heavy Duty, Versatile, Comfortable - Durable Protective Dry Bag for Travel, Sport, Motorcycle, Boat, Fishing - 50 L, 75 L, or 100 L - Black, Charcoal, Red, Grey, Blue or Camo  ",$109.99
310,310 image.jpg,"AquaQuest White Water Duffel - 100% Waterproof, Heavy Duty, Versatile, Comfortable - Durable Protective Dry Bag for Travel, Sport, Motorcycle, Boat, Fishing - 50 L, 75 L, or 100 L - Black, Charcoal, Red, Grey, Blue or Camo  ",$109.99
311,311 image.jpg,"AquaQuest White Water Duffel - 100% Waterproof, Heavy Duty, Versatile, Comfortable - Durable Protective Dry Bag for Travel, Sport, Motorcycle, Boat, Fishing - 50 L, 75 L, or 100 L - Black, Charcoal, Red, Grey, Blue or Camo  ",$109.99
312,312 image.jpg,"Sports Gym Bag for Men Women 35L Waterproof Gym Duffel Bags 2 in 1 Travel Weekender Bag Overnight Backpack Travel Essentials, Black  ",$29.99
313,313 image.jpg,Meister Vented Convertible Duffel/Backpack Gym Bag - Ideal Carry-On  ,$59.99
314,314 image.jpg,"Weekender Bag for Women Canvas Overnight Bag Large Travel Bag Carry on Weekend Duffle Bag with Shoe Compartment Fit 21.5"" Laptop, Perfect for Travel/Business/Gift, A1-Black & White Strips, Large  ",$57.79
315,315 image.jpg,BAIGIO Tactical Military Chest Sling Bag One Strap MOLLE Shoulder Backpack Bag with Water Bottle Holder  ,$32.99
316,316 image.jpg,"Canvas Duffel Bag for Men 45L/55L Travel Tote Duffle Overnight Weekender Bag with Shoe Compartment, Grey, Large,  ",$67.79
