ID,Image,Title,Price
1,1 image.jpg,Sterling Silver Celtic Knot Round Drop Wire Earrings  ,$22.10
2,2 image.jpg,"Gold Hoop Earrings Set for Women, 14K Gold Plated Lightweight Hypoallergenic Chunky Open Hoops Set for Gift  ",$30.97
3,3 image.jpg,"""Infinity Love"" Heart Crystal Earrings Birthstone Jewelry Gifts for Women, Silver-tone  ",$47.99
4,4 image.jpg,Sterling Silver Freshwater Cultured Pearl Drop Earrings Size 4-8mm Dangle Leverback Earring for Women  ,$31.99
5,5 image.jpg,3 Pairs Small Huggie Hoop Earrings Set 14K Gold Hypoallergenic Lightweight Huggie Hoops Earrings for Women Girls  ,$15.99
6,6 image.jpg,Sterling Silver Hoop Earrings | Sterling Silver Stud Earrings for Women - 6 Pairs Hypoallergenic Tiny Cubic Zirconia Stud Earrings Set & Cartilage Earring Hoops for Girl  ,$24.99
7,7 image.jpg,18K White Gold Plated 4 Pong Round Clear Cubic Zirconia Stud Earring Pack of 6 Pairs (6 Pairs)  ,$15.99
8,8 image.jpg,"Waterdrop 925 Sterling Silver Hoop Earrings, Elegant Women Earring Hypoallergenic  ",$7.00
9,9 image.jpg,14K Gold Plated 925 Sterling Silver Cubic Zirconia Hoop Earrings  ,$22.45
10,10 image.jpg,Women's Stone Crystal Pierced Hoop Earring Collection  ,$92.32
11,11 image.jpg,18 Pcs Gold Ear Cuffs for Women Non Piercing Adjustable Ear Cuff Earrings Clip On Cartilage Helix Wrap Ear Jewelry Set  ,$21.99
12,12 image.jpg,Stainless Steel Helix Cartilage Tragus Stud Earring Hoops for Women Girls CZ Barbell Piercing Earrings Stud Body Piercing Jewelry  ,$22.99
13,13 image.jpg,Sterling Silver Crystal Round Lever Back Drop Earrings  ,$37.50
14,14 image.jpg,4 Pairs 316L Surgical Stainless Steel Huggie Hoop Earrings 8mm/10mm/11mm/12mm/14mm Hypoallergenic Earrings Hoop Cartilage Helix Lobes Hinged Sleeper Earrings for Men Women  ,$18.99
15,15 image.jpg,Chunky Gold Hoop Earrings for Women Cute Fashion Hypoallergenic earrings Minimalist Jewelry Gift…  ,$16.99
16,16 image.jpg,6Pairs 18G/20G Stainless Steel Ear Stud Piercing Barbell Studs Earrings Round Cubic Zirconia Inlaid  ,$19.99
17,17 image.jpg,925 Sterling Silver Austria Pearl Earrings 18K Gold Pink Earrings Sets Stud Earrings for Women (3 Pairs 4mm 6mm 8mm)  ,$26.99
18,18 image.jpg,"14k Gold Hand Engraved Diamond-cut Round Hoop Earrings, (0.5 inch Diameter)  ",$99.99
19,19 image.jpg,12 Pairs Teardrop Crystal Drop Dangle Earrings for Women Girls Cubic Zirconia Hoop Earring Threader Earrings Jewelry Set Christmas Gifts  ,$14.72
20,20 image.jpg,"925 Sterling Silver Post Small Hoop Earrings Cubic Zirconia Huggie Hoop Earrings,3 Pairs Cartilage Piercing Earrings Ear Cuff Tiny Hoop Earrings for Women Girls Men 8mm 10mm 12mm  ",$21.99
21,21 image.jpg,SAILIMUE 21Pairs Stainless Steel Stud Earrings Set for Women Men 20G Tiny Cartilage Stud Earrings Star Moon Triangle Heart Leaf Opal Stud Earrings Hypoallergenic Flat back Earrings Piercing Jewelry  ,$21.99
22,22 image.jpg,Earring for Women Cartilage 7 Crystals Ear Cuffs Hoop Climber S925 Sterling Silver Earrings with Cubic Zirconia CZ Hypoallergenic Piercing Gifts for Her  ,$18.99
23,23 image.jpg,"Earrings Set for Women Girls, Funtopia 61 Pairs Fashion Tassel Earrings Acrylic Hoop Stud Drop Dangle Earrings for Birthday Party Gift, Assorted Styles and Colors  ",$24.99
24,24 image.jpg,"Earrings for Women, 925 Sterling Silver Flower Stud Earrings Hypoallergenic Sliver Earrings, AAAAA Cubic Zirconia Earrings Jewelry Gifts for Anniversary Birthday Mother‘s Day for Women  ",$29.99
25,25 image.jpg,"45 Pairs Fashion Hollow Drop Dangle Earrings Set for Women, Bohemian National Style Eardrop with Bronze Waterdrop Leaf Feather Shaped Vintage Jewelry for Gifts  ",$32.97
26,26 image.jpg,"5-10 Pairs Silver Gold Hoop Earrings for Women, Small Stainless Steel Hypoallergenic Earrings Set Mens Girls Lightweight Nickel Free Cartilage Earings  ",$17.99
27,27 image.jpg,"Crystal Hoop Earrings - Silver Plated Inside Out Oval Shape Hoop Earrings for Women, 1.2 Inch  ",$23.99
28,28 image.jpg,"Earrings for Women Girls Set, Funtopia 68 Pairs Fashion Drop Dangle Earrings, Gold and Silver Statement Stud Earrings Pearl Earrings Set for Party Jewelry Gift  ",$26.99
29,29 image.jpg,15 Pairs Black Earrings for Men Mens Earrings Stainless Steel Black Stud Earrings for Men Women Jewelry Piercing Hoop Men Earrings Set  ,$13.99
30,30 image.jpg,"Silver Hoop Earrings for Women, 925 Sterling Sliver Hoop Earrings for Girls, Hypoallergenic Huggie Hoop Earrings, Silver Hoops Earrings for men, Sizes 13/15/20mm  ",$22.99
31,31 image.jpg,Sterling Silver Filigree Tear Drop Earrings  ,$23.40
32,32 image.jpg,Fashion Gold Dangle Earrings 18k Gold Plated Hoop Chunky Earrings For Women girls gift  ,$22.44
33,33 image.jpg,"45 Pairs Gold Hoop Earrings for Girls Women, Chunky Twisted Small Big Hoops Earring Packs Set, Earrings for women multipack, Fashion Trendy Earrings Jewelry for Birthday Party Christmas Gift  ",$25.49
34,34 image.jpg,"Flower Cubic Zirconia Earrings for Women, 925 Sterling Silver CZ Cluster Flower Crystal Rhinestone Dangle Drop Earring  ",$54.00
35,35 image.jpg,925 Sterling Silver Dangle Earrings Tassel for Women Teen Girls Minimalist Hoop Drop Earrings Chain  ,$18.99
36,36 image.jpg,Spiral Threader Earrings 925 Sterling Silver Twisted Linear Curved Pull Through Earrings  ,$27.98
37,37 image.jpg,6 Pairs Gold Chunky Hoop Earrings Set for Women Hypoallergenic Thick Open Twisted Huggie Hoop Jewelry for Birthday/Christmas Gifts  ,$29.97
38,38 image.jpg,Hoop Loop Earrings Dangle 18K White Gold Plated with Swarovski Element Crystal Sparking Gift for Wife Mother Gift for Women Valentine's Day  ,$29.99
39,39 image.jpg,24 Pairs Weird Cute Earrings Drop Dangle Earrings for Women Girls Planet Astronaut Moon and Stars Face Dinosaur Bear Lollipop Fish Strawberry Mushroom Flowers Egg and Many More  ,$26.99
40,40 image.jpg,Earring Sets for Multiple Piercing | 14K Gold Plated Studs Earrings and Hoops Set Hypoallergenic Small Hoop CZ Ball Studs Earrings for Women Girls（6 Pairs）  ,$13.59
41,41 image.jpg,Stainless Steel Stud Earrings Set Hypoallergenic Cubic Zirconia 18K White Gold 316L CZ Earring 6 Pairs 3-8mm  ,$11.59
42,42 image.jpg,"18K Huggie 3 Earring Pack (8mm, 10mm and 12mm)  ",$24.45
43,43 image.jpg,14K Gold Plated 925 Sterling Silver Post Lightweight Hoops | 20mm | Gold Hoop Earrings for Women  ,$18.95
44,44 image.jpg,925 Sterling Silver Leaves Wrap Earrings Crawler for Women Dainty Flowers Dangle Earrings Threader Tassel Chain  ,$23.99
45,45 image.jpg,"3 Pairs 14K Gold Plated Huggie Hoop Earrings for Women, Minimalist Gold Huggie Hoop Earrings, Simple 3 sizes Hoop Earrings for Women Men gift,gold silver rose gold and black, Copper, Agate…  ",$19.99
46,46 image.jpg,51 Pairs Fashion Gold Hoop Earrings Set for Women Chunky Pearl Stud Paperclip Boho Earrings Pack for Birthday Party Christmas Jewelry Gift Multipack  ,$27.99
47,47 image.jpg,Gold Huggie Hoop Earrings for Women 14k Gold Plated Hoop and Studs Earrings Set Hypoallergenic Tiny CZ Ball Earrings Cartilage Earring for Multiple Pack  ,$19.99
48,48 image.jpg,925 Sterling Silver Round Cut CZ Prong Setting Gorgeous Bridal Prom Leverback Dangle Earrings Women Girls  ,$25.99
49,49 image.jpg,"18K Platinum Plated Halo Stud Earrings, 925 Sterling Silver Round Cut Halo Earrings for Women, Hypoallergenic Cubic Zirconia Diamond Stud Earrings 10MM  ",$38.70
50,50 image.jpg,18Pairs 316L Stainless Steel Star Moon Stud Earrings for Women Men Cute CZ Inlaid Stud Earring Set Huggie Hoop Cuff Earrings Ear Piercing Set  ,$25.99
51,51 image.jpg,14K Gold Plated Sterling Silver Post Huggie Earrings | Small Hoop Earrings |Gold Earrings for Women  ,$18.95
52,52 image.jpg,8 Pairs 316L Surgical Stainless Steel Small Hoop Earrings for Men Women Hypoallergenic Huggie Hoop Earrings Cartilage Helix Lobes Sleeper Hoop Earrings Set 18G 20G 8mm/10mm/12mm/14mm  ,$19.99
53,53 image.jpg,14K Gold Colored Lightweight Chunky Open Hoops | Gold Hoop Earrings for Women  ,$15.95
54,54 image.jpg,"Bella Mini Earrings, White, Rhodium plated  ",$92.40
55,55 image.jpg,925 Sterling Silver Dangle Earrings Austria Crystal 18K White Gold Drop Earrings for Women Spiral Ribbon Tassel Earrings for Anniversary Birthday  ,$28.99
56,56 image.jpg,10Pairs Stainless Steel Cartilage Earrings Sets for Multiple Piercing Gold Flat Back Stud Earrings for Women 14K Gold Plated Surgical Steel Huggie Hoop Earrings Tiny CZ Studs for Cartilage Helix Lobe  ,$12.74
57,57 image.jpg,Stud Earrings for Women 18K White Gold Rose Plated CZ Halo Earrings Created Opal Earrings Set for Sensitive Ears with Gift Box  ,$27.99
58,58 image.jpg,Sterling Silver Cubic Zirconia Princess Cut Leverback Earrings for Women  ,$35.99
59,59 image.jpg,925 Sterling Silver Filigree Heart Earrings 18K Gold Plated Dangle Heart Earrings with Cubic Zirconia Leverback Heart Drop Earrings for Women  ,$24.99
60,60 image.jpg,Moissanite Stud Earrings 925 Sterling Silver Lab Created Diamond Earrings for Women Men 7ZHUS Jewelry Gifts  ,$79.99
61,61 image.jpg,36 Pairs Fashion Drop Dangle Earrings Set for Women Girls Vintage Bronze Statement Bohemian Stud Earrings with Pearl Hollow Leaf Dreamcatcher Turquoise Inlay Jewelry for Gifts  ,$21.97
62,62 image.jpg,"Hummingbird Earrings Silver, Ladies Elegant Hummingbird Rhinestone Stud Earrings, Gift of Heart, Make You Look Noble, Exquisite Fashion Hummingbird Earrings for Women Red+BlueTwoPairs  ",$2.97
63,63 image.jpg,14K Gold Plated Small Heart Huggie Hoop Earrings Sterling Silver Heart Earrings for Women Girls  ,$12.99
64,64 image.jpg,19Pairs Surgical Steel Stud Earrings Set for Women Men Small CZ Heart Star Moon Flat Back Earrings Hypoallergenic 20G Tiny Cartilage Earrings Stud Hoops Helix Tragus Daith Earrings Piercing Jewelry  ,$19.99
65,65 image.jpg,Women's Leaf Climber Stud Earrings  ,$28.90
66,66 image.jpg,Fashion Jewelry Exquisite Dangle earrings For Women Open Hoop Earrings For Modern Women Office Ladies Gifts  ,$18.63
67,67 image.jpg,Square Stud Earrings 14k Gold Plated 925 Sterling Silver 4 Prong Princess Cut Square Slumlated Diamond Stud Earrings for Women Men Girl  ,$24.99
68,68 image.jpg,12 Pairs Classic Silver Plated Dangle Drop Earrings for Women Simple Long Thread Fashion Line Christmas Earrings Set  ,$23.99
69,69 image.jpg,Era Journey Watch  ,$92.32
70,70 image.jpg,3 Pairs Small Silver Hoop Earrings for Women S925 Sterling Silver Huggie Hoop Earrings Tiny Cartilage little Mini Silver Small Hoop Earrings for Women Girls Jewelry 8mm 10mm 12mm PABBEU  ,$15.99
71,71 image.jpg,5 Pairs 18K White Gold Plated Princess Cut Clear Cubic Zirconia Stud Earring Pack  ,$18.89
72,72 image.jpg,29Pcs Tiny Gold Silver Stud Earrings 14K Gold Plated Dangle Hoops Ball Chain CZ Heart Dainty Studs Hoop Earring Set for Women  ,$26.99
73,73 image.jpg,2 Pair 925 Sterling Silver Twist Crawler Earrings Double Hoop Climber Cuff Earrings for Women Ball Moonstone Cartilage Wrap Earrings bar CZ Minimalist Piercing Earring Hypoallergenic  ,$26.99
74,74 image.jpg,14K Gold Plated 925 Sterling Silver Post Huggie With Dangle | Small Gold Hinged Hoop Earrings For Women | Trendy Dangle Hoop Earrings | CZ Huggie Earrings  ,$20.95
75,75 image.jpg,925 Sterling Silver Stud Earrings Minimalist Bar Earrings with Chain Dangle Earrings For Women  ,$18.99
76,76 image.jpg,20/24 /30 Pairs Hypoallergenic Stud Earring Set for Women Girls Unicorn Heart Mermaid Scales Rainbow Pearls Owl Rhinestone Cute Mixed Color Stainless Steel Stud Earring Pack  ,$19.99
77,77 image.jpg,Thick Gold Hoop Earrings Lightweight Howllow Tube Hoops Chunky Gold for Women Hypoallergenic Big Earring 25mm 30mm 40mm 50mm  ,$12.99
78,78 image.jpg,"Cassette Earrings - Mixtape Geek Nerd Earrings Retro Funky Jewelry Funny Earrings Cute Earrings Quirky Old School 80s 90s Punk Rock Groovy, Metal  ",$11.99
79,79 image.jpg,925 Sterling Silver Stud Earrings Set for Women 18K Gold Plated CZ Bar Ball Tiny Earrings Stud Earrings Set for Sensitive Ears  ,$28.99
80,80 image.jpg,925 Sterling Silver Cubic Zirconia Halo Stud Earrings for Women Round & Square Cut CZ Earrings Set  ,$35.99
81,81 image.jpg,Hypoallergenic double sided diamond Stud Earrings For Womens Girl Secure Safety Screw back Cartilage CZ Stud Earrings  ,$10.99
82,82 image.jpg,60 Pairs Stainless Steel Stud Earrings for Women Cute Multiple Animal Fruit Flower Cute Earrings Set  ,$29.99
83,83 image.jpg,"14K Gold Plated 925 Sterling Silver Twisted Rope Round Hoop Earrings in Rose Gold, White Gold and Yellow Gold  ",$18.95
84,84 image.jpg,"Forever Love Heart Stud Earrings 925 Sterling Silver with Birthstone Zirconia, Anniversary Valentine's Day Birthday Jewelry Gifts for Women Girls  ",$69.99
85,85 image.jpg,"6 Pairs Sterling Silver Stud Earrings for Women, Cubic Zirconia Stud Earrings, Tiny Ball Stud Hypoallergenic Earrings, Small Tragus Cartilage Earrings Set for Men Girls(2mm,3mm,4mm)  ",$17.99
86,86 image.jpg,925 Sterling Silver Life Tree Dangle Earrings for Women Girls Stud Fashion Abalone Shell Jewelry Birthday Gifts for Her  ,$33.99
87,87 image.jpg,2 Pairs 925 Sterling Silver Small Hoop Earrings for Women CZ Huggie Hoop Earrings  ,$16.99
88,88 image.jpg,Handpicked AAA+ Quality Freshwater Cultured Pearl Earrings Leverback Dangle Stud Pearl Earrings  ,$25.95
89,89 image.jpg,Moissanite Stud Earrings for Women/Men 925 Sterling Silver Round Diamond Stud Jewelry Gifts  ,$79.99
90,90 image.jpg,14K Gold Plated Minimalist Suspender Earring CZ Ear Lobe Cuff Stud Earrings  ,$20.95
91,91 image.jpg,24 Pairs Mottled Acrylic Earrings Resin Drop Dangle Earrings Polygonal Bohemian Fashion Jewelry Earrings for Women Girls  ,$36.99
92,92 image.jpg,14K Gold Plated Sterling Silver Post Huggies | Cubic Zirconia Huggie Earrings for Women  ,$15.95
93,93 image.jpg,80 Pairs Assorted Multiple Stud Earrings for Women Simple Cute Flower Moon Star Heart Studs Geometric Leaf CZ Ball Faux Pearl Infinity Snowflake Earrings Set  ,$24.99
94,94 image.jpg,93 Pairs Assorted Multiple Stud Earrings Set for Women Cute Simple Faux Pearl Hoop Earrings Bar Moon Star CZ Stud Earring Jewelry  ,$25.99
95,95 image.jpg,14K Gold Plated 925 Sterling Silver Post Cubic Zirconia Hoop Earrings 30/15mm  ,$18.95
96,96 image.jpg,"Bella V Pierced Earrings, Gray, Rose-gold tone plated  ",$86.51
97,97 image.jpg,"Moissanite Stud Earrings, KRKC 1CT-2CT Moissanite Diamond Stud Earrings,14K Rose Gold Plated S925 Sterling Silver Earrings Stud, D Color VVS1 Clarity, Hypoallergenic Earrings for Women Girls Wife Her  ",$69.99
98,98 image.jpg,14k Yellow Gold 8x6mm Oval Blue Topaz Leverback Earrings Lever Back Birthstone December Drop Dangle Gemstone Fine Jewelry For Women Gifts For Her  ,$415.45
99,99 image.jpg,84 Pairs Assorted Multiple Stud Earrings Hoop Set Dangle Cute Hypoallergenic Earrings CZ Bow Butterfly Flower Leaf Ball Simple Drop Earrings Stud for Women Pack  ,$25.99
100,100 image.jpg,"Solid 14K Gold Huggie Earrings Small Minimalist Tiny Round Hoop Earrings for Women and Teens, Slightly Under 1/2 inch  ",$187.41
101,101 image.jpg,Minnie Mouse Sticker Earrings Set (24 Pairs)  ,$9.97
102,102 image.jpg,14K Gold Plated Sterling Silver Post Monet Oval Chunky Lightweight Hoop Earrings for Women  ,$16.95
103,103 image.jpg,"Sterling Silver, 14K Gold Plated, AAA+ Quality Handpicked Freshwater Cultured Stud Pearl Earrings  ",$15.95
104,104 image.jpg,8 Pairs Classic Dangle Drop Earrings for Women Simple Double Twist Long Thread Fashion Silver Plated Earring Jewelry  ,$14.80
105,105 image.jpg,925 Sterling Silver Small & Cute 7mm Cubic Zirconia Extra Small Huggie Hoop Earrings for Girls - Fashionable Pave CZ Earrings for Infants & Toddlers - Great Tiny Gift for Birthdays  ,$27.99
106,106 image.jpg,"Lucchetta - Premium 14 karat Gold Dangle Earrings with Oval Hoop Teardrop, Drop Leverback, Solid 14k Gold Earrings for Womens Girls, Fine Jewelry, BR6669-MN  ",$288.80
107,107 image.jpg,14K Gold Plated Cuff Earrings Huggie Stud | Small Hoop Earrings for Women  ,$15.95
108,108 image.jpg,18K Gold Plated Mini Bar Stud Earrings  ,$15.95
109,109 image.jpg,Sterling Silver Pressed Flower Teardrop Earrings  ,$45.00
110,110 image.jpg,14k Yellow Gold 6x4 Oval Bezel August/peridot Leverback Earrings Lever Back Drop Dangle Birthstone August Fine Jewelry For Women Gifts For Her  ,$335.45
111,111 image.jpg,"Daisy Earrings,Rose Earrings,Lotus Earrings,Sunflower Earrings Sterling Silver Gold Plated Filigree Flower Leverback Dangle Earrings for Women Girls  ",$36.99
112,112 image.jpg,925 Sterling Silver and 14k Gold Plated Open Hoop Earrings for Women with Dangle Charms Gemstone Birthstone 1 Inch Push Back by Nicole Miller Fine Jewelry  ,$65.97
113,113 image.jpg,"30 Pairs Gold Hoop Earrings Set for Women Girls, Fashion Chain Link Pearl Drop Earrings for women multipack Hypoallergenic Earrings for Birthday Party Jewelry Gift  ",$28.90
114,114 image.jpg,"1/4Ct Women Round Diamond Stud Earrings Set In Sterling Silver, Gold, Diamonds and Silver, Diamond  ",$89.00
115,115 image.jpg,you are always on my mind earrings - 7169136  ,$27.50
116,116 image.jpg,Green Dragonfly Earrings - Flat Disc Beaded Earrings  ,$39.99
117,117 image.jpg,Green Dragonfly Earrings - Flat Disc Beaded Earrings  ,$39.99
118,118 image.jpg,Green Dragonfly Earrings - Flat Disc Beaded Earrings  ,$39.99
119,119 image.jpg,14k Gold Hand Engraved Full Diamond-cut Round Hoop Earrings for Girls-16mm Diameter  ,$119.99
120,120 image.jpg,"Bunny & Carrot Mismatched Earrings, One Size, Metal Plastic, No Gemstone  ",$33.99
121,121 image.jpg,Romantic Delicate Pink Blue Yellow Green Black Purple White Red Floral Blooming 3D Carved 10MM Rose Flower Post Stud Earrings For Women Teen Lightweight  ,$18.84
122,122 image.jpg,"Gema drop earrings, Green, Rhodium Finish  ",$340.83
123,123 image.jpg,14k Yellow Gold White Textured Oval Hoop Earrings Ear Hoops Set Fine Jewelry For Women Gifts For Her  ,$315.45
124,124 image.jpg,14k White Gold 2mm Thickness Hinged Hoop Earrings - 10 Different Size Available  ,$97.36
125,125 image.jpg,18K White Gold Plated Round Clear Cubic Zirconia Stud Earring Pack of 6 Pairs (6 Pairs)  ,$17.98
126,126 image.jpg,Women's Attract Trilogy Crystal Necklace and Earrings Collection  ,$145.00
127,127 image.jpg,8Pairs Stainless Steel Curved Threader Earrings for Women Drop Dangle Tassel Chain Earrings Set Lightweight  ,$27.99
128,128 image.jpg,"Women's Attract Earrings Jewelry Collection, Clear Crystals  ",$76.99
129,129 image.jpg,"Gema drop earrings, Multicolored, Rhodium Finish  ",$246.85
130,130 image.jpg,"925 Sterling Silver Hanging Earrings With A Mystic Round Cubic Zirconia CZ, Beautiful 70s Hippie Hanging Rainbow & Leaf, Hypoallergenic, Nickel and Lead-free, Artisan Handcrafted Designer collection, Antique Vintage Floral, Sterling Silver Gemstone, Cubic Zirconia  ",$53.00
131,131 image.jpg,Sterling Silver Greek Wall Cut-Out Hoop Earrings for Women  ,$30.99
132,132 image.jpg,Moissanite Stud Earrings 1-2ct Brilliant Round Cut D Color VVS1 Clarity Lab Created Diamond Earrings 18K White Gold Plated Hypoallergenic Sterling Silver Moissanite Stud Earrings with 925 Sterling Silver Screw Back  ,$50.99
133,133 image.jpg,"Bella V Drop Pierced Earrings, Round Gold-Tone Crystals with Clear Pavé on a Gold-Tone Finished Setting, Part of the Swarovski Bella Collection  ",$125.00
134,134 image.jpg,Hoop Loop Earrings Dangle 18K White Gold Plated with Swarovski Element Crystal Sparking Gift for Wife Mother Gift for Women Birthday Christmas Day Gift  ,$29.99
135,135 image.jpg,6 Pairs Sterling Silver Stud Earrings Hoop Earrings Set Cubic Zirconia Stud Earrings Tiny Cartilage Hoop Earrings for Women Men  ,$24.99
136,136 image.jpg,"38 Pairs Silver Hoop Earrings Set for Women Multipack, Hypoallergenic Boho Fashion Vintage Acrylic Pearl Stud Hoop Earingings Jewelry for Girls Birthday Christmas Gift  ",$29.99
137,137 image.jpg,Lightweight Chunky Gold Hoops For Women Femme Hypoallergenic Earrings 18K Gold Plated Stainless Steel Nickel Free Anti-Allergy Jewelry Gifts  ,$24.99
138,138 image.jpg,"Tricolor Sunrise Earrings, Triple Circles in Copper, Brass and Silver Tone  ",$75.57
139,139 image.jpg,18k Yellow Gold Plated Sterling Silver Filigree Ball Leverback Dangle Earrings  ,$44.80
140,140 image.jpg,"Smooth and Textured Wire Silver Hoop Earrings, One Size, Silver  ",$20.59
141,141 image.jpg,Silicone Clear Earring Backs 1200 Pieces Bullet Earring Clutch by Yalis  ,$7.49
142,142 image.jpg,Women's Stainless Steel Heart Shaped Stud Earrings With Crystal Accents  ,$90.61
143,143 image.jpg,™ Fashionable Sterling Silver Double Marquise Loops Design Earrings  ,$10.79
144,144 image.jpg,18 Pairs Tiny Cartilage Stud Earrings Set for Women Men 316L Stainless Steel 20G Cartilage Helix Earrings Moon Star Heart CZ Opal Geometric Flat Back Stud Earrings Piercing Jewelry  ,$24.99
145,145 image.jpg,925 Sterling Silver Diamond Created Green Emerald Leverback Earrings Lever Back Drop Dangle Birthstone May Fine Jewelry For Women Gifts For Her  ,$249.45
146,146 image.jpg,"Women's Symbolic Crystal Jewelry Collection, Rose Gold Tone Finish  ",$132.46
147,147 image.jpg,"Swarovski Tennis Bracelet and Earring Jewelry Collection, Rhodium Finish, Clear Crystals  ",$76.99
148,148 image.jpg,14k Yellow Gold Mini Cross Religious Heart Leverback Earrings Lever Back Drop Dangle Fine Jewelry For Women Gifts For Her  ,$289.45
149,149 image.jpg,"14K Gold Round-Cut Diamond Stud Earring (1/4 - 2 cttw, J-K Color, I2-I3 Clarity)  ",$302.10
150,150 image.jpg,"Women's Bella V Pierced Earrings, Pink, Rose-Gold Tone Plated  ",$119.08
151,151 image.jpg,925 Sterling Silver Green Jade Teardrop Drop Dangle Chandelier Earrings Pearl Natural Stone Shell Fine Jewelry For Women Gifts For Her  ,$129.45
152,152 image.jpg,Infinity Dangle Earrings Sterling Silver Twisted Leverback Earrings Drop Jewelry for Women  ,$85.99
153,153 image.jpg,Women's Symbolic Stud Pierced Earrings  ,$116.10
154,154 image.jpg,14k Yellow Gold 1.25mm Endless Hoop Earrings Ear Hoops Set Round Fine Jewelry For Women Gifts For Her  ,$325.45
155,155 image.jpg,NANA 14k Gold Post & Sterling Silver 3 Prong CZ Stud Earrings -Yellow Gold Plated-7.5mm-3.00cttw  ,$49.95
156,156 image.jpg,"Earrings 18k White Gold Plated 925 Sterling Silver Pearl Earrings Hypoallergenic Pearl Drop Earrings, Silver Pearl Earrings with 5A+ Cubic Zirconia, Size 8-10mm Fine Jewelry for Women  ",$48.99
157,157 image.jpg,Princess-Cut Diamond Stud Earrings  ,$745.40
158,158 image.jpg,Sterling Silver Round 3mm Three-Stone Dangle Lever Back Hoop Earrings  ,$22.90
159,159 image.jpg,"Attract earrings, White, Rose-gold tone Finish  ",$105.00
160,160 image.jpg,Women's Stone Hoop Pierced Earrings  ,$168.51
161,161 image.jpg,80pcs Earring Pads Comfortable Clip on Earrings Silicone Earring Cushion for Clip Back Earrings  ,$14.99
162,162 image.jpg,925 Sterling Silver Hammered Rectangle Drop Dangle Chandelier Earrings Fine Jewelry For Women Gifts For Her  ,$209.45
163,163 image.jpg,Vintage Allure Stud Earrings - 290721CZ  ,$33.45
164,164 image.jpg,Sterling Silver Celtic Knot Lever-Back Drop Earrings  ,$29.80
165,165 image.jpg,"Women's Attract Pear Jewelry Collection, Rhodium Finish, Clear Crystals  ",$79.00
166,166 image.jpg,14k Gold Hand Engraved Full Diamond-cut Round Hoop Earrings-22mm Diameter  ,$169.99
167,167 image.jpg,"Bee Stud Earrings, One Size, Metal  ",$33.48
168,168 image.jpg,Large Oval Glitter Hoop Earrings  ,$23.82
169,169 image.jpg,Sterling Silver Hoop Earrings For Women Ear Cuffs Gold Huggie Earrings Small Hoops  ,$29.99
170,170 image.jpg,Pack of Colorful Titanium Screw Back Stud Earrings Hypoallergenic  ,$19.99
171,171 image.jpg,"Huggie Hoop and Stud Earrings Set 14K Gold Plated 925 Sterling Silver Post Cartilage Piercing Earrings Gold Stud Earrings Set for Women/Men (A-gold hoop set), 8/10/12mm  ",$16.99
