ID,Image,Title,Price
1,1 image.jpg,Mens Graphics Hooded Sweatshirt Color Changing Hoodies For Men  ,$61.42
2,2 image.jpg,Youth Camo Shark Mouth Hoodies Jacket Full Zip Up Hooded Pullover Sweatshirt 3D Graphic Printed Polyester Hoody  ,$39.58
3,3 image.jpg,Youth 3D Games Hoodies Graphic Hooded Sweatshirt Printed Pullover with Pocket for Boys Girls  ,$38.99
4,4 image.jpg,Men's Pullover Hoodie Sweatshirt 3D Printed Adult Graphic Hooded Sweater Outwear Athletic Hoodies with Pocket  ,$51.93
5,5 image.jpg,Women Long Sleeve Letter Print Oversized Hoodies Casual Trendy Graphic Fleece Hooded Sweatshirt Pullover Top  ,$53.02
6,6 image.jpg,Men’s Novelty Cartoon Graphic Hoodies Streetwear Hooded Sweatshirt Pullover Hip Hop Fashion Hoodies Unisex  ,$54.46
7,7 image.jpg,Men's Letter Graphic Long Sleeve Hoodies Drawstring Pullover Hooded Sweatshirt Tops With Kangaroo Pocket  ,$54.99
8,8 image.jpg,Boys Girls Fleece Hoodies 3D Printed Pullovers Novelty Hooded Sweatshirts with Pocket 5-16 Years  ,$36.99
9,9 image.jpg,Embroiderd Streetwear Dragon Hoodies Men Techwear Sweatshirt Japanese Black Hip Hop Graphic Hoodie  ,$39.99
10,10 image.jpg,Mens Relaxed Fit Graphic Fleece Pullover Hoodie  ,$54.99
11,11 image.jpg,Mens Graphic Powerblend Fleece Pullover Hood  ,$45.50
12,12 image.jpg,"Vintage Zip Up Hoodies for Women Rhinestone Graphic Oversized Sweatshirts Aesthetic Pullover Jackets Gothic Streetwear, Gesture Black Heart, Large  ",$58.03
13,13 image.jpg,Womens Badge of Sport 2-Tone Graphic Hoodie  ,$42.37
14,14 image.jpg,Men's Casual Colorblock Pullover Fashion Loose Fit Long Sleeve Graphic Trendy Drawstring Hoodie Sweatshirt  ,$52.50
15,15 image.jpg,Men's Hoodies Lightweight Drawstring Letter Print Graphic Pullover Sweatshirt with Pockets  ,$55.24
16,16 image.jpg,"Mens Powerblend Fleece Hooded Sweatshirt for Men, Best Hoodies for Men, Graphic  ",$44.22
17,17 image.jpg,Lucky Me I See Ghosts Sweatshirts Hoodie Hip Hop Pullover Tops  ,$48.98
18,18 image.jpg,Women's Cute Sweatshirts Long Sleeve Hoodie Skateboarding Frog Printed Fleece Hooded Pullover Top  ,$30.99
19,19 image.jpg,Essential Hoodi Medium Thickness Quality Warm Long Sleeve Sweatshirt  ,$52.99
20,20 image.jpg,Mens 90s Vintage Oversize Shirts Summer Unisex Hipster Printed Casual Tee Streetwear Harajuku Top Tshirt  ,$38.92
21,21 image.jpg,Patchwork Hoodies Men Letter Print Streetwear Hoodie Men Sweatshirt  ,$44.50
22,22 image.jpg,Men's Cargo Pants Joggers Sweatpants Corduroy Streetwear Drawstring Elastic Waist Pant with Pockets  ,$37.18
23,23 image.jpg,Anime Girl Figure Sweater Graphic Long Sleeve Oversize Knitwear Sweatshirt Unisex 3D  ,$58.05
24,24 image.jpg,Womens Powerblend Graphic Hoodie  ,$79.99
25,25 image.jpg,Men’s EcoSmart Fleece Sweatshirt  ,$24.08
26,26 image.jpg,Women Graphic Printed Oversized Y2K Sweatshirt Zip Up Long Sleeve Hoodies Aesthetic Jacket Streetwear with Pockets  ,$35.57
27,27 image.jpg,Men's Graphic Hoodie Hooded Sweatshirt  ,$99.88
28,28 image.jpg,Womens Mens 3D Graphic Printed Fun Dog Puppy Oversize Novelty Hoodie For Adults  ,$47.96
29,29 image.jpg,"Hot Leathers - GMD2076 Black, XL Assassin Double Sided Long Sleeve Biker T-Shirt (Black, X-Large)  ",$33.68
30,30 image.jpg,3D Graphic Wolf Novelty Hoodies Animal Themed Hooded Sweatshirt Pullover Sweater for Adults Women Men  ,$47.96
31,31 image.jpg,Women's Men's Pullover Hoodie 3D Graphic Printed Unisex Sweatshirt  ,$47.96
32,32 image.jpg,Mens Oversized Zip Up Skeleton Hoodie Streetwear Graphic Hoodies Vintage Hooded Sweatshirt Crewneck Sweatshirts  ,$99.51
33,33 image.jpg,Mens Long Sleeve Logo Graphic Tee  ,$26.75
34,34 image.jpg,Women's Men's Cat Pullover Hoodie 3D Graphic Printed Unisex Kitten Sweatshirt  ,$47.96
35,35 image.jpg,Men's Letter Graphic Print Drawstring Pocket Hoodie Pullovers Sweatshirt  ,$53.19
36,36 image.jpg,Men's Graphic Long Sleeve Hoodies Zip Up Drawstring Hooded Sweatshirt Jacket  ,$46.08
37,37 image.jpg,"The World is A Better Place with You in It Hoodie,Hoodies with Sayings On The Back, Word On The Back Sweatshirts, Saying On Back Graphic Hoodie, Aesthetic Hoodies for Teen Girls  ",$25.98
38,38 image.jpg,Women's Letter Graphic Printed Long Sleeve Pullover Drawstring Hoodie Sweatshirt  ,$53.51
39,39 image.jpg,Men's Hand Graphic Print Drawstring Hoodie Long Sleeve Pocket Sweatshirt  ,$47.20
40,40 image.jpg,Mens Midweight Sleeve Logo Hooded Sweatshirt (Regular and Big & Tall Sizes)  ,$267.12
41,41 image.jpg,Smokey Bear Hoodie - Keep It Green Hooded Smokey Bear Sweatshirt  ,$61.99
42,42 image.jpg,"Women's Letter Print Long Sleeve Drawstring Pocket Hoodie Top Sweatshirt, Grey  ",$47.58
43,43 image.jpg,Womens Disney Bambi Graphic Cropped Hoodie  ,$117.52
44,44 image.jpg,Men’s Women’s 3D Zip Up Hoodie Jacket Casual Full Zip Hooded Sweatshirt for Adults  ,$48.50
45,45 image.jpg,Men's Graphic Print Long Sleeve Drawstring Hoodie Pullover Sweatshirt  ,$60.29
46,46 image.jpg,"Womens Powerblend Relaxed Hoodie for Women,Hooded Sweatshirts for Women,Graphic  ",$46.11
47,47 image.jpg,Women Rhinestone Y2K Spider Skeleton Hoodies Punk Jackets Streetwear Goth Harajuku Oversized Zip Up Hoodie  ,$34.57
48,48 image.jpg,Men Women Fleece Hoodies 3D Novelty Pullovers Funny Hooded Sweatshirt with Pocket for Winter  ,$37.99
49,49 image.jpg,"Russell Athletic Big and Tall Hoodies for Men – Fleece Hoodie Graphic Pullover, Heather Grey, 3X Tall  ",$48.13
50,50 image.jpg,Womens Y2k Skeleton Zip Up Hoodies Rhinestone Graphic Oversized Pullovers Sweatshirt Goth jacket with Pockets  ,$36.68
51,51 image.jpg,Mens Graphic Hoodies  ,$79.95
52,52 image.jpg,Men's Cartoon Letter Graphic Drawstring Hoodie Long Sleeve Pocket Sweatshirts  ,$55.96
53,53 image.jpg,Women's Men's 3D Graphic Printed Jesus And Cross Hoodie Virgin Mary Sweater  ,$47.52
54,54 image.jpg,Unisex Pullover Hoodie Fleece Hooded Sweatshirt  ,$49.99
55,55 image.jpg,Men's Comfortable Long Sleeve Athletic Hoodies Kangaroo Pockets Drawstring Pullover Hoodie Hooded Sweatshirt  ,$35.99
56,56 image.jpg,Baseball Varsity Bomber School Letterman Jacket Genuine Leather Sleeves Wool Body (Black /Red)  ,$113.30
57,57 image.jpg,Women's Oversized Fit Soft Touch Long Sleeve Crewneck Fair Isle Chunky Knit Pullover Sweater Jumper Top  ,$88.96
58,58 image.jpg,"Women's Letter Print Drawstring Long Sleeve Hoodie Pocket Sweatshirt, White  ",$60.14
59,59 image.jpg,"Mens Powerblend Fleece Hooded Sweatshirt for Men,Best Hoodies for Men, Graphic Script  ",$55.76
60,60 image.jpg,Funcle Definition Hoodie Funny Fun Uncle Family Graphic Novelty Sweatshirt  ,$37.38
61,61 image.jpg,Mens Casual Western Aztec Hoodies Sweatshirt African Dashiki Printed Geometry Graphic Pullover Sweaters with Pockets  ,$28.99
62,62 image.jpg,3D Women's Mens 3D Graphic Bird Novelty Hoodie Animal Themed Hooded Sweatshirt  ,$48.46
63,63 image.jpg,Women Man Goth Hoodie Sweatshirts Y2k Aesthetic Zip Up Jacket 90s Long Sleeve Graphic Coat Couple Top Streetwear  ,$25.39
64,64 image.jpg,Men’s Half Dome Pullover Hoodie Sweatshirt  ,$35.90
65,65 image.jpg,unisex-adult Star Wars Men's Galaxy of Graphic T-shirt  ,$42.49
66,66 image.jpg,Men's Polaroid Hoodie - Hooded Polaroid OneStep Camera Sweatshirt  ,$52.69
67,67 image.jpg,Women's UA Rival Fleece Sportstyle Graphic Hoodie Pullover Big And Tall 1353781 Plus size  ,$148.88
68,68 image.jpg,Mens Unisex 3D Printed Hoodies Hooded Sweatshirts Graphic Pocket Pullover  ,$47.44
69,69 image.jpg,Womens Good Vibes Hoodies Rainbow Graphic Sweatshirt Long Sleeve Pullover Blouses Top for Women  ,$29.99
70,70 image.jpg,Womens Mens 3D Skull Novelty Hoodie Skeleton Hooded Sweatshirt with Drawstrings  ,$47.52
71,71 image.jpg,Mens Men's Dragon Novelty Hoodie Gift For Guys Boys Boyfriend Husband Dad Grandpa  ,$47.96
72,72 image.jpg,Men's Graphic Hooded Sweatshirts Long Sleeve Drawstring Hoodies with Pocket  ,$55.56
73,73 image.jpg,Womens Mens Dog 3D Printed Zipper Hoodie Mom Dad Mother Father Zip Up Sweater  ,$54.32
74,74 image.jpg,"Mens Sweatshirt Reverse Weave, Hoodie for Mens, Multiple Graphics  ",$95.14
75,75 image.jpg,Women's Y2K Zip Up Hoodies Novelty Aesthetic Boy Letter Hiphop Graphic Pullover Casual Cardigan Sweatshirt Pocket  ,$34.99
76,76 image.jpg,Womens Clarksburg Graphic Sleeve Pullover Sweatshirt (Regular and Plus Sizes)  ,$94.99
77,77 image.jpg,Mens Force Relaxed Fit Lightweight Logo Graphic Sweatshirt  ,$89.99
78,78 image.jpg,"Big and Tall Hoodies for Men, Graphic Sweatshirts for Men  ",$48.13
79,79 image.jpg,"Mens Eversoft Fleece Sweatshirts & Hoodies, Moisture Wicking & Breathable  ",$22.73
80,80 image.jpg,Women's Casual Long Sleeve Round Neck Slogan Graphic Pullover Sweatshirt  ,$44.99
81,81 image.jpg,Naruto Anime Kakashi Men's Cosplay Zippered Graphic Print Hoodie  ,$49.95
82,82 image.jpg,Unisex-Youth Graphic Hoodie  ,$56.42
83,83 image.jpg,Big Boys Digital Print Hoodies Hooded Sweatshirts Multicolored Paint Drip  ,$49.99
84,84 image.jpg,Mens Embroidery Graphic Hoodie  ,$58.04
85,85 image.jpg,Hide and Seek Champion Hoodie Funny Bigfoot Sasquatch Graphic Yeti Sweatshirt  ,$39.96
86,86 image.jpg,Camp Crystal Lake Funny Graphic Camping Vintage Graphic Horror Novelty Hoodie  ,$49.33
87,87 image.jpg,Men's Dr Pepper Hoodie - Lightweight Dr Pepper Hooded Sweatshirt  ,$65.10
88,88 image.jpg,Womens Hoodies Fleece Lined Collar Pullover 1/2 Zipper Sweatshirts Long Sleeve Crop Tops Sweater Thumb Hole  ,$80.48
89,89 image.jpg,Women's Men's Cat Zipper Hoodie 3D Graphic Printed Unisex Kitten Pet Sweatshirt  ,$54.32
90,90 image.jpg,Men's Letter Car Graphic Print Long Sleeve Pullover Top Sweatshirt  ,$34.84
91,91 image.jpg,Sweatshirt Women's Pullover Sweatshirt Hoodie  ,$39.95
92,92 image.jpg,Unisex Iron Man Hoodie Funny Geeky Nerdy Graphic Periodic Table Sweatshirt  ,$43.66
93,93 image.jpg,mens Men's Fleece Hooded Sweatshirt  ,$19.49
94,94 image.jpg,Streetwear Men's Dragon Embroidered Heavyweight Graphic Hoodies  ,$78.57
95,95 image.jpg,Essentials Hoodie Long Sleeve Hip Hop Unisex Novelty Pullover Hoodie Letter Hooded Sweatshirt  ,$54.98
96,96 image.jpg,Unisex 3D Cool Galaxy Printed Hoodies Personalized Hooded Sweater  ,$39.56
97,97 image.jpg,Womens Nord Graphic Pullover Hoodie  ,$86.79
98,98 image.jpg,Womens Graphic Pullover Sweatshirt Fleece Hoodie  ,$59.99
99,99 image.jpg,Womens Mens 3D Graphic Printed Dogs Theme Novelty Hoodies For Pet Owners Adults  ,$47.96
100,100 image.jpg,Women's Vintage Graphic Print Oversized Hoodies Zip Up Long Sleeve Sweatshirt Y2K Hip-pop Streetwear Pullover Jackets  ,$46.71
101,101 image.jpg,Men's Joggers Pants Long Unisex Solid Outdoor Fashion Jogging Hip Hop Casual Cargo Pants Techwear Pants  ,$46.99
102,102 image.jpg,Unisex Hoodie Anime Pullover Sweatshirt Long Sleeve for Men Women  ,$35.99
103,103 image.jpg,Men's Skull/Cobra Demin Jacket Hip-Hop Casual Street Outwear Street Trend Embroidery Cyberpunk Style Coat Black  ,$52.99
104,104 image.jpg,"Men's Cotton Linen Plus Size Stretchy Waist Casual Ankle Length Pants, One Size  ",$39.99
105,105 image.jpg,Womens Trek Graphic Hoodie  ,$29.98
106,106 image.jpg,Women's Y2K Full Zip Up Hoodie Over Face Rhinestone Pattern Print vintage Pullover Aesthetics Design Oversized Jacket  ,$32.61
107,107 image.jpg,Men's Sportswear Club Fleece Hoodie  ,$233.18
108,108 image.jpg,Men Lucky Me I See Ghosts Graphic Hoodies Letter Printing Hoodie Cotton Warmth Pullover  ,$75.38
109,109 image.jpg,Men's Full Zip Eco Smart Fleece Hoodie  ,$32.11
110,110 image.jpg,Women’s Smile Letter Graphic Print Sweatshirt Loose Long Sleeve Round Neck Drop Shoulder Fleece Casual Pullover  ,$93.76
111,111 image.jpg,Mens Men's Hooded Sweathshirt  ,$106.73
112,112 image.jpg,Women's Graphic Letter Crewneck Sweatshirts Long Sleeve Pullover Hoodies Tops  ,$34.02
113,113 image.jpg,Womens Mens 3D Graphic Printed Hunting And Fishing Pullover Sweater For Hunter  ,$51.60
114,114 image.jpg,Women’s Oversized Letter Graphic Hooded Sweatshirt Trendy Fleece Baggy Hoodies Drop Shoulder Pullover  ,$63.72
115,115 image.jpg,Mens Nord Graphic Pull Over Hoodie  ,$80.00
116,116 image.jpg,Women's Casual Long Sleeve Graphic Drawstring Hooded Sweatshirt Tops with Pocket  ,$35.47
117,117 image.jpg,Women Gothic Zip Up Hoodie Y2k Graphic Long Sleeve Sweatshirt Aesthetic Punk Oversized Jacket with Pockets  ,$72.17
118,118 image.jpg,Mens Force Delmont Signature Graphic Hooded Sweatshirt  ,$121.05
119,119 image.jpg,Anime Helluva_ Boss_Hoodie Girls Casual Cat Cropped Hoodies Women Long Sleeve Hooded Streetwear  ,$19.98
120,120 image.jpg,Big Pocket Jacket Men Slim fit NASA Letter Printing National Flag Armband Bomber Jacket  ,$46.99
121,121 image.jpg,Unisex 3D Galaxy Printed Hoodies Pullover Hooded Sweatshirts  ,$25.98
122,122 image.jpg,3D Printing Hoodies Women and Men Sweatshirts Long Sleeve Sweater  ,$39.99
123,123 image.jpg,"Womens Plus Powerblend Hoodie, Graphic Script  ",$56.32
124,124 image.jpg,Mens Keep It Classic T-Shirt  ,$27.99
125,125 image.jpg,Men's Casual Crewneck Cartoon Dinosaur Graphic Pullover Sweatshirt  ,$52.79
126,126 image.jpg,Women Men Rhinestone Hoodie Y2k Graphic Zip Up Unisex Sweatshirt Sparekly Oversized Pullover Jacket Streetwear  ,$59.59
127,127 image.jpg,That's A Horrible Idea What Time Hoodie Funny Bad Decision Humorous Saying Top  ,$37.38
128,128 image.jpg,Men's Hooded Sweatshirt Hipster Gym Long Sleeve Drawstring Hooded Plaid Jacquard Pullover Hoodies  ,$39.99
129,129 image.jpg,Women’s Clarksburg Graphic Sleeve Pullover Sweatshirt (Regular and Plus Sizes)  ,$160.16
130,130 image.jpg,Women's Dragon Letter Print Long Sleeve Drawstring Hoodie Pocket Sweatshirt  ,$49.22
131,131 image.jpg,Womens Mens 3D Printed Cat Zipper Hoodie Kitten Novelty Hoodie For Pet Lovers  ,$54.32
132,132 image.jpg,Mens Graphics Behind The Trefoil Hoodie  ,$120.00
133,133 image.jpg,Mad Mickey Mouse Adult Men's Distressed Graphic Sweatshirt Hoodie  ,$67.45
134,134 image.jpg,Girls' Graphic Hoodie Pullover Fleece Sweatshirt  ,$66.89
135,135 image.jpg,"Womens Middleweight Jersey Hoodie, Graphic Script  ",$38.48
136,136 image.jpg,"Womens Plus Size Graphic Game Day Women's Hoodie, Sweatshirts for Women, Women’s Hoodies, Women’s Pullover Hoodies  ",$67.30
137,137 image.jpg,90s Classic Hoodie Sweatshirt - Mens Logo Iconic Crewneck Sweatshirt - 80s 90s I Want My Shirt  ,$67.29
138,138 image.jpg,Yes Im Cold Sweatshirt Women Casual Funny Letter Print Hooded Pullover Long Sleeve Graphic Hoodies with Pockets  ,$23.99
139,139 image.jpg,Mens Loose Fit Midweight Felt Logo Graphic Sweatshirt  ,$89.99
140,140 image.jpg,Mens Graphic Po Hoodie - G  ,$49.44
141,141 image.jpg,Mens Graphic Fleece Pullover Hoodie Sweatshirt  ,$78.20
142,142 image.jpg,Womens Relaxed Fit Midweight Logo Sleeve Graphic Sweatshirt  ,$84.99
143,143 image.jpg,Hip Hop Streetwear Sea Whale Graphic Hoodies for Men Black Oversized Couples Hoodies White  ,$35.63
144,144 image.jpg,Womens Graphic Standard Hoodie  ,$66.26
145,145 image.jpg,Mens Graphic Powerblend Fleece Crew  ,$62.34
146,146 image.jpg,Can't Work Today My Arm is in A Cast Hoodie Funny Fishing Graphic Fisherman  ,$37.38
147,147 image.jpg,Mens Hoodies Plus Size Long Sleeve Cartoon Funny Graphic Printed Casual Pullovers Sweatshirts  ,$38.99
148,148 image.jpg,Graphic Cyberpunk Zip Up Men's Fashion Hoodies Sweatshirts  ,$89.42
149,149 image.jpg,Mens Viewmont™ Ii Sleeve Graphic Hoodie  ,$69.99
150,150 image.jpg,Cute Hoodies for Teen Girls Funny Giraffe Graphic Sweatshirts Womens Drawstring Blouse Long Sleeve Hooded Pullover  ,$24.99
151,151 image.jpg,Women Solid Basic Fleece Letter Loose Hoodie Sweatshirt Long Sleeve Kangaroo Pocket Drop Shoulder Pullovers Top  ,$64.46
152,152 image.jpg,"Women's Relaxed Fit Midweight Logo Sleeve Graphic Sweatshirt, BlackBerry Heather, XX-Large  ",$94.99
153,153 image.jpg,Men's Popular Long Sleeve Athletic Hoodies Kangaroo Pocket Drawstring Pullover Hoodie Hooded Sweatshirt  ,$35.99
154,154 image.jpg,Women's Zip Up Hoodies Oversized Sweatshirt with Pocket Casual Long Sleeve Fall Jackets  ,$40.99
155,155 image.jpg,Cute Potato Sweatshirt for Women Pullover Long Sleeve Hoodie Kawaii Clothes Turn-Down Collar Tops for Teen Girls Y2k  ,$17.47
156,156 image.jpg,Mens Lightweight Long Sleeve Athletic Hoodies Kangaroo Pockets Drawstring Pullover Hoodie Hooded Sweatshirt  ,$35.99
157,157 image.jpg,Men's Popular Long Sleeve Athletic Hoodies Kangaroo Pockets Drawstring Pullover Hoodie Hooded Sweatshirt  ,$35.99
158,158 image.jpg,Men's Fun Long Sleeve Athletic Hoodies Kangaroo Pockets Drawstring Pullover Hoodie Hooded Sweatshirt  ,$35.99
159,159 image.jpg,Mens Soft Long Sleeve Athletic Hoodies Kangaroo Pocket Drawstring Pullover Hoodie Hooded Sweatshirt  ,$35.99
160,160 image.jpg,Japanese Aesthetic Hoodie Streetwear Hoodies Tokyo Dragon Retro 80’s Style Men's Graphic Hoodie Sweatshirt  ,$52.39
161,161 image.jpg,Unisex Teen Boys Girls Hoodies 3D Graphic Hoodie for Mens Womens Novelty Galaxy sweatshirt for Teenage Gift  ,$31.31
162,162 image.jpg,Long Sleeves Sweatshirts for Mens Womens Graphic Prints Trendy Hip Hop Crewneck Top Pullover Hoodies  ,$74.97
163,163 image.jpg,Mens Graphic Hoodie Sweatshirt  ,$77.02
164,164 image.jpg,Cat Mom Sweatshirt for Women Funny Sayings Shirt Casual Long Sleeves Tee Graphic Top I'm Fine Pullover  ,$25.92
165,165 image.jpg,Hoodies for Men Graphic Retro Aztec Tribal Tops Sweatshirt Native American Design Pullover Casual Patriotic Tops Tee  ,$19.35
166,166 image.jpg,Men Women 3D Cool Hooded Sweatshirts Novelty Funny Pullover Hoodies with Pocket  ,$36.99
167,167 image.jpg,Mens Graphic Fleece Hoodie  ,$45.18
168,168 image.jpg,Papa Bear Hoodie Funny Father's Day Graphic Novelty Sweatshirt for Dad Novelty  ,$37.38
169,169 image.jpg,"Tech Twist Graphic Hoodie, Midnight Navy (410)/White, XX-Large  ",$65.05
170,170 image.jpg,Science Like Magic But Real Hoodie Funny Nerdy Graphic Novelty Sweatshirt  ,$37.38
171,171 image.jpg,Mens Pixie Patchwork Long Hood Lightweight Festival Hoodie  ,$61.99
172,172 image.jpg,2019 Unisex Fashion 3D Digital Printed Pullover Hoodies  ,$39.99
173,173 image.jpg,Mens Fashionable Long Sleeve Athletic Hoodies Kangaroo Pockets Drawstring Pullover Hoodie Hooded Sweatshirt  ,$35.99
174,174 image.jpg,mens Reverse Weave Pullover Hoodie  ,$58.68
175,175 image.jpg,Women's Graphic Hoodies Skeleton Butterfly Print Long Sleeve Drawstring Pullover Sweatshirt  ,$39.20
176,176 image.jpg,Im Only Talking to My Dog Today Hoodie Funny Puppy Joke Cool Graphic Sweatshirt  ,$37.38
177,177 image.jpg,Mens Flame Resistant Force Loose Fit Midweight Logo Sleeve Graphic Sweatshirt  ,$249.99
178,178 image.jpg,Hoodie for Men Big And Tall Mens Oversized Pullover Fleece Sweatshirt  ,$60.16
179,179 image.jpg,Men's Color Block Graphic Hoodies Long Sleeve Hooded Sweatshirt Tops  ,$69.24
180,180 image.jpg,"Hot Leathers Mens Motorcycle GMZ4356 Men s Sweet Demise Black Hoodie, Black, X-Large US  ",$75.47
181,181 image.jpg,Mens Exclusive Loose Fit Midweight Logo Graphic Sweatshirt  ,$117.13
182,182 image.jpg,Men's Patterns Print Hoodies Fashion Sweatshirts Pullover…  ,$45.09
183,183 image.jpg,Women's Letter Print Long Sleeve Hoodie Drawstring Sweatshirt with Pocket  ,$54.94
184,184 image.jpg,"Mens Powerblend Fleece Pullover Hoodie, Graphic (Retired Colors)  ",$42.72
185,185 image.jpg,Team-Ups Men's Team Ups Group Shot T-Shirt  ,$22.73
186,186 image.jpg,Women's Letter Graphic Print Round Neck Long Sleeve Sweatshirt Tops Pullovers  ,$34.69
187,187 image.jpg,Men Rhinestone Y2k Full Zip Up Hoodies Women Oversized Skull Skeleton Graphic Sweatshirt Zip Over Face Gothic Jacket  ,$69.18
188,188 image.jpg,Fashion Casual Friend Hoodie Sweatshirt Women Graphic Tops Hoodies Sweater Funny Hooded Pullover  ,$47.69
189,189 image.jpg,Men's Graphic Injection Hoodie  ,$120.06
190,190 image.jpg,mens Pullover  ,$28.66
191,191 image.jpg,"Mens Full Zip-up Sweatshirt with Hood, Tech Weave Zip-up Hidden Hoodie Pocket, Classic Graphics  ",$108.00
192,192 image.jpg,Women's Casual Printing Long Sleeve Round Neck Crop Top Sweatshirt  ,$47.58
193,193 image.jpg,Men's Pullover Hoodie Lightweight Casual Workout Athletic-Fit Hooded Sweatshirt  ,$46.98
194,194 image.jpg,Unisex Novelty Fleece Hoodie 3D Cool Printed Drawstring Pullover Sweatshirt with Big Pockets  ,$30.88
195,195 image.jpg,Men's 3D Hoodie Pullover Print Pattern Fashion Sweatshirt Sportswear  ,$39.98
196,196 image.jpg,Men's Baseball Graphic Hoodie 21  ,$71.81
197,197 image.jpg,Mens Classic Jersey Long Sleeve Graphic T-Shirt  ,$46.41
198,198 image.jpg,Women Cute Frog Sweatshirt Kawaii Mushroom Hoodie for Teen Girls Aesthetic Cottagecore Clothes Feminino Hoodies  ,$29.59
199,199 image.jpg,Harley-Davidson Military - Men's Graphic Pullover Hoodie Sweatshirt - Overseas Tour | Text Skull  ,$172.86
200,200 image.jpg,Graphic Hoodies for Men USA Flag American Patriotic Long Sleeve Pocket Pullover Sweatshirts  ,$46.65
201,201 image.jpg,Mens Stylish Long Sleeve Athletic Hoodies Kangaroo Pocket Drawstring Pullover Hoodie Hooded Sweatshirt  ,$35.99
202,202 image.jpg,Men's Novelty Hoodie Realistic 3D Print Pullover Unisex Casual Sweatshirt  ,$37.98
203,203 image.jpg,Womens Girls Brown Bear Hoodie Long Sleeve Sweatshirts Cute Pattern Print Kawaii Patchwork Shirts  ,$34.99
204,204 image.jpg,Mens Durable Long Sleeve Athletic Hoodies Kangaroo Pockets Drawstring Pullover Hoodie Hooded Sweatshirt  ,$35.99
205,205 image.jpg,Men's Simple Long Sleeve Athletic Hoodies Kangaroo Pocket Drawstring Pullover Hoodie Hooded Sweatshirt  ,$35.99
206,206 image.jpg,Men's Hooded Fleece Sweatshirt  ,$33.40
207,207 image.jpg,"Dear Person Behind Me Hoodie You Look Great Today, Love Like Jesus Sweatshirt, Casual Graphic Letter Print Long Sleeve Shirt  ",$59.72
208,208 image.jpg,Mens Men's NSW Club Full Zip Hoodie  ,$181.03
209,209 image.jpg,Men's Floral Graphic Print Drawstring Pocket Hoodie Sweatshirt  ,$54.38
210,210 image.jpg,Womens Fuzzy Long Sleeve Drawstring Hoodies Sherpa Pullover Sweaters Winter Warm Tunic Tops Sweatshirts  ,$44.99
211,211 image.jpg,Men's Armour Fleece Graphic Hoodie Pullover 1373404  ,$55.31
212,212 image.jpg,Death Skeleton Hoodie Skull Zip up Hoodies Gothic Y2k Long Sleeve Tops Harajuku Streetwear Hip Hop Hooded Pullover  ,$47.27
213,213 image.jpg,Women Fleece Outer Banks Letter Graphic Print Oversized Sweatshirt Long Sleeve Crewneck Drop Shoulder Pullover  ,$54.40
214,214 image.jpg,Men's Casual Letter Print Long Sleeve Crewneck Drop Shoulder Sweatshirt Tops  ,$49.26
215,215 image.jpg,2 Pack Hoodie and T Shirt - Big and Tall Mens Sweatshirt and Tee Pack  ,$50.87
216,216 image.jpg,Men's Color Block Hoodie-Full Zip Ultimate Heavyweight Fleece Hoodie-Camo zip up hoodie With Kanga Pocket  ,$65.54
217,217 image.jpg,Japanese Casual Loose Techwear Hoodie Chinese Dragon Graphic Streetwear Black Hoodies for Men  ,$51.97
218,218 image.jpg,Drawstring Youth 3D Games Hoodies Graphic Hooded Sweatshirt Printed Pullover with Pocket for Boys Girls Teens  ,$39.90
219,219 image.jpg,Women Sweater Graphic Oversized Pullover Sweaters Casual Loose Long Sleeve Knit Tops S01CA  ,$56.99
220,220 image.jpg,Family 3D Clown Print Pullover Hooded Sweatshirt Hoodies Big Pockets Man Woman Child  ,$32.92
221,221 image.jpg,Mens Graphic Pullover Hoodie  ,$85.92
222,222 image.jpg,"Mens Powerblend Full Zip Hoodie, Men’s Hooded Jacket,Men’s Zip Up Jacket,Men’s Hoodie  ",$49.00
223,223 image.jpg,Men's Techware Graphic Men's Hoodies Japanese Streetwear Oversized Ghost Hip Hop Evil Sweatshirt Large Purple  ,$48.14
224,224 image.jpg,I Fish So I Don't Choke People Unisex Hoodie Funny Fisherman Graphic Hooded SWEA  ,$39.96
225,225 image.jpg,Women's Graphic Letter Print Round Neck Long Sleeve Sweatshirt Pullover Tops  ,$25.17
226,226 image.jpg,Womens Graphic Prism Crewneck Sweatshirt  ,$57.33
227,227 image.jpg,Holy Ky Hoodie for Men Pullover Fleece Crewneck Sweatshirt Long Sleeve Hoodie  ,$48.09
228,228 image.jpg,Womens Floral Graphic Hoodie  ,$102.92
229,229 image.jpg,Cool Hoodies for Men Streetwear Hoodies Graphic Sweatshirts for Men Japanese Streetwear  ,$56.00
230,230 image.jpg,Mens Cats Not Drugs Funny Crazy Cat Person Anti Drug Meow Kitty T Shirt  ,$21.91
231,231 image.jpg,Mens 3D Hoodies Galaxy Printed Cool Sweatshirts for Teen Boys  ,$48.00
232,232 image.jpg,Women's Causal Cut Out Front Crop Top Long Sleeve Drawstring Sweatshirt Hoodie  ,$49.34
233,233 image.jpg,Aztec Hoodies for Men Retro Tribal Graphic Tops Mens Cowboy Hoodie Western Ethnic Print Drawstring Hoodie Sweatshirts  ,$20.96
234,234 image.jpg,Amazon Brand - Goodthreads Men's Soft Cotton Striped Crewneck Sweater  ,$53.40
235,235 image.jpg,"Hot Leathers - GMZ4105 Black, 2XL Head Butt Skulls Zipper Hoodie (Black, XX-Large)  ",$50.42
236,236 image.jpg,Women Y2k Heart Printing Crop Hoodie Sweatshirt E-girl Velvet Long Sleeve Zip Up Crop Top Short Coat Streetwear  ,$26.84
237,237 image.jpg,Women Oversized Zip Up Hoodie Fashion Long Sleeve Graphic Skeleton Sweatshirt Cool Outwear  ,$39.99
238,238 image.jpg,Mens Long Sleeve Van Gogh Printed Cable Knit Sweaters Casual Oversized Sweater Pullover  ,$68.76
239,239 image.jpg,Women Zip Up Hoodie Y2k Graphic Hooded Sweatshirt Long Sleeve Casual Loose Goth Hoodies Vintage Aesthetic Streetwear  ,$19.42
240,240 image.jpg,Funny Badass Bonus Dad Step Dad Gift Stepdad Stepfather Hooded Sweatshirt-Hooded Sweatshirt Graphic Black  ,$49.99
241,241 image.jpg,Unisex Harajuku Realistic 3D Digital Print Pullover Hooded Sweatshirt  ,$38.00
242,242 image.jpg,Men's Powerblend Graphic Hoodie  ,$57.92
243,243 image.jpg,Womens Powerblend Fleece Hoodie  ,$53.64
244,244 image.jpg,Mens Sweatpants Chocolate with Pockets Cool Novelty 3D Print Joggers Pants  ,$39.57
245,245 image.jpg,Men's Letter Floral Print Drawstring Long Sleeve Hoodie Casual Sweatshirt  ,$51.93
246,246 image.jpg,Show Me Your Bobbers Hoodie Funny Sarcastic Fishing Graphic Novelty Sweatshirt  ,$37.38
247,247 image.jpg,Boys Girls 3D Cool Pullover Hoodies Novelty Hooded Sweatshirt Long Sleeve Hoody with Big Pocket 6-16 Years  ,$35.99
248,248 image.jpg,Men's Bomber Jacket with Pockets Lightweight Softshell Casual Outwear Windbreaker  ,$53.98
249,249 image.jpg,Men's Lucky Me I See Ghosts Crewneck Sweatshirt Long Sleeve Hip Pop Graphic Tops Fans Clothing  ,$42.99
250,250 image.jpg,Unisex New Album Bad Bunnys Merch un Verano sin ti_Hoodie Sweatshirt for Men/Women Streetwear XXS-4XL  ,$24.88
251,251 image.jpg,Men's Funny Long Sleeve Athletic Hoodies Kangaroo Pockets Drawstring Pullover Hoodie Hooded Sweatshirt  ,$35.99
252,252 image.jpg,"Men Stand Collar Jacket Patchwork Lightweight Windbreaker Winter Coat Outerwear, Jk1617black, Large  ",$56.80
253,253 image.jpg,Hoodie Sherpa Blanket Sweatshirt Soft Warm Plus Large Front Pocket Tv Blankets for Adult  ,$44.99
254,254 image.jpg,Mens Cardigan Sweater Shawl Collar Button Down Cable Knit Fisherman Sweater  ,$48.88
255,255 image.jpg,Graphic Hoodies for Men Street Wear Oversized White Sweatshirt  ,$51.25
256,256 image.jpg,Women Oversize Fleece Hoodie Sweatshirt Floral Slogan Letter Graphic Print Drop Shoulder Hooded Pullover Jumper  ,$58.22
257,257 image.jpg,Womens Rebar Graphic Hoodie  ,$84.50
258,258 image.jpg,Zip Up Crop Hoodies for Women Vintage Graphic Hooded Pullover Y2k Oversized Drawstring Sweatshirt Jacket with Pockets  ,$36.99
259,259 image.jpg,Mens Beauty and The Beast Poster Logo Graphic T-Shirt  ,$25.83
260,260 image.jpg,Mens Graphic Crewneck Sweatshirt  ,$45.46
261,261 image.jpg,Mens Sweatshirt Color Block Casual Lightweight Hoodies Outdoor Athletic Pullover  ,$45.98
262,262 image.jpg,"Sportswear Tech Fleece Men's Full-Zip Hoodie [Dry in Cold, Wet Weather] Cu4489-010  ",$365.00
263,263 image.jpg,Men's Varsity Jacket Genuine Leather Sleeve and Wool Blend Letterman Boys College Varsity Jackets XXS-5XL  ,$162.47
264,264 image.jpg,Men's 3D Realistic Hoodie Devil Novelty Long Sleeve Pullover Sweatshirt with Pockets  ,$39.98
265,265 image.jpg,Bacon is Meat Candy Graphic Novelty Sarcastic Funny T Shirt  ,$20.38
266,266 image.jpg,Women Cute Hoodie Girl Cartoon Bear Embroidery Long Sleeve Hoodie Patchwork Kawaii Sweatshirt  ,$27.99
267,267 image.jpg,Women Smile Face Graphic Print Oversized Pullover Top Long Sleeve Crew Neck Casual Trendy Fleece Sweatshirt Hoodie  ,$50.50
268,268 image.jpg,Kids Fashion Hoodies 3D Print Sweatshirt Game with Front Pocket Long Sleeve Pullover for Boys and Girls  ,$36.88
269,269 image.jpg,St Patricks Day Enthusiast Unisex Hoodie Funny Saint Paddys Day Parade Celtic Gr  ,$38.67
270,270 image.jpg,Mens Big and Tall Long Sleeve Pullover Jersey Lightweight Hoodie  ,$54.99
271,271 image.jpg,Unisex 3D Novelty Hoodies Graphic Print Anime Hoodies Pullover Sweatshirt with Pockets  ,$33.99
272,272 image.jpg,Mens Boats and Hoes Icons Tshirt Funny Rowboat Movie Quote Graphic Novelty Tee  ,$29.60
273,273 image.jpg,Womens White Ribbed Drawstring Logo Graphic Long Sleeve Hoodie Top Plus 3X  ,$65.00
274,274 image.jpg,Womens French Terry Fleece Pullover Hoodie  ,$31.10
275,275 image.jpg,Men's Graphic Colorblock Drawstring Hoodie Top Short Sleeve T Shirt  ,$34.58
276,276 image.jpg,"Womens Fashion Casual Pullover Tops Tunic, S-2XL  ",$19.99
277,277 image.jpg,Mens Graphics Y2K Hoodie  ,$66.71
278,278 image.jpg,Unisex 3D Pattern Printed Hoodies Graphics Fleece Pockets Pullover Athletic Hoodie Hooded Sweatshirts  ,$32.33
279,279 image.jpg,Men's Long Sleeve Lightweight Drawstring Letter Print Graphic Hoodies Sweatshirt Tops  ,$58.23
280,280 image.jpg,Mens Basics Emblem Graphic Hoodie  ,$59.97
281,281 image.jpg,Angel Skull Pattern Comfortable Zip Up Hoodie with Graphic Design for Men Women  ,$54.32
282,282 image.jpg,JooMeryer Men's Viking Totem 3D Print Long Sleeve Hoodies Pullover Sweatshirt  ,$51.97
283,283 image.jpg,Wallen Bull Skull Bleached Sweatshirt Womens Country Music Western Shirt Retro Graphic Long Sleeve Casual Pullover Top  ,$30.12
284,284 image.jpg,1977 Logo Rainbow X-Wing Fighter Adult Men's Sweatshirt Graphic Hoodie  ,$63.05
285,285 image.jpg,"My People Skills are Just Fine T Shirt Sarcastic Graphic Tee, Long Sleeve Shirt, Sweatshirt, Hoodie  ",$27.99
286,286 image.jpg,Women Men Skeleton Print Oversized Sweatshirt Zip Up Hoodie Jacket Shacket Coat Aesthetic Streetwear Top  ,$68.41
287,287 image.jpg,Women’s Oversized Butterfly Graphic Full-Zip Drawstring Hoodies Sweatshirts Pullover Jackets with Pockets  ,$52.99
288,288 image.jpg,Lion King Hakuna Matata Adult Men's Graphic Sweatshirt Hoodie  ,$65.03
289,289 image.jpg,Happy Camper Sweatshirt Women Vintage Mountain Graphic Tee Long Sleeve Pullover Blouses Top Shirts with Pockets  ,$30.99
290,290 image.jpg,Love Sweatshirt Women Valentine's Day Shirts Funny Graphic Long Sleeve Lightweight Shirt Holiday Hoodies Tops  ,$29.99
291,291 image.jpg,Mens Ls Graphic Animation with Details on Side Arms  ,$143.82
292,292 image.jpg,"Dear Person Behind Me Shirt, The World Is A Better Place With You In It Hoodie, Personalised Be Kind Message Hoodies, Mental Health Awareness Hoodie Sweatshirt, Aesthetic Inspirational Graphic Tees, Option, Medium  ",$25.99
293,293 image.jpg,Womens Mama Bear Sweatshirt Long Sleeve Pullover Casual Pocket Blouses  ,$23.79
294,294 image.jpg,Women Zip Up Hoodies Sweatshirt Gothic Clothes Y2k Tops Long Sleeve Zipper Pullover Skull Hip Hop Grunge Streetwear  ,$38.80
295,295 image.jpg,Women's Long Sleeve Color Block Sweatshirts Pullover Casual Tunic Tops  ,$29.99
296,296 image.jpg,Fishing T Shirts for Men UV Sun Protection UPF 50+ Long Sleeve Tee T-Shirt  ,$29.98
297,297 image.jpg,Women's Casual Solid Color Drawstring Hoodie Long Sleeve Tops with Kangaroo Pockets  ,$27.19
298,298 image.jpg,Women's Crewneck Sweatshirt Oversized Sweater Fall Long Sleeve Shirt Halloween Sweatshirtr with Skull Graphic  ,$30.99
299,299 image.jpg,"Hoodies for Men – Big and Tall Men’s Fleece Hoodie, Graphic Pullover  ",$36.99
300,300 image.jpg,Womens St. Patricks Day Clover Sweatshirt Long Sleeve Irish Shamrock Print Pullover Tops  ,$32.99
301,301 image.jpg,Women's Hoodies Long Sleeve Shirt Casual Graphic Tee Shirt Fall Clothes for Women Tops Blouse  ,$47.93
302,302 image.jpg,Men Women Long-Sleeved Zip Hoodie Jacket Vintage Fashion Star Graphic Fairy Grunge Oversized Streetwear Y2k Clothes  ,$18.00
303,303 image.jpg,Harley-Davidson Military - Men's Custom Zippered Hoodie with Unique Skull Eyes Back Graphics - Overseas Tour | Smoking Eyes  ,$160.16
304,304 image.jpg,Men's Smile Face Print Hoodies Graphic Hoodies Oversized Novelty Sweatshirts for Teens Men Women Youth  ,$47.99
305,305 image.jpg,Ye Must Be Born Again Graphic Hoodies Rapper Graphic Hoodies for Men Oversized Cotton Sport Jumper  ,$62.78
306,306 image.jpg,Shenanigans Coordinator Unisex Hoodie Funny St Paddys Day Parade Clover Graphic  ,$38.67
307,307 image.jpg,Men's Midweight Sleeve Logo Hooded Sweatshirt  ,$84.99
308,308 image.jpg,Unisex Revenge Hoodie Xxxtentacion Graphic Print Jacket Sweatshirt Girls  ,$29.99
309,309 image.jpg,Mens Relaxed Graphic Hoodie  ,$95.99
310,310 image.jpg,Mens Fashion Sweatshirt Athletic Solid Color Lightweight Long Sleeve Pleated Stitching Pullover  ,$33.88
311,311 image.jpg,Unisex Mens Hooded Sweatshirts 3D Printed Pullover Hoodies Fashion Baseball Uniform Halloween Costume S-5XL  ,$33.99
312,312 image.jpg,Women's Baseball Jacket Color Block Stitching Printing Casual Campus Jacket  ,$42.99
313,313 image.jpg,Women's Letter Print Pullovers Top Long Sleeve Drop Shoulder Hoodie Sweatshirt  ,$47.78
314,314 image.jpg,Women Zip Up Hoodie Y2k Aesthetic Sweatshirts Top 90s Long Sleeve Vintage Graphic Portrait Printing Top Streetwear  ,$23.10
315,315 image.jpg,Men's Casual Long Sleeve Dress Shirt Denim Button Down Shirts  ,$35.58
316,316 image.jpg,Women's Y2K Skeleton Zip Up Hoodie Casual Cardigan E-Girl Pullover Jacket Long Sleeve Sweatshirt  ,$29.99
317,317 image.jpg,Mens Varsity Jacket Faux Leather Sleeve and Wool Blend Letterman College Varsity Jackets  ,$112.87
318,318 image.jpg,"Drawstring Youth 3D Games Hoodies Graphic Hooded Sweatshirt Printed Pullover with Pocket for Boys Girls Teens(Goffee,M) Coffee1  ",$39.99
