ID,Image,Title,Price
1,1 image.jpg,Sandals for Men Closed Toe Leather Sandals Adjustable Strap Hiking Sandals Summer Outdoor Fisherman Sandal  ,$54.99
2,2 image.jpg,Men Classic Casual Sandal Fisherman Sandal FISHMAN and LOCUS Adjustable Instep Strap Black Brown Coffee  ,$44.99
3,3 image.jpg,Men's 160912-M-NEW Adventurous Summer Outdoor Sandals  ,$59.99
4,4 image.jpg,Women Men Cloud Slides Adjustable Buckles Pillow Sandals EVA Thick Sole  ,$30.99
5,5 image.jpg,mens Ansa Fix Slide Sandal  ,$29.99
6,6 image.jpg,mens Locker Iv Slide Sandal  ,$24.99
7,7 image.jpg,mens Ignite Vi Sl Slide Sandal  ,$45.00
8,8 image.jpg,Mens Athletic Comfort Slide Sandals  ,$18.53
9,9 image.jpg,unisex-adult Cool Cat Slide Sandal  ,$41.45
10,10 image.jpg,Women's adissage 2.0 Stripes Slides  ,$30.00
11,11 image.jpg,mens All Day Impact Supreme Cushion Eva Footbed Sandal Flip Flop Sandal  ,$35.90
12,12 image.jpg,Men's Slide Sandals Comfort Lightweight Beach Shoes  ,$35.99
13,13 image.jpg,mens Carver Nubuck Flip-Flop  ,$33.99
14,14 image.jpg,Sandals  ,$83.05
15,15 image.jpg,mens Bright Coast Adjust Sandal  ,$34.79
16,16 image.jpg,unisex-adult ADILETTE COMFORT SLIDES  ,$44.96
17,17 image.jpg,mens GARVER - Louden Sandals  ,$71.47
18,18 image.jpg,Men Sandals Closed Toe Walking Fastening Hiking Sport Shoes Leather Sandals  ,$44.99
19,19 image.jpg,unisex-adult Bayaband Slides | Slide Sandals Slide Sandal  ,$29.14
20,20 image.jpg,mens Phoenix Sandal  ,$33.62
21,21 image.jpg,Sandals Men Hiking Shoes for Men Summer Mens Sandals Sport Slip On Water Shoes Outdoor Beach Fishing Surfing Swimming  ,$39.99
22,22 image.jpg,Sandals Men's Closed Toe Walking Sandals Outdoor Sport Hiking Sandals Casual Fisherman Leather Sandals Summer Beach Sandal  ,$44.99
23,23 image.jpg,Mens Sport Sandals Breathable Outdoor Fisherman Shoes Adjustable Closed Toe Summer Leather Loafters  ,$52.95
24,24 image.jpg,Men's Gaston Fisherman Sandal  ,$94.40
25,25 image.jpg,mens Gus  ,$49.99
26,26 image.jpg,mens Goldwyn 2.0 Crisscross Sandal Sandal Sandal  ,$177.12
27,27 image.jpg,unisex-adult Adissage SANDAL Core Black/Footwear White/Core Black 9  ,$41.99
28,28 image.jpg,Men's Leather Fanning R Flip-Flop  ,$59.97
29,29 image.jpg,Men's Adilette Shower Slides Sport Sandal  ,$42.51
30,30 image.jpg,Original Universal Sandal  ,$66.66
31,31 image.jpg,Men's NEWPORT Sandals  ,$140.00
32,32 image.jpg,mens Gowalk 5 - Performance Walking Flip-flop Sandal Skechers Men's GOwalk 5 Performance Walking Flip-Flop Sandal  ,$68.99
33,33 image.jpg,mens Cushion Phantom Sandal  ,$59.99
34,34 image.jpg,mens Go Consistent - Performance Athletic Slide Slide Sandal  ,$70.81
35,35 image.jpg,Mens Tresmen - Outseen Slip on Canvas Men's Tresmen Outseen Slip-On Canvas Fisherman Sandal  ,$189.06
36,36 image.jpg,mens Targhee 3 Open Toe Hiking Sport Sandal  ,$96.97
37,37 image.jpg,Men's 200 V1 Slide Sandal  ,$32.99
38,38 image.jpg,Mens Street Encounter Iv CNV Slide Sandal  ,$82.99
39,39 image.jpg,Unisex Yucatan Sport Sandal  ,$180.27
40,40 image.jpg,Unisex's Adilette Comfort Slides  ,$32.77
41,41 image.jpg,Shoes Men'S Ecco Yucatan Camo Sport Sandals  ,$139.49
42,42 image.jpg,mens Ignite Vii Slide Slide Sandal  ,$45.00
43,43 image.jpg,Men's Sandals Hiking Water Beach Sport Outdoor Athletic Arch Support Summer Sandals  ,$59.99
44,44 image.jpg,mens Ansa Graphic Logo Fixed Strap Slide Sandal  ,$51.39
45,45 image.jpg,womens Men's & Women's Bayaband Flip Flip-Flop  ,$38.98
46,46 image.jpg,Mens Darwyn Slide Slide Sandal  ,$107.14
47,47 image.jpg,mens Slide Slide Sandal  ,$82.96
48,48 image.jpg,Men's Eurosport Ergonomic Waterproof Sandal Shoes  ,$55.90
49,49 image.jpg,Women's Sport Sandal Closed Toe Hiking Sandals Breathable Summer Outdoor Hiking Shoes  ,$29.99
50,50 image.jpg,Men's Leather Hollow Sandals Slip-on Roman Casual Shoes  ,$43.98
51,51 image.jpg,Adult Unisex Garden Clogs Shoes Beach Sandals Slippers CL304  ,$39.99
52,52 image.jpg,unisex-adult Cool Cat Hook & Loop Sport Sandals & Slides  ,$42.82
53,53 image.jpg,mens Sunland Slide Sandal  ,$77.61
54,54 image.jpg,Men's Reef Rover Flip Flop  ,$47.97
55,55 image.jpg,Unisex's Baya Slide Sandal  ,$29.06
56,56 image.jpg,mens Springboro Rocklake Sandal Sandal  ,$112.98
57,57 image.jpg,Men's BEER COZY 2 Flip-Flops  ,$48.01
58,58 image.jpg,unisex-adult ADILETTE SHOWER SLIDE SANDALS  ,$40.00
59,59 image.jpg,mens Reef One Slide Slide Sandal  ,$48.95
60,60 image.jpg,Mens IPO Warped Slip On Logo Slide Sandals  ,$117.44
61,61 image.jpg,mens Phantoms Flip-Flop  ,$53.52
62,62 image.jpg,mens Super Coil Sandal 2.0 Sandal  ,$66.90
63,63 image.jpg,mens Exowrap 3-strap Sport Sandal  ,$149.99
64,64 image.jpg,Men's Thong Flip Flops Sandals Comfortable Light Weight Beach Sandal  ,$31.99
65,65 image.jpg,Men's Sandspur Oak Sandal  ,$211.73
66,66 image.jpg,mens Bolsa Sandal-M  ,$33.45
67,67 image.jpg,mens Hayes Slide Slide Sandal  ,$92.58
68,68 image.jpg,mens Arizona Soft Footbed  ,$87.95
69,69 image.jpg,womens Crocband Iii Slide Sandals Slide Sandal  ,$38.09
70,70 image.jpg,mens EVENTED - Arven Fashion Sandals  ,$53.57
71,71 image.jpg,mens SOLR High Performance Sport Closed-Toe Water Sandal Water Sandals  ,$130.00
72,72 image.jpg,Mens Relaxed Fit-Reggae-cobano Men's Relaxed-Fit Reggae Flip-Flop  ,$66.90
73,73 image.jpg,mens Strada D Sport Sandal  ,$102.66
74,74 image.jpg,Men's Adilette Comfort Adj Slide Sandal  ,$49.99
75,75 image.jpg,mens Strap Closure Sandle Fishermen  ,$66.96
76,76 image.jpg,Mens Phantom Le Sandals  ,$60.21
77,77 image.jpg,mens Fanning Slide Slide Sandal  ,$89.99
78,78 image.jpg,Mens Rocklake Flat Sandal  ,$113.73
79,79 image.jpg,"Ohana Men's Beach Sandals, Quick-Dry Flip-Flop Slides, Water Resistant & Lightweight, Compression Molded Footbed & Ultra-Soft Comfort Fit  ",$90.00
80,80 image.jpg,mens Plushwave Dock Slide Slide Sandal  ,$55.72
81,81 image.jpg,mens Cushion Dawn Flip-Flop  ,$37.99
82,82 image.jpg,Men's M Hurricane XLT2 Sport Sandal  ,$78.94
83,83 image.jpg,mens Accentor 3 Sieve Sandal  ,$125.00
84,84 image.jpg,Men's adilette Aqua  ,$32.00
85,85 image.jpg,mens Slip on slipper  ,$44.26
86,86 image.jpg,mens Roslindale Slide Slide Sandal  ,$90.00
87,87 image.jpg,mens Twinpin Flip-Flop  ,$40.14
88,88 image.jpg,Men's Darwyn Xband Slide Sandal  ,$98.58
89,89 image.jpg,Men's Benassi Just Do It Athletic Sandal  ,$88.16
90,90 image.jpg,mens Darwyn Slide 2 Slide Sandal  ,$101.60
91,91 image.jpg,mens Sandspur 2 Convert Sandal  ,$125.00
92,92 image.jpg,unisex-adult Shower Slide Slide Sandal  ,$39.99
93,93 image.jpg,Mens Gordon Sandal  ,$91.73
94,94 image.jpg,mens 2 Strap 2 Strap  ,$85.00
95,95 image.jpg,"Men's Targhee 3 Closed Toe Hiking Sport Sandal, Bison/Mulch, 11 D (Medium) US  ",$140.00
96,96 image.jpg,mens Recliner Sandal Sandal  ,$48.17
97,97 image.jpg,mens Langdon Sandal Sandal  ,$101.98
98,98 image.jpg,mens Ignite Freedom 2 Slide Sandal  ,$43.75
99,99 image.jpg,mens Hurricane 4 Sandal  ,$93.66
100,100 image.jpg,mens Ankle-Strap Sandal  ,$125.00
101,101 image.jpg,unisex-adult Leather Ortho-spring Flip-Flop  ,$74.31
102,102 image.jpg,Men's Sport Flip Flops Comfort Casual Thong Sandals Outdoors  ,$33.99
103,103 image.jpg,Mens Flip Flops Comfortable Thong Sandals Lightweight Summer Beach Sandals Pool Outdoor Clogs  ,$24.99
104,104 image.jpg,Slides for Women and Men Sandals Pillow Slippers Shower shoes Cushioned Cloud Slides  ,$31.99
105,105 image.jpg,mens Cali Gear Sandal  ,$48.00
106,106 image.jpg,Air Max Cirro Just Do It Athletic Sandal Solarsoft Slide  ,$173.11
107,107 image.jpg,mens Rivi-slide Sandals Slide Sandal  ,$48.96
108,108 image.jpg,Waterfront Clearwater CNX Leather Sandal  ,$135.24
109,109 image.jpg,Unisex-Adult Popcat Slide Sandal  ,$33.45
110,110 image.jpg,mens Rio Bravo Three Strap Outdoor Sport River Sandal With Hook and Loop Closure  ,$89.55
111,111 image.jpg,mens Redder Slide Sandal  ,$72.13
112,112 image.jpg,unisex-adult Alphabounce 2.0 Slides Slide Sandal  ,$112.18
113,113 image.jpg,Men's Newport H2 Water Shoe  ,$160.00
114,114 image.jpg,Men's Lane Cork footbed Sandal with +Comfort  ,$52.16
115,115 image.jpg,mens Ignite Vii Graphic Slide Slide Sandal  ,$82.22
116,116 image.jpg,mens Flip Flop Flip-Flop  ,$43.56
117,117 image.jpg,"Mens Recovery Sandals With Comfortable Plantar Fasciitis Arch Support, Orthotic Open Toe Sport Slides Thick Cushion Reduces Stress on Feet, Joints & Back Post-Exercise  ",$56.49
118,118 image.jpg,Men�s Sport Outdoor Hiking Sandals Closed Toe Athletic Adventure Beach Fisherman Water Sandals  ,$59.99
119,119 image.jpg,mens Cushion Bounce Sandal  ,$69.99
120,120 image.jpg,Mens Searose Fisherman Sandal  ,$82.95
121,121 image.jpg,mens Alpine Strap Sandal  ,$49.43
122,122 image.jpg,mens Versatile toe post sandal Flip-Flop  ,$59.99
123,123 image.jpg,Mens Ansa Graphic Logo Slide Sandal  ,$34.99
124,124 image.jpg,Men's Shorewood Fisherman Sandal  ,$82.94
125,125 image.jpg,mens M Katavi 2 Sport Sandal  ,$86.97
126,126 image.jpg,Athletic Sandal Benassi Just Do It mens  ,$65.00
127,127 image.jpg,mens Gryphon Gladiator Sandal  ,$227.63
128,128 image.jpg,Unisex Garden Clogs Shoes Sandals 8818  ,$30.99
129,,,
130,130 image.jpg,Men Hiking Sandals Quick Drying Swim Beach Aqua Shoes Summer Outdoor Lightweight Fishing Surfing Sport Sandal Slip On  ,$37.99
131,131 image.jpg,mens MONKEY WRENCH SANDAL-M Sandal  ,$37.46
132,132 image.jpg,mens ADILETTE SLIDE SANDALS  ,$24.76
133,133 image.jpg,mens M Hurricane Drift Sport Sandal  ,$44.99
134,134 image.jpg,Rover Sandal  ,$75.47
135,135 image.jpg,mens Comfrot Walking Sandal Flip-Flop  ,$74.99
136,136 image.jpg,mens Darwyn Fishermen Sandal  ,$127.11
137,137 image.jpg,mens Ignite Vii Freedom Slide Sandal  ,$50.00
138,138 image.jpg,Men's Rio Bravo River Sand Water Shoe  ,$100.35
139,139 image.jpg,mens SPORT YEAH Slide Sandal  ,$69.99
140,140 image.jpg,Club Men's Slide Sandals  ,$80.01
141,141 image.jpg,mens Hapsford Cove Fisherman Sandal  ,$109.99
142,142 image.jpg,mens Zerraport II Sandals  ,$202.98
143,143 image.jpg,Men's Rio Grande Open Toe Fisherman Sandal  ,$107.16
144,144 image.jpg,Mens Golf Sandals Golf Shoes  ,$129.00
145,145 image.jpg,mens Darwyn Quarter Strap Platform Slide Sandal  ,$84.07
146,146 image.jpg,Adilette TND Slides Men's  ,$36.30
147,147 image.jpg,mens Gowalk 5 Cabourg - Performance Walking Sandal Sneaker  ,$82.99
148,148 image.jpg,mens Darwyn 2 Slide Sandal Slide Sandal  ,$111.53
149,149 image.jpg,mens Rio Bravo Fisherman Closed Toe Outdoor Outdoor Sandal  ,$100.35
150,150 image.jpg,mens Croco Slide Sandal Slide Sandal  ,$60.00
