ID,Image,Title,Price
1,1 image.jpg,Crossbody Bags for Women - Real Leather Small Vintage Adjustable Shoulder Bag  ,$58.99
2,2 image.jpg,Navor Men's Small Vintage Multipurpose Canvas Shoulder Bag Messenger Bag Purse  ,$29.50
3,3 image.jpg,Navor Men's Small Vintage Multipurpose Canvas Shoulder Bag Messenger Bag Purse  ,$29.50
4,4 image.jpg,Navor Men's Small Vintage Multipurpose Canvas Shoulder Bag Messenger Bag Purse  ,$29.50
5,5 image.jpg,Canvas Messenger Bag - Lightweight 15.6 Inch Laptop Crossbody Handbag Shoulder Bag Crossbody School Bag for Boy Girl  ,$49.99
6,6 image.jpg,Canvas Messenger Large Capacity Packet Hobo Bag with Multiple Pockets Canvas Shoulder Tote Bag for Women and Men for School  ,$43.99
7,7 image.jpg,16 Inch Leather briefcases Laptop Messenger Bags for Men and Women Best Office School College Satchel Bag  ,$134.99
8,8 image.jpg,"Real Leather Messenger Bag for Men and Women - Laptop Briefcase Bag For College, Office, Adjustable Shoulder Strap Satchel  ",$94.99
9,9 image.jpg,"Messenger Bag, Casual Shoulder Sling Bag Satchel Messenger Rucksack for Men Women Work Office Laptop Bag  ",$36.99
10,10 image.jpg,luggage Modern Utility 15.6-inch Messenger Bag  ,$109.95
11,11 image.jpg,"Anti-Theft Classic Essential Messenger Bag, One Size, Black  ",$57.54
12,12 image.jpg,"Messenger Bag For Men,Water Resistant Unisex Canvas Shoulder Bag Fits 14 Inch Laptop School Satchel Book Bag for Work and College  ",$68.99
13,13 image.jpg,"Messenger Bag for Men,VASCHY Vintage Water Resistant Waxed Canvas Satchel 15.6 inch Laptop Briefcase Shoulder Bag Gray  ",$65.99
14,14 image.jpg,Japanese Anime Canvas Sling Bag Shoulder Bag School Messenger Bag for Boys Girls  ,$36.99
15,15 image.jpg,Messenger Bag Men Shoulder Crossbody Laptop Business Bag Nylon for Travel Work (olive green)  ,$35.99
16,16 image.jpg,Canvas Messenger Bag Pack - Leisure 15 14 Inch Laptop Shoulder Satchel Briefcase Backpack for Men Women Teens  ,$29.99
17,17 image.jpg,Canvas Messenger Bag Large Hobo Crossbody Bag with Multiple Pockets Canvas Shoulder Tote Bag for Women and Men  ,$33.99
18,18 image.jpg,"Father's Day Waterproof Waxed Canvas 15"" Macbook pro/ 15.6'' Laptop Messenger Bag Men Business Vintage shoulder bag/Briefcase  ",$62.57
19,19 image.jpg,"Jonon Vintage Military Men Canvas Messenger Bag for 13.3-17""Laptop (Size 17.3"", Green)  ",$79.99
20,20 image.jpg,Classic Vintage Messenger Bag - Original Heavyweight Cotton Canvas Shoulder Bag with Upgraded Features  ,$34.99
21,21 image.jpg,Laptop Messenger Bag for Men 15.6 Inch Waterproof Waxed Canvas Vintage Genuine Leather Briefcase  ,$69.99
22,22 image.jpg,Messenger Bag for Men 15.6 inch Canvas Laptop Bag Vintage Shoulder Bag Laptop Briefcases School Satchel Book Bag Computer Carrying Business Bag for Work College Black  ,$39.99
23,23 image.jpg,Leather Briefcase Laptop bag 18 inch Handmade Messenger Bags Best Satchel by KPL  ,$88.99
24,24 image.jpg,[Upgraded] Vintage Canvas Messenger Bag Large Book Laptop Shoulder School Bag Women Men New  ,$69.99
25,25 image.jpg,DHK 18 Inch Vintage Handmade Leather Messenger Bag for Laptop Briefcase Best Computer Satchel School Distressed Bag  ,$81.99
26,26 image.jpg,Multi-purpose Anti-theft Hidden Bags Security Bag Adjustable Shoulder Messenger Bag SportsChest Bag  ,$41.99
27,27 image.jpg,"Small Messenger Bag for Men Women Casual Work Bag Canvas Satchel Bag Bookbag for School Traveling Camping (Large Charcoal), Large Charcoal, One Size  ",$35.99
28,28 image.jpg,"Messenger Bag,Unisex Shoulder Bag Small Water Resistant Men Canvas Crossbody Bag Black VONXURY  ",$45.89
29,29 image.jpg,"Messenger Bag,VASCHY Vintage Shoulder Bag Small Canvas Leather Lightweight Crossbody Bag Dark Gray  ",$48.99
30,30 image.jpg,16 Inch Buffalo Leather Briefcase Laptop Messenger Bag Office Briefcase College Bag for Men and Women  ,$104.99
31,31 image.jpg,Men's Crossbody Shoulder Bag Leather Men Messenger Bag Retro Side Satchel PAD Bag for Men (Brown-82)  ,$39.99
32,32 image.jpg,11 Inch Sturdy Leather Ipad Messenger Satchel Bag  ,$49.99
33,33 image.jpg,Messenger bags Laptop bag Briefcase Molle system Tactical style Detachable shoulder strap Shoulder Bags  ,$79.99
34,34 image.jpg,"Messenger Bag for Men,VASCHY Water Resistant Laptop Satchel Crossbody Shoulder Side Bag for Work,School,Business  ",$59.99
35,35 image.jpg,"Briefcase for Men Women, 15.5 Inch/14 Inch Vintage Leather Messenger Satche Bag, Big Storage Laptop Computer Bags  ",$25.99
36,36 image.jpg,"unisex-adult Come Bag Soon Leather 15.6"" Messenger  ",$185.83
37,37 image.jpg,Leather Messenger Bag For Men 15.6 Inch Leather Laptop Shoulder Bag Computer Bag Business Briefcases Satchel Bag Work Bags Black  ,$53.99
38,38 image.jpg,"ZZNICK Genuine Leather Messenger Bag, Sling Bag Crossbody Shoulder Bags for Travel Work Business Men Women (Brown-2303)  ",$49.99
39,39 image.jpg,"Canvas Messenger Bag for Men Women,Travel Satchel Shoulder bag 15.6 Inch Laptop Bag briefcase Business  ",$49.98
40,40 image.jpg,"Large Capacity Hobo Crossbody Bag, Canvas Messenger Crossbody Bag Travel Shoulder Bag Casual Shoulder Tote Bag  ",$29.99
41,41 image.jpg,18 inch Leather Full Flap Messenger Handmade Bag Laptop Bag Satchel Bag Padded Messenger Bag School  ,$78.99
42,42 image.jpg,"Anti-Theft Active Medium Crossbody Messenger Bag, Charcoal  ",$67.34
43,43 image.jpg,Men's Leather Top-Flap Messenger Bag  ,$53.51
44,44 image.jpg,17 inch Laptop Bag Large Briefcases for men Travel Laptop Case Shoulder Bag Durable Carrying Case 17.3 inch Waterproof Computer Messenger Bag for Travel Business School  ,$43.99
45,45 image.jpg,"Contact's Genuine Leather Messenger Bag for Men,9.7 '' Handbag Crossbody Shoulder Bags Satchel for Travel Work Business  ",$72.80
46,46 image.jpg,"Sling Bags Chest Shoulder Backpacks, 13.3'' 14.1'' Laptop Backpack Crossbody Messenger Bag Travel Outdoor Men Women  ",$45.99
47,47 image.jpg,"Messenger Bag for Men,Water Resistant Vintage Canvas Unisex 14 Inch Laptop Bag Work Computer Shoulder Bag School VONXURY  ",$53.89
48,48 image.jpg,"Messenger Bag for Men,Water Resistant Canvas 15.6 Inch Laptop Briefcase Work Shoulder Bag School Bookbag Gray VONXURY  ",$61.89
49,49 image.jpg,Leather briefcase 18 Inch Laptop Messenger Bags for Men and Women Best Office School College briefcase Satchel Bag  ,$140.99
50,50 image.jpg,"14 Inch Messenger Bag - School Bag for Women Men, Laptop Briefcase, Black Crossbody Bag, Leisure Computer Bookbag  ",$26.99
51,51 image.jpg,"Messenger Bag,RAVUO Water Resistant 15.6 Inch Laptop Briefcase Bag for Men Large Canvas Shoulder Satchel  ",$63.98
52,52 image.jpg,unisex-adult Casual  ,$51.01
53,53 image.jpg,"17 inch Laptop Bag for Men Large Laptop Briefcase 17.3 Inch Computer Carrying Case Laptop Messenger Bag Waterproof Shoulder Bag for Business Travel Work School, Black  ",$39.99
54,54 image.jpg,"Genuine Leather Messenger Bag for Men/Women 17"" Zipper Laptop Briefcase  ",$136.03
55,55 image.jpg,"Laptop Bag 15.6 Inch Briefcase Water-resistant Laptop Carrying Case for Men Expandable Computer Messenger Bag for Travel Business Work, Blue  ",$35.99
56,56 image.jpg,18 Inch Leather briefcase Laptop Messenger Bags for Men and Women Best Office School College Satchel Bag  ,$114.99
57,57 image.jpg,"Ripstop Messenger Bag, Durable Water-Resistant Messenger Work Bag, Black  ",$78.66
58,58 image.jpg,"Messenger Bag for Men,Unisex Water Resistant 15.6 Inch Laptop Bag Lightweight Business Shoulder Bag College Book Bag VONXURY Grey  ",$49.89
59,59 image.jpg,Unisex's Overwatch Messenger Bag  ,$191.38
60,60 image.jpg,Small Triple Zip Real Leather Women's Crossbody- Premium Vintage Crossover Shoulder Sling Bag  ,$45.99
61,61 image.jpg,"Women Vintage Crossbody Phone Bag, Small Messenger Shoulder Bag Cash Handbag Wallet Purse  ",$26.99
62,62 image.jpg,"Messenger Bag 15.6 Inch Water-Repellent Laptop Bag Laptop Carrying Case Laptop Briefcases for Men Computer Satchel Business Shoulder Bag Bookbag, Black  ",$36.99
63,63 image.jpg,"Business 15.6in Laptop Bag, Expandable Shoulder Laptop bag for Men, Large Capacity Waterproof Laptop Messenger Bag, Knitted Fiber Briefcase with Luggage Strap for Business Travel, Work, Grey  ",$37.99
64,64 image.jpg,Tokyo Work Bag (20L laptop messenger bag)  ,$229.00
65,65 image.jpg,"13"" leather messenger bag laptop case office briefcase gift for men computer distressed shoulder bag  ",$58.00
66,66 image.jpg,Messenger Bag Leather Canvas Shoulder Bookbag Laptop Bag + Dslr Slr Camera Canvas Shoulder Bag (Brown)  ,$64.87
67,67 image.jpg,"Messenger Bag for Men 15.6 Inch Waterproof Laptop Briefcase with Cable Organizer Bag Large Business Satchel Shoulder Bag Office Travel Computer Bag Set 2pcs,Black  ",$42.99
68,68 image.jpg,"Polare X-Large 18"" Full Grain Leather Briefcase For Men Business Travel Case Messenger Bag Fits 17.3"" Laptop  ",$259.99
69,69 image.jpg,Polare Full Grain Leather 16'' Laptop Case Bag Briefcase Messenger Bag For Men with Premium YKK Zippers  ,$179.99
70,70 image.jpg,"Crossover 2 Laptop Bag 15.6"", Black  ",$319.95
71,71 image.jpg,"Laptop Briefcase for Women Fashion, TSA Friendly Expandable 17 Inch Laptop Bag, Waterproof Work Bag with RFID Pocket  ",$48.99
72,72 image.jpg,Small Messenger Bag for Men  ,$33.99
73,73 image.jpg,Leather Briefcase for Men Italian Handcrafted Full Grain Leather Messenger Bag for Laptop up to 15 inch Black - Time Resistance  ,$298.00
74,74 image.jpg,"15"" leather messenger bag laptop case office briefcase gift for men computer distressed shoulder bag  ",$70.00
75,75 image.jpg,"Small Messenger Bag, Kasqo 11"" Canvas Shoulder Crossbody Travel Vintage Bags for Men Women, Men Purse for Work Business  ",$47.99
76,76 image.jpg,18 Inch Men's Vintage Leather Briefcase Laptop Messenger Bag  ,$99.99
77,77 image.jpg,"Original haversack canvas shoulder bag bread bag classic military Messenger daypack OD Olive, Olive Drab, 11x11x6  ",$52.86
78,78 image.jpg,Vintage Messenger Bag Satchel Travel Shoulder Bag Commute Bag 14 inch Laptop Men/Women Canvas Brown  ,$74.99
79,79 image.jpg,Vintage Military Men Canvas Messenger Bag 17.3Inch Laptop  ,$75.57
80,80 image.jpg,"DOMISO 15 Inch Multi-Functional Laptop Sleeve Business Briefcase Messenger Bag with USB Charging Port for 15.6"" Laptops/Apple/Lenovo IdeaPad/Acer Aspire/HP Envy 15 / Dell XPS 15,Black Zipper  ",$30.99
81,81 image.jpg,"Leather Messenger Bag for Men 15.6 Inch Waterproof Laptop Briefcase Large Laptop Bag Business Computer Bag Vintage Shoulder Satchel Bag, Black  ",$45.99
82,82 image.jpg,"Laptop Bag 17 Inch Waterproof Briefcase for Men Women 17.3 Inch Laptop Case Adjustable Shoulder Messenger Bag Computer Bag for Travel Business Work,Black  ",$40.99
83,83 image.jpg,Vintage Canvas Messenger Bag Crossbody Shoulder Bag  ,$44.99
84,84 image.jpg,"Messenger Bag,Vaschy Water Resistant 14 inch Crossbody Bag Slim Laptop Shoulder Bag for Men Women for Work,School,Office  ",$37.99
85,85 image.jpg,Messenger Bag for Men Canvas 14 15.6 Inch Laptop Briefcases Shoulder Vintage Crossbody Bookbag  ,$33.27
86,86 image.jpg,"Laptop Bag 15.6 Inch Briefcase Waterproof Laptop Carrying Case for Men Women Computer Messenger Bag for Travel Business School, Black  ",$37.99
87,87 image.jpg,"E-Tree Laptop Bag, 17.3 inch Shockproof Padded Laptop Case Briefcase Computer Bag Messenger Bag Work Bag 17 inch for Men Women Black  ",$47.99
88,88 image.jpg,KROSER Laptop Bag 15.6 Inch Laptop Briefcase Laptop Messenger Bag Water Repellent Computer Case Laptop Shoulder Bag  ,$42.99
89,89 image.jpg,"MOSISO 56 inch Shoulder Strap, Adjustable Thick Soft Universal Replacement Non-Slip Fit Padded with Metal Swivel Hooks for Laptop Shoulder Bag/Laptop Messenger Bag/Crossbody Bag, Black  ",$17.99
90,90 image.jpg,"Men's Retro Briefcase, Brown, 18 Inch  ",$99.99
91,91 image.jpg,Full Grain Leather Briefcase for Men Vintage 17 Inch Laptop Computer Case Brown Business Messenger Crossbody Shoulder Bags Attache Case  ,$164.99
92,92 image.jpg,Crossbody Bag for Women Large Capacity Shoulder Bag with Adjustable Shoulder Strap Casual Messenger Bag Waterproof Sling Crossbody Bag Top handle Handbag for girls  ,$37.99
93,93 image.jpg,Kuny's Canvas Messenger Bag  ,$82.98
94,94 image.jpg,"Laptop Bag 15.6 inch Briefcase Shockproof Padded Laptop Carrying Case for Women Men Waterproof Computer Messenger Bag for Travel Business Work School, Black  ",$33.68
95,95 image.jpg,Crossbody Bag for Women Waterproof Shoulder Bag Messenger Bag Casual Nylon Purse Handbag  ,$28.99
96,96 image.jpg,"Messenger Bag for Men, Kasqo Vintage Shockproof Waterproof 14"" Canvas Laptop Shoulder Bag  ",$49.99
97,97 image.jpg,"Amazon Basics 17.3-Inch Laptop Case Bag, Fits Dell, HP, ASUS, Lenovo, MacBook Pro and more, Black  ",$34.71
98,98 image.jpg,"Messenger Bag for Men, Small Crossbody Bag Water Resistant Sling Shoulder Bag for Travel School Work Business (Black)  ",$21.99
99,99 image.jpg,"Messenger Bag, Ravuo Lightweight Vintage Canvas Small Crossbody Bag for Men Shoulder Bag Black  ",$47.99
100,100 image.jpg,"Messenger Bag for Men 15.6 Inch Waterproof Laptop Briefcase with Cable Organizer Bag Large Satchel Shoulder Bag Lightweight Office College Computer Laptop Bag Set 2pcs, Black  ",$39.99
101,101 image.jpg,Womens Lightweight Nylon Cross-body Shoulder Bag Casual Messenger Bag with Zipper Pockets  ,$28.99
102,102 image.jpg,Japanese New 2012 My Neighbor Totoro Canvas Messenger Bags Cartoon Students Book Crossbody Bags with Mutiple Pockets  ,$48.00
103,103 image.jpg,VANKEAN Laptop Bag Premium Laptop Briefcase Fits Up to 17.3 Inch Laptop Expandable Water-Repellent Shoulder Messenger Bag for School/Travel/Business/Men/Women-Black  ,$62.14
104,104 image.jpg,"Bellroy System Work Bag, water-resistant woven messenger bag (15"" laptop, tablet, notes, cables, drink bottle, everyday essentials) - Midnight  ",$249.00
105,105 image.jpg,Men's Full Grain Leather Briefcase 17.3 Inch Laptop Case Business Travel Messenger Crossbody Shoulder Bags  ,$199.99
106,106 image.jpg,"Kattee Military Messenger Bag Canvas Leather Shoulder Bag Fits 14.7/15.6 Inch Laptop, Dark Gray, Medium  ",$72.95
107,107 image.jpg,"DOMISO 17.3 Inch Multi-Functional Laptop Sleeve Business Briefcase Waterproof Messenger Shoulder Bag for 17""-17.3"" Notebooks/Dell/Lenovo/Acer/HP/MSI/ASUS, Dark Grey  ",$39.99
108,108 image.jpg,"18"" Laptop Bag Premium Laptop Messenger Bag Fits Up to 17.3 Inch Laptop Shoulder Bag Expandable Water-Repellent Computer Bag with RFID Pockets for Travel/Business/School/Men/Women-Black  ",$58.75
109,109 image.jpg,Canvas Messenger Bag Military Messenger Bag Shoulder Bags Fit Laptap for Men Crossbody Work Bag Casual Business Bag  ,$45.99
110,110 image.jpg,Canvas Messenger Bag Shoulder Crossbody Bags for Men or women Crossbody Work Bag Casual Business Bag Small Size  ,$40.99
111,111 image.jpg,"Small Messenger Bag Crossbody Shoulder Bags for Men, Mini Sling Pack Handbag Mens Nylon Travel Purse  ",$36.99
112,112 image.jpg,Canvas Crossbody Bag for Women Large Messenger Bags Travel Shoulder Bag Multi-pocket  ,$32.99
113,113 image.jpg,"Messenger Bag for Men,RAVUO Water Resistant Lightweight 15.6 Inch Laptop Bag Satchel Crossbody Shoulder Bag with Luggage Strap Black  ",$59.99
114,114 image.jpg,"Leather Briefcase for Men 17"" Laptop Crossbody Messenger Office Bag Attache Case for Business Travel Lawyer  ",$179.00
115,115 image.jpg,Vintage Leather Laptop Bag for Men Full Grain Large Leather Messenger bag for men 18 inches with rustic look Best leather briefcase  ,$119.28
116,116 image.jpg,Lubardy Laptop Bag 15.6 Inch Business Briefcase Waterproof Shoulder Messenger Bag Computer Laptop Sleeve Office Work Travel for Men Women  ,$27.99
117,117 image.jpg,Leather laptop messenger bag 18 INCH handmade satchel computer bags for men and women  ,$84.99
118,118 image.jpg,"Laptop Bags Vintage Soft Leather Messenger Brown Real Laptop Satchel Bag Genuine Briefcase A (15 INCHES), Brown, 15_FF  ",$69.99
119,119 image.jpg,"Anti-Theft Active Tour Messenger Bag, Teal  ",$62.59
120,120 image.jpg,Canvas Messenger Bag - Fits 15-inch Laptop Computers Such as MacBook Pro Notebook and iPad Tablet - Charcoal Gray  ,$78.00
121,121 image.jpg,Canvas Messenger Bag - Fits 15-inch Laptop Computers Such as MacBook Pro Notebook and iPad Tablet - Charcoal Gray  ,$78.00
122,122 image.jpg,Canvas Messenger Bag - Fits 15-inch Laptop Computers Such as MacBook Pro Notebook and iPad Tablet - Charcoal Gray  ,$78.00
123,123 image.jpg,"Colombian Leather Flap-Over Messenger Bag, Brown, One Size  ",$201.17
124,124 image.jpg,"International Brooklyn Purse, Peacoat  ",$58.49
125,125 image.jpg,"Messenger Bag for Men,VASCHY Canvas 15.6in Laptop Bag Water Resistant Briefcases Crossbody Satchel for Work Office for Women  ",$66.99
126,126 image.jpg,"Laptop Bag for Women 15.6 Inch Computer Large Tote Bag Organizer Leather Shoulder Bag Travel Briefcase for Work Waterproof Messenger Bag, Black  ",$49.99
127,127 image.jpg,Canvas Messenger Bag Men Canvas Laptop Shoulder Bag for Men 15.6 inch Tablet Messenger Crossbody Bag for Casual Business School Travelling  ,$33.99
128,128 image.jpg,"15.6in Laptop Bag for Men, Multifunction Expandable Large Capacity Briefcase, Oxford Cloth Shockproof Shoulder Laptop Bag with Handle, Laptop Messenger Bags for Men and Women, Black  ",$37.99
129,129 image.jpg,Men's Crossbody Shoulder Bag Genuine Leather Men Messenger Sling Casual Bag Retro Side Satchel PAD for Travel Hiking  ,$39.99
130,130 image.jpg,Vintage Canvas Messenger Bag Large Book Laptop Shoulder School Bag Women Men New  ,$57.25
131,131 image.jpg,Men's Messenger Bag - Crossbody Shoulder Bags Travel Bag Man Purse Casual Sling Pack for Work Business (1602-2-Black)  ,$43.99
132,132 image.jpg,COCHOA Women's Real Leather Small Triple Zip Crossbody Bags Purse Travel Bag (Olive Green)  ,$57.99
133,133 image.jpg,Waterproof Shoulder Bags Womens Messenger Bag Crossbody Bag Nylon Small Travel Bag Purse Black  ,$25.99
134,134 image.jpg,"Canvas Messenger Bag Sling Bag Cross Body Bag Shoulder Bag Black, L  ",$39.86
135,135 image.jpg,"Targus Laptop Bag — Black 15.6"" Classic Slim Briefcase Messenger Bag, Spacious, Ergonomic, Foam Padded Laptop Case for Devices Up To 16"" (TCT027US)  ",$39.00
136,136 image.jpg,"Mens Genuine Leather Briefcase Crossbody Bag Computer Bag Messenger Bag Fit for 14"" Laptop  ",$99.99
137,137 image.jpg,Multi-Pocket Messenger Bag Canvas Crossbody Shoulder Bags Vintage Satchel Bag for Travel Work Business  ,$36.99
138,138 image.jpg,Men's Small Vintage Multipurpose Canvas Crossbody Shoulder Bag Crossover Messenger Travel Bag Purse  ,$25.50
139,139 image.jpg,Men's Small Vintage Multipurpose Canvas Crossbody Shoulder Bag Crossover Messenger Travel Bag Purse  ,$25.50
140,140 image.jpg,Men's Small Vintage Multipurpose Canvas Crossbody Shoulder Bag Crossover Messenger Travel Bag Purse  ,$25.50
141,141 image.jpg,"KINGSLONG Laptop Bag 15.6 16 Inch Laptop Shoulder Messenger Bag Case Sleeve, Lightweight Slim Computer Notebook Ultrabooks Carrying Case Briefcase Cover for Men Women fit for Acer Asus Dell Lenovo HP Toshiba MacBook, Black  ",$33.99
142,142 image.jpg,"Lightweight 15.6"" Laptop, Tablet and Legal-Size File Laptop Bag/Briefcase  ",$36.99
143,143 image.jpg,CamGo Tactical Briefcase Heavy Duty Molle Messenger Bag Men's Handbag  ,$39.99
144,144 image.jpg,"Messanger Bag, Tarmac  ",$109.21
145,145 image.jpg,"Men's Canvas Bag Shoulder Bags, Small Travel Crossbody Bags Vintage Expansion Messenger Bag for Work Business  ",$48.29
146,146 image.jpg,"Leather Bags Vintage Soft Leather Messenger Brown Real Laptop Satchel Bag Genuine Briefcase (Dark Brown), Brown, 15 x 11 x 4  ",$74.99
147,147 image.jpg,"Genuine Leather Briefcase Duffel Bag, Laptop Bag fits 13'' inch Laptop Vintage Elegant Shoulder Bag with YKK Zippers (Vintage) Brown SD 008  ",$95.00
148,148 image.jpg,Leather Messenger Bag Vintage Travel Satchel Unisex Bag Handmade Office Crossbody Bag Laptop Briefcase Shoulder College Bag  ,$74.99
149,149 image.jpg,"Laptop Tote Bag for Women, Large Waterproof PU Leather Work Briefcase with USB Charging Port Casual Computer Shoulder Bag Messenger fits 15.6 Inch, Business Handbag Satchel Purse 2pcs Set, Black  ",$66.66
150,150 image.jpg,Men's Crossbody Shoulder Bag PU Leather Men's Messenger Bag Retro Side Satchel PAD Bag for Men  ,$39.99
151,151 image.jpg,14 Inch Laptop Distressed Vintage Real Leather Messenger Satchel Shoulder Bag  ,$99.99
152,152 image.jpg,"Laptop Bag 15.6 Inch Briefcase Waterproof Waxed Canvas Messenger Bag for Men Large Computer Carrying Case Vintage Shoulder Bag for Business Travel Work School, Grey  ",$29.99
153,153 image.jpg,"Messenger Bag for Women, 15.6 Inch Laptop Bags Computer Case with Shoulder Strap, Water Resistant Crossbody Carrying Laptop Sleeve Fashion Cute Work Briefcase for Travel School Office, Girl Gift Ideas  ",$56.49
154,154 image.jpg,"Cargo Series, Durable Water-Resistant Side Messenger Bag with Laptop Sleeve, Tarmac  ",$113.26
155,155 image.jpg,X.K.B.B-1 Tactical Sling Bag Hiking EDC Messenger Molle Bag  ,$39.00
156,156 image.jpg,"Laptop Bag for Men,Vaschy Vintage Canvas Water Resistant 15.6 inch Messenger Bag Business Briefcase Shoulder Bag Gray  ",$56.99
157,157 image.jpg,"Mod Laptop Messenger/Briefcase/Go-Bag with Molle, Black  ",$199.99
158,158 image.jpg,VINTAGE COUTURE 18 Inch Genuine Business Leather Laptop Messenger Bag  ,$84.99
159,159 image.jpg,Canvas Messenger Bag Hobo Handbags Large Shoulder Bag Casual Travel Purse Lightweight Crossbody Bag for Women & Men  ,$25.99
160,160 image.jpg,Canvas Messenger Bag - Vintage Crossbody Shoulder Bag Military Satchel  ,$83.58
161,161 image.jpg,Small Vintage Canvas+Leather Messenger Cross body bag Pack Organizer …  ,$23.97
162,162 image.jpg,Convertible 17.3 Inches Laptop Bag [3 in 1] Messenger Bag Shoulder Bag Backpack  ,$83.32
163,163 image.jpg,"Messenger Bag for Men, Kasqo 15.6 Inch Waterproof Shoulder Laptop Computer Bag Satchel Bag Briefcase Work Bag  ",$48.89
164,164 image.jpg,"Laptop Case Briefcase, 17.3 Inch Laptop Bag Expandable Messenger Bag for Men & Women Water Repellent, RFID Blocking  ",$44.99
165,165 image.jpg,"Canvas Messenger bag for Men Women, School Crossbody Bag for Laptop 13.3"", Office, Work, Business  ",$49.99
166,166 image.jpg,Crossbody Bag for Women with Tassel Ladies Soft PU leather Purses and Handbag Pocketbooks  ,$34.90
167,167 image.jpg,"Man Bags and Purses Small, Genuine Leather Messenger Bag Crossbody Handbag with Detachable Strap  ",$42.99
168,168 image.jpg,"Leather Man Bags and Purses Crossbody, 5 Zipper Pockets Small Messenger Bag Travel Work Commute Handbag Fits iPad  ",$39.99
169,169 image.jpg,"Leather Messenger Bag - 11"" small Leather messenger bag shoulder bag cross body vintage messenger bag for women & men satchel man purse compatible with Ipad and tablet, Brown, 9 x 3 x 11 inches  ",$29.99
170,170 image.jpg,"13"" Leather Messenger Bag Laptop case Office Briefcase Gift for Men Computer Distressed Shoulder Bag  ",$65.00
171,171 image.jpg,BOSTANTEN Laptop Bag 17 inch Briefcase for Men Water-Resistant Lightweight Shoulder Messenger Bags Travel Case Black  ,$79.99
172,172 image.jpg,"Leather messenger bag for men vintage leather laptop bag satchel office school handmade briefcase bag travel bag for men and women 16 Inch, Brown, Brown, 16x12x5 Inch  ",$90.38
173,173 image.jpg,Small Shoulder Messenger Bag for Men & Women Multifunctional Crossbody Bag Business Laptop Bag for Travel/School Black  ,$39.99
174,174 image.jpg,"Man Purse Crossbody, Genuine Leather Everyday Use Satchel Sling Bags for Men Small Messenger Travel Work Business Bag  ",$39.99
175,175 image.jpg,"Laptop Messenger Bag, Multi-Functional Shoulder Bag Fits Up to 16 inch MacBook Pro, Durable Water-resistant Fabric, Lightweight Carrying bag for Work School Casual Travel  ",$111.17
176,176 image.jpg,Leather Messenger Bag for Men – Vintage Laptop Bag Leather Satchel for Men - 18 inch Padded Brown Leather Computer Bag  ,$116.78
177,177 image.jpg,"Messenger Bag for Men, Kasqo 15.6-17 Inch Vintage Water-Resistant Canvas Laptop Computer Shoulder Bag Briefcase Satchel  ",$63.89
178,178 image.jpg,Leather Briefcase for Men Large Capacity 15.6 Inch Laptop Business Travel Shoulder Bag  ,$124.99
179,179 image.jpg,Men's Shoulder Bag Nylon Messenger Bag Crossbody Purse Waterproof Lightweight for Travel Work Outdoor  ,$29.93
180,180 image.jpg,Cowhide Leather Purses and Bags Men and Women Small Messenger Bag Travel Everyday Carry Side Bag with Multi Zip Pockets  ,$40.99
181,181 image.jpg,Canvas Messenger Bag - Small Vintage Shoulder Purse Crossbody Satchel  ,$97.38
182,182 image.jpg,"16"" Buffalo Leather Messenger Bag Laptop case Office Briefcase Gift for Men Computer Distressed Shoulder Bag  ",$108.00
183,183 image.jpg,"Messenger Bag for Men, KASQO Waxed Canvas Vintage Satchel 15.6 Inch Laptop Computer Shoulder Work Bag Business Briefcase, Gray  ",$69.89
184,184 image.jpg,Leather Canvas Messenger Bag for Men and Women 15.6 inch Laptop Vintage Satchel Business Briefcase Shoulder Bag  ,$64.99
185,185 image.jpg,"Laptop Tote Bag, Middle Size Computer Messenger Teacher Bag with 15.6'' Padded Laptop Sleeve  ",$45.99
186,186 image.jpg,"Leather Messenger Bag, Handmade Satchel Bag, Office Laptop Bag, Personalized Gift for him and her 11"" 13"" 15"" 17"" inches Bags (11 x 15"")  ",$64.99
187,187 image.jpg,"MOSISO Laptop Shoulder Messenger Bag Compatible with MacBook Air/Pro,13-13.3 inch Notebook,Compatible with MacBook Pro 14 2023-2021 A2779 M2 A2442 M1 with Adjustable Depth at Bottom,Black  ",$39.99
188,188 image.jpg,"MOSISO Laptop Shoulder Bag Compatible with MacBook Air/Pro,13-13.3 inch Notebook,Compatible with MacBook Pro 14 inch 2023-2021 A2779 M2 A2442 M1,Polyester Flapover Briefcase Sleeve Case, Black  ",$33.99
189,189 image.jpg,Men's Messenger Bag Crossbody Bag Lightweight Shoulder Bag for Men Sling Bag for Work School Travel Bags  ,$56.69
190,190 image.jpg,"Small Leather Mens Purse Bag, Leather Man Purse Man Bag Messenger Bag for Men Zipper Crossbody Shoulder Bag  ",$126.13
191,191 image.jpg,"Messenger Bag Men, VASCHY Vintage Leather Canvas Satchel 15.6in Laptop Briefcase  ",$59.99
192,192 image.jpg,Leather Briefcase for Men 18 Inch | Full Grain Large Leather Messenger Bag for Men | Handmade Vintage Genuine Leather Laptop Bag for Men and Women with Rustic Look | Best Brown Leather Bag  ,$97.86
193,193 image.jpg,"Motorcycle Messenger Bag Waterproof Sling Crossbody Shoulder Bags 2L Small Motorcycle Dry Bags Compatible for Biking, Scuba Diving, Surf, Kayaking, Beach, Rafting, Boating  ",$38.30
194,194 image.jpg,"Anti-Theft Active Small Crossbody Messenger Bag, Teal  ",$48.53
195,195 image.jpg,16 Inch Retro Buffalo Hunter Leather Laptop Messenger Bag Office Briefcase College Bag (brown)  ,$74.99
196,196 image.jpg,"Messenger Bag for Men, Men's Casual Shoulder Bag, Vintage Canvas Crossbody Satchel Bag, Laptop Bag For 15.6IN Tablet  ",$29.99
197,197 image.jpg,"tomtoc Laptop Shoulder Bag for 16 Inch New MacBook M1/M2 Pro/Max 2023-2019 A2141 A1398, Dell XPS 17/15, 15 Inch Surface Book 3/2, 14 HP Laptop, Sturdy Spill-resistant Protective Commuter Case  ",$65.99
198,198 image.jpg,Small Retro Men's Genuine Leather Shoulder Bag Convertible Fanny Purse Crossbody Satchel Travel Messenger Bag  ,$89.99
199,199 image.jpg,"Laptop Bag 15.6 Inch Waterproof Briefcase Large Laptop Case for Men Women Slim Computer Bags Adjustable Shoulder Messenger Bag for Work Business Travel, Grey  ",$29.99
200,200 image.jpg,Men's Shoulder Bag Leather Small Messenger Bag for Men Crossbody Bags for Men Handbag Satchel Travel bag  ,$39.99
201,201 image.jpg,"FreeBiz 18 Inches Laptop Briefcase Backpack Messenger Bag Shoulder Bag Laptop Case Handbag Business Bag Fits Up to 18.4 Inch Gaming Laptops for Men and Wonmen(18.4 inches, Grey)  ",$91.37
202,202 image.jpg,"Voova Laptop Bag Case 14 15 15.6 Inch, Waterproof Computer Sleeve Messenger Bag with Shoulder Strap for Macbook Pro, ASUS Acer Hp Samsung Chromebook, Expandable Business Briefcase for Men Women, Gray  ",$39.99
203,203 image.jpg,Purses and Handbags Women Fashion Tote Bag Shoulder Bags Top Handle Satchel Purses Washed Synthetic Leather Handbag  ,$69.56
204,204 image.jpg,Crossbody Purses for Women Shoulder Handbags Waterproof Nylon Travel Bag Pocketbooks  ,$27.90
205,205 image.jpg,Sling Bag Canvas Crossbody Backpack Shoulder Daypack Men Women  ,$35.99
206,206 image.jpg,"Laptop Bag for Women Computer Tote Bag Handbag Shoulder Bag Purse Business Work Briefcase Travel Bag, 15.6-inch  ",$53.99
207,207 image.jpg,Leather Crossbody Purses for Women Large Ladies Designer lightweight Exquisite Messenger Shoulder Bag with Tassel  ,$53.99
208,208 image.jpg,"Soft Cowhide Leather Bags and Purses, Small Messenger Bag Lightweight Crossbody Purse Travel Commute Day Carry Side Bags  ",$39.99
209,209 image.jpg,unisex-adult Anti-theft Messenger Bag  ,$93.90
210,210 image.jpg,"Vintage Leather Briefcase for men – Large Pocket Leather Messenger Bag for Men 17 Inch Laptop bag- Genuine Brown Leather Satchel with monogram rustic look – Leather Bag Best for Gifts, Dark Brown, 18 Inches  ",$115.84
211,211 image.jpg,Genuine Leather Briefcase Slim Laptop Messenger Bag Unisex Time Resistance  ,$282.00
212,212 image.jpg,"SWISSGEAR 15.6"" Laptop Computer, Tablet and Legal-Size File Shoulder Bag Business Case  ",$88.52
213,213 image.jpg,"Messenger Bag for Women Briefcase Messenger Laptop Bag PU Leather Satchel Work Bags Fits 14"" Laptop, Red  ",$85.61
214,214 image.jpg,"Clear Bag Stadium Approved, Clear Crossbody Messenger Shoulder Bag with Adjustable Strap for Concerts, Sports Events  ",$25.99
215,215 image.jpg,Men's Messenger Bag - Crossbody Shoulder Bags Travel Bag Man Purse Casual Sling Pack for Work Business (1893-Grey)  ,$41.99
216,216 image.jpg,"Laptop Bag 13-13.3 inch,Laptop Carrying Case with Shoulder Strap,Multi-functional Notebook Sleeve,Protective Messenger Handbag Briefcase Compatible with Acer/Asus/Lenovo/HP/Mac/Dell - Bee  ",$33.99
217,217 image.jpg,Vintage Leather Messenger Bag for Men & Women 14inch Laptop Bag for College Work & Travel- Handmade by VALENCHI  ,$98.59
218,218 image.jpg,Flap Leather Crossbody Bags for Men Vintage Small Messenger Shoulder Bag Cross Body Side Bag Fits 10 Inch Tablet  ,$112.00
219,219 image.jpg,Handmadecraft Leather Unisex 100% Genuine Real Leather Messenger Bag for Laptop Briefcase Satchel  ,$72.82
220,220 image.jpg,Convertible Laptop Backpack 17.3 Inch Messenger Bag for Men/Women  ,$71.17
221,221 image.jpg,Unisex's Thomas Laptop Messenger Bag  ,$64.78
222,222 image.jpg,"Leather Messenger Bag for Men & Women 14inch laptop Bag for Travel College Work - Handmade by VALENCHI, Cognac Vintage, Lb-04  ",$106.67
223,223 image.jpg,Ace Upcycled Canvas & Cowhide Messenger Bag S-1476  ,$86.96
224,224 image.jpg,"Laptop Bag Sleeve 15.6 inch Waterproof Messenger Bag for Women Men 360 Protective Laptop Carrying Case Business Shoulder Bag Briefcase for School College Work Computer Bag, Black  ",$28.99
225,225 image.jpg,"Retro Aesthetic Canvas Shoulder Bag Crossbody Bag, Y2k Boho Casual Handbag Fairy Grunge Messenger Bag for School  ",$29.99
226,226 image.jpg,"Leather Messenger Bag for Men, Handmade Crossbody Bag, Shoulder Bag – Time Resistance  ",$156.00
227,227 image.jpg,"DOMISO 17 inch Laptop Sleeve Shoulder Bag Water-Resistant Messenger Bag Business Briefcase for 17.3"" Notebooks/17.3""Dell Inspiron/MSI GS73VR Stealth Pro/Lenovo IdeaPad/HP Envy/LG Gram/ASUS ROG,Fuchsia  ",$39.99
228,228 image.jpg,"Laptop Shoulder Bag,Unisex Water Resistant Briefcase Lightweight Laptop Case  ",$48.87
229,229 image.jpg,Vintage Canvas Paratrooper Crossbody Shoulder Bag  ,$44.99
230,230 image.jpg,Women's Leo Messenger Bag  ,$172.91
231,231 image.jpg,"17 Inch Laptop Bag, Large Business Briefcase for Men Women, Taygeer Travel Laptop Case Shoulder Bag, Waterproof Expandable Computer Messenger Bag, Durable Carrying Case Fits 17 in Laptop and Notebook  ",$56.49
232,232 image.jpg,Vintage Messenger Bag for Men and Women - Canvas 13 inch Laptop Satchel for School or Business - Casual Shoulder Bags for Traveling - Durable Travel Courier Gear and Accessories  ,$106.39
233,233 image.jpg,"DOMISO 15.6 inch Laptop Bag Business Briefcase Water-resistant Notebook Messenger Shoulder Bag for 15.6"" ASUS ZenBook Chromebook 15/HP Pavilion 15 Envy 15/ Ideapad ThinkPad/Dell Inspiron,Green  ",$48.99
234,234 image.jpg,"Leather Laptop Briefcase for Men,Waterproof Travel Messenger Duffle Bags 15.6 Inch Laptop Bag  ",$156.77
235,235 image.jpg,VC 18 Inch Vintage Handmade Leather Messenger Bag Laptop Briefcase Computer Satchel Bag for Men  ,$84.99
236,236 image.jpg,Briefcase for Women 15.6 Inch Laptop Leather Slim Business Messenger Bag Shoulder Tote Handbags  ,$189.99
237,237 image.jpg,Laptop Carrying Case Briefcase Business Messenger Bag  ,$29.99
238,238 image.jpg,Men's Vintage Canvas and Leather Satchel School Military Shoulder Bag Messenger Large 17  ,$73.16
239,239 image.jpg,"Messenger Bag for Men,RAVUO Water Resistant Canvas Satchel 15.6 Inch Laptop Shoulder Bag Briefcase W Padded Shoulder Strap  ",$68.99
240,240 image.jpg,Vault Messenger  ,$223.00
241,241 image.jpg,"MicaYoung Laptop Messenger Bag 14 15 Inch Men Women, Water-Resistant Bag Slim Briefcase Handbag for Notebook/Chromebook/Apple/IdeaPad/Acer, Pink  ",$23.99
242,242 image.jpg,Men's Ethon Nylon Mini Crossbody Bag Messenger  ,$69.18
243,243 image.jpg,"Messenger Bag for Kids,VASCHY Cute 15.6inch Laptop Crossbody School Bag for Boys Girls Teens Women  ",$31.99
244,244 image.jpg,Vintage Lightweight Small Canvas Messenger Bag Travel Shoulder Crossbody Purse  ,$28.99
245,245 image.jpg,Canvas Crossbody Bag with Kawaii Pins and Pendent for Women Girls Casual Shoulder Messenger Bag Students Schoolbag  ,$39.82
246,246 image.jpg,Full Grains Italian Leather Women Hobo Purses and Handbags Shoulder Bag Crossbody Messenger Bag for Girls  ,$169.99
247,247 image.jpg,"MOSISO PU Leather Laptop Tote Bag for Women (15-16 inch),Wine Red  ",$63.99
248,248 image.jpg,Fashion Women Tote Bag Handbag Shoulder Bag Crossbody Shopping Bag Daily Bag Genuine Leather  ,$99.99
249,249 image.jpg,"Men Crossbody Bag Mini, Small Crossbody Purse Bag, Medium Messenger Laptop Tablet Bag for Travel Work Office Business  ",$36.99
250,250 image.jpg,"Laptop Bags for Women 15.6 inch Laptop Tote Bag PU Leather Large Work Tote Bag Waterproof Professional Business Office Work Bag Laptop Briefcase Women Travel Handbag Shoulder Bag, Black  ",$49.99
251,251 image.jpg,"15 Inch Brown Leather Messenger Bag for Men and Women | Best Laptop Briefcase Computer Satchel Shoulder Crossbody Bag | Full Grain Leather Bag A Perfect Companion for School, College, Office Use, Brown, Large  ",$89.88
252,252 image.jpg,"PortoVino Wine Messenger Bag - Vegan Leather Wine Bag with Hidden Insulated Compartment and Dispenser that Holds and Pours 2 bottles of Wine Perfect for Traveling, Concerts, Bachelorette Party - Slate  ",$80.41
253,253 image.jpg,Women Shoulder Handbag Roomy Multiple Pockets Bag Ladies Crossbody Purse Fashion Tote Top Handle Satchel  ,$28.29
254,254 image.jpg,Men's Crossbody Shoulder Bag Leather Men Messenger Bag Sling Casual Bag Retro Side Satchel PAD for Travel outdoor  ,$36.99
255,255 image.jpg,"Laptop/tablet Shoulder Bag, Business Shoulder Bag, (Color: Blue/Black, 15.6 inch)  ",$34.97
256,256 image.jpg,Leather Laptop Messenger Bag Vintage briefcase Satchel for Men and Women- 16 Inch by VINTAGE COUTURE  ,$84.74
257,257 image.jpg,"Canvas Messenger Bag, Women Retro Aesthetic Canvas Tote Bag - Large Casual Crossbody for Office Travel School  ",$34.08
258,258 image.jpg,Men's Waxed Canvas Messenger Bag Shoulder Crossbody Laptop School Bag Satchel (M49_Army Green)  ,$100.66
259,259 image.jpg,Men's Messenger Bag - Crossbody Shoulder Bags Travel Bag Man Purse Casual Sling Pack for Work Business (1893-Black)  ,$41.99
260,260 image.jpg,Fashion Women Nylon Shoulder Bag Waterproof Crossbody Purse Organize Travel Messenger Bag Deep Blue  ,$27.99
261,261 image.jpg,"Men Leather Messenger Bag Small, Man Purse Crossbody Bags for iPad 7.9 Work Business Adjustable Strap  ",$39.99
262,262 image.jpg,Canvas Crossbody Bag Messenger Cute Bag with Pins and Pendant for Women Girls Casual Shoulder Aesthetic School bag  ,$32.88
263,263 image.jpg,"Messenger Bag waterproof Laptop Bag for Outdoor,Business,School,Shoulder Bag,Black  ",$59.99
264,264 image.jpg,Women Printing Canvas Shoulder Bag Casual Hand Bags Purse with Leather Straps  ,$32.99
265,265 image.jpg,"Clear Crossbody Messenger Shoulder Bag,Clear Crossbody Purse Bag,Stadium Approved Clear Purse Bag,Transparent Purse Bag,Sports Fan Handbags Purses,Transparent Clutch Clear Purse for Concerts, Sports  ",$21.65
266,266 image.jpg,"Anti-Theft Classic Travel Bag, Black, One Size  ",$49.68
267,267 image.jpg,"11-15.6"" Case Laptop/Chromebook/Ultrabook/MacBook air Notebook PC Messenger Bag  ",$24.95
268,268 image.jpg,"Messenger Bag, Vintage Small Canvas Shoulder Crossbody Purse  ",$39.90
269,269 image.jpg,Waterproof Canvas Leather Trim DSLR SLR Shockproof Camera Shoulder Messenger Bag­ (Dark Grey)  ,$42.85
270,270 image.jpg,Canvas Messenger Crossbody Bag - Small Unisex Cross Body Bag for Women and Men - Charcoal Gray  ,$58.00
271,271 image.jpg,Canvas Messenger Crossbody Bag - Small Unisex Cross Body Bag for Women and Men - Charcoal Gray  ,$58.00
272,272 image.jpg,Canvas Messenger Crossbody Bag - Small Unisex Cross Body Bag for Women and Men - Charcoal Gray  ,$58.00
273,273 image.jpg,unisex-adult Gibson Laptop Messenger Bag  ,$114.96
274,274 image.jpg,"Leather Messenger Bag for Men, 14 15.6 17.3 Inch Vintage Leather Laptop Bag Briefcase Satchel,Large School Work Bag  ",$125.15
275,275 image.jpg,Genuine Leather Messenger Bag For Men And Women Shoulder Bags For Business/Travel/Office/School  ,$124.99
276,276 image.jpg,"Laptop Messenger Bag for Men, Chasechic Canvas Mens Business Satchel Shoulder Bag Waterproof 15.6 Inch Laptop Briefcase  ",$59.89
277,277 image.jpg,Sling Crossbody Shoulder Messenger Bag My Neighbor Totoro Wear-resistant Canvas Satchel Schoolbag  ,$29.99
278,278 image.jpg,"Man Purses and Bags, Mens Genuine Leather Messenger & Crossbody Bag with Leather Shoulder Strap  ",$93.39
279,279 image.jpg,Laptop Bag 15.6 inch Business Briefcase for Men Travel Computer Bags Expandable Messenger Shoulder Durable Laptop Carrying Case for Travel/Work/School  ,$32.99
280,280 image.jpg,"Women's Sebastian Crossbody, Super Light, Durable Messenger, Nylon Shoulder Bag  ",$106.99
281,281 image.jpg,"Clear Crossbody Messenger Shoulder Bag, Jonnick Clear Cross Body Stadium Approved Transparent Bag Gym Zippered Tote Bag  ",$18.99
282,282 image.jpg,"GEARONIC 14""-17"" Men's Messenger Bag Laptop Satchel Vintage Shoulder Military Crossbody  ",$59.13
283,283 image.jpg,IndianHandoArt 13 inch Leather Real Messenger bag for Laptop Briefcase Satchel Men and Women  ,$63.50
284,284 image.jpg,18 Inch Black Leather Laptop Bag For Men Leather Messenger Bag For Men  ,$190.69
285,285 image.jpg,"GES Multifunction Mens Outdoor Tactical Nylon Shoulder Laptop Messenger Bag Briefcase Handbags Large Enough for 14"" Laptop/Camera/iPad (ArmyGreen)  ",$77.83
286,286 image.jpg,"G-raphy Vintage Canvas Leather DSLR SLR Bag Waterproof Shockproof Camera Shoulder Messenger Bag for Nikon,Canon,Panasonic etc (Khaki)  ",$45.99
287,287 image.jpg,Small Soft Real Leather Women Crossbody Handbags & Purses - Triple Zip Premium Sling Crossover Shoulder Bag  ,$58.99
288,288 image.jpg,"Sweetbriar Classic Laptop Messenger Bag, Gray - Canvas Pack Designed to Protect Laptops up to 15.6 Inches  ",$56.11
289,289 image.jpg,"Fwosi Handmade Boho Shoulder School Tote Bags - Unisex, Lightweight Himalayan Hemp Crossbody Messenger Bag - 6 Compartments, Zipper Closure, Adjustable Strap - Nepalese Bohemian Embroidered Purse, Multicoloured, Large  ",$41.18
290,290 image.jpg,Canvas Messenger Bag-Multi pocket Cotton Shoulder Crossbody Sling Vintage Military School Laptop Bag Satchel  ,$50.84
291,291 image.jpg,Vintage Canvas Medic Bag  ,$34.74
292,292 image.jpg,"17 inch Laptop Bag, Travel Briefcase with Organizer,Business Messenger Briefcases for Men and Women  ",$40.99
293,293 image.jpg,Women's Fashion NB-001  ,$29.94
294,294 image.jpg,Liberty Genuine Leather 15” Laptop Bag | Briefcase Messenger Shoulder Bag for Men & Women | Work Satchel Business Travel Bag  ,$159.99
295,295 image.jpg,COCHOA Women's Real Leather Small Triple Zip Crossbody Bags Purse Travel Bag (Oxblood)  ,$58.99
296,296 image.jpg,R1 Sling Bag Multipurpose Shoulder Bag Waterproof Messenger Bag Anti-Theft Crossbody Bag for Travel Work  ,$163.84
297,297 image.jpg,"MOSISO PU Leather Laptop Tote Bag for Women (15-16 inch),Deep Teal  ",$59.99
298,298 image.jpg,Women Tote Bag Handbags PU Leather Fashion Large Capacity Hobo Shoulder Bags with Adjustable Shoulder Strap  ,$68.99
299,299 image.jpg,Wise Owl Genuine Leather Crossbody Handbags & Purses for Women - Premium Crossover Over the Shoulder Bag  ,$68.99
300,300 image.jpg,Tactical Briefcase 14 inch Laptop Messenger Bag Military Style Shoulder Bag Handbag for Men  ,$56.49
301,301 image.jpg,11 inch Small Handmade Crossbody Shoulder Genuine Leather iPad/Tablet Vintage Messenger Bag For 10.5 inch iPad Pro for Women & Men - Graduation Gift  ,$39.99
302,302 image.jpg,Crossbody Bag with Adjustable Shoulder Strap Fashion Handbag Zipper Closure Eco Leather for Women Girls  ,$32.08
303,303 image.jpg,"DOMISO 17-17.3 Inch Laptop Sleeve Bag Business Briefcase Messenger Bag Compatible with 17.3"" Dell Computer/HP Pavilion 17/ProBook 470/MSI GS73VR Stealth PRO/Dell/Lenovo/Acer/ASUS, Black  ",$32.99
304,304 image.jpg,"Laptop Bag 15.6 Inch, Business Briefcase for Men Women, 15inch Water Resistant Messenger Shoulder Bag with Strap, Durable Office Bag, Taygeer Carry On Handle Case for Computer/Notebook/MacBook,Black  ",$56.49
305,305 image.jpg,"RICHEN 11"" 11.6"" 12"" 12.5"" 13"" inch Case Laptop/ Chromebook/ Ultrabook/Macbook pro air Notebook PC Messenger Bag Tablet Travel Case Neoprene Handle Sleeve with Shoulder Strap & Accessories pocket(11-13.3 inch, Sloth)  ",$25.98
306,306 image.jpg,Canvas Medic Bag Crossbody Shoulder Bag with Leather Closing Straps  ,$28.71
307,307 image.jpg,"Swiss Gear Lightweight 15.6"" Laptop, Tablet and Legal-Size File Shoulder Bag Briefcase  ",$59.99
308,308 image.jpg,"Messenger Bag for Men, Kasqo 15.6 Inch Satchel Bag Waterproof Computer Bag Shockproof Laptop Bag for Business Daily Travel  ",$52.99
309,309 image.jpg,TIDING Full Grain Leather Briefcase Messenger Bag 15.6 Inch Laptop Bag Shoulder Bag for Men  ,$189.99
310,310 image.jpg,S-ZONE Leather Briefcase Messenger Bag 15.6 inch Laptop Bag Computer Satchel for Men  ,$159.19
311,311 image.jpg,Briefcase for Women 15.6 Inch Laptop Shoulder Bag Leather Business Messenger Bags Brown  ,$189.99
312,312 image.jpg,Men's Messenger Bag - Crossbody Shoulder Bags Travel Bag Man Purse Casual Sling Pack for Work Business (1401-2-Black)  ,$43.99
313,313 image.jpg,COCHOA Women's Real Leather Small Triple Zip Crossbody Bags Purse Travel Bag (Ocean Blue)  ,$58.99
314,314 image.jpg,Extra Slim Crossbody Purse Men and Women Small Messenger Bags Soft Cowhide Leather Lightweight Everyday Carry Side Bag  ,$35.99
315,315 image.jpg,"DHK Genuine Leather Laptop Bag Leather Messenger bag 15"" Briefcase bag  ",$56.80
316,316 image.jpg,unisex-adult Terry Messenger Bag  ,$44.90
317,317 image.jpg,Leather Full Flap Messenger Bag Handmade Laptop Satchel Bag Padded Shoulder Office Computer Bag Brown  ,$83.14
318,318 image.jpg,Sling Bag Small Backpack Men Women with USB Charging Port Crossbody Bags Shoulder Bag Purse Water Resistant Lightweight  ,$49.99
