ID,Image,Title,Price
1,1 image.jpg,Sterling Silver Thin 0.6mm Box Chain Necklace  ,$18.50
2,2 image.jpg,Men's Set of 4 Coco Bead Surfer Necklaces  ,$38.24
3,3 image.jpg,Dainty minimalist 18k gold over Silver Birthstone Heart Shaped engraved necklace with Birthstones Engraved Names personalized women jewelry engraved names mothers necklace gift for her mom sister grandma  ,$103.00
4,4 image.jpg,"Personalized 18k gold plated cursive name necklace, 925 sterling silver with gold plated name cursive necklaces  ",$34.00
5,5 image.jpg,12 Pieces Long Pendant Necklace Set Y Tassel Leaf Circle Bar Necklace for Women  ,$19.99
6,6 image.jpg,Dainty Gold Pendant Necklace 14k Gold Plated Delicate Tiny Love Heart Star CZ Leaf Pendant Necklace Simple Nacklaces Everyday Jewelry for Women  ,$16.99
7,7 image.jpg,12Pcs Gold Plated Layered Y Necklaces for Women Dainty Lock Cross Butterfly Bar Pendant Sexy Long Paperclip Choker Layering Snake Chain Y Necklace Fashion Necklace Set  ,$21.99
8,8 image.jpg,Layered Necklace for Women Disc Charm Necklace Multilayer Pearls Coin Chain Necklace Dainty Layering Choker Necklace Jewelry  ,$12.99
9,9 image.jpg,Dainty Cross Necklace for Women 18K Gold Plated Cute Cross Pendant Choker Necklaces Simple Trendy Everyday Jewelry  ,$19.99
10,10 image.jpg,Fine Jewelry Women Gift 925 Sterling Silver Teardrop Pearl Pendant Necklace  ,$39.99
11,11 image.jpg,10 Pcs Crystal Necklace Healing Amethyst Crystals Carnelian Chakra Necklaces Evil Eye Necklace Vintage Hippie Wiccan Boho Rose Quartz Moon Sun Jewelry Heart Gemstone Pendant for Women  ,$24.99
12,12 image.jpg,"Planet Pearl Necklace VAVOLO Crystal Rhinestone Saturn Planet Necklace, White Pearl Bead Chain Choker for Women Teen Girls Constellation Necklace Confession Wedding for Girlfriend  ",$15.59
13,13 image.jpg,14K Gold Plated Dainty Paperclip Link Chain Necklace for Women Girls  ,$8.19
14,14 image.jpg,Women's Attract Crystal Jewelry Collection  ,$88.08
15,15 image.jpg,ANMUXI Glow In The Dark Turtle Necklace for Women Can Open Turtle Pendant for Christmas Gifts  ,$7.99
16,16 image.jpg,"Necklace - 100% Authentic Amber (Rich Honey, 13.5 inches), Certified Amber Necklace with Safety Clasp and Knotted Beads. Real Amber Necklace  ",$29.50
17,17 image.jpg,Dainty Pearl Necklaces for Women 14K Gold Plated Chunky Half Pearl Half Chain Toggle Necklace Minimalist Pearl Cuban Paper Clip Toggle Clasp Chain Everyday Jewelry  ,$19.99
18,18 image.jpg,Dainty Gold Layered Necklaces for Women 18K Gold Plated Stacked Herringbone Choker Necklace Coin Pendant Snake Chain Necklace Trendy Rope Paperclip Layering Necklace Set for Women  ,$23.99
19,19 image.jpg,Pearl Necklace Ladies' Wedding Bridal Crystals Plated Saturn Pendant Necklace Gold and Silver 2PCS… (Gold and Silver)  ,$25.65
20,20 image.jpg,925 Sterling Silver Necklace Simplicity for Women Double Heart Trendy Minimalist Women's Pendant Necklaces Unique Dainty Korean Style  ,$39.99
21,21 image.jpg,"Sterling Silver Cursive Script Initial ""A"" Pendant Necklace, 18""  ",$24.50
22,22 image.jpg,Gold Chain Necklace Collection - 14K Solid Yellow Gold Filled Box Chain Necklaces for Women and Men with Different Sizes (1.0mm or 1.7mm)  ,$67.79
23,23 image.jpg,"10K Rose Gold or 925 Sterling Silver Solitaire Diamond Letter Initial Necklace with Canadian Diamonds, Select Your Initial A, B, C, D, E, F, G, H, I, J, K, L, M, N, O, P | POLAR LIGHT  ",$100.00
24,24 image.jpg,"10K Rose Gold or 925 Sterling Silver Solitaire Diamond Letter Initial Necklace with Canadian Diamonds, Select Your Initial A, B, C, D, E, F, G, H, I, J, K, L, M, N, O, P | POLAR LIGHT  ",$100.00
25,25 image.jpg,"10K Rose Gold or 925 Sterling Silver Solitaire Diamond Letter Initial Necklace with Canadian Diamonds, Select Your Initial A, B, C, D, E, F, G, H, I, J, K, L, M, N, O, P | POLAR LIGHT  ",$100.00
26,26 image.jpg,925 Sterling Silver Round Cut Created Diamond Cube Pendant Neckace for Women 18k White Gold Plated  ,$28.00
27,27 image.jpg,"Silver Chain | Gold Chain for Men, 3.5/5/6/9/12MM Men Necklaces Cuban Link Chain Necklace for Men Women Jewelry Gift for Women Men Boy Girls Super Sturdy Shiny Mens Chain 18, 20, 22, 24, 26 Inch  ",$14.44
28,28 image.jpg,"925 Sterling Silver Infinity Pendant Necklace Blue Heart Austria Crystal Sapphire 18K Endless Pendant Necklace for Women Jewelry Gift for Anniversary, Metal  ",$24.99
29,29 image.jpg,"14K Gold Plated Heart Pendant | Layered Necklaces | Gold Necklaces for Women | 18"" Length with a 2"" Extension  ",$20.95
30,30 image.jpg,Sunflower Heart Shaped Locket Necklace That Holds Pictures Photo Keep Someone Near to You Sterling Silver/Gold Custom Jewelry Personalized Locket Necklace  ,$56.99
31,31 image.jpg,Initial Necklace Letter Name Pendant Necklace for Women -Stainless Steel Gold Alphabet A-Z Necklaces Statement Jewelry Gift  ,$20.19
32,32 image.jpg,14K Gold Plated Curb Paperclip Box Sphere Bead Snake and Figaro Chain Adjustable Necklace  ,$18.45
33,33 image.jpg,Dainty Initial Necklaces for Women 14K Gold Plated Heart Letter Necklace Personalized Initial Heart Pendant Necklace Tiny Letter Name Necklaces Christmas Gift for Girls  ,$17.84
34,34 image.jpg,Handpicked AAA+ Freshwater Cultured Single Pearl Necklace Pendant | Gold Necklaces for Women  ,$21.95
35,35 image.jpg,Moon Pendant Necklace 14K Gold Fill Dainty Hammered Moon Phase Gold Choker Simple Crescent Moon Full Moon Karma Circle Choker Necklace  ,$8.81
36,36 image.jpg,Punk Simple Style Gold/Silver Plated Lightning Long Exaggerated Square Geometric Stick Drop Dangle Earring for Women  ,$15.99
37,37 image.jpg,14K Gold Plated Herringbone Choker Necklaces Double Layered Snake Chain Necklace Trible Layering Figaro Paperclip Chain Link Necklace Set Shiny Twisted Rope Chain Necklace for Women  ,$27.99
38,38 image.jpg,Dainty Gold Chain Toggle Clasp Necklace for Women 18K Gold Filled Handmade Pearl Cuban Curb Pendant Minimalist Everyday Jewelry Gifts for Women  ,$24.99
39,39 image.jpg,Custom Name Necklace 18K Gold Plated Nameplate Pendant Necklace for Women Personalized Jewelry Gift with Box  ,$14.99
40,40 image.jpg,"10 Pieces Hexagonal Crystal Necklace,Natural Stones Quartz Healing Crystal Necklace Pendant Full Wire Wrap Gemstone,Valentine's Day Gift Necklace for Women Girls,1.26x0.31 inches  ",$23.99
41,41 image.jpg,XIUQILAI 10Pcs Crystal Necklace Healing Amethyst Carnelian Chakra Necklaces Evil Eye Necklace Rose Quartz Obsidian Vintage Witch Moon Hippie Boho Jewelry Heart Gemstone Stone Pendant for Women Girls  ,$22.99
42,42 image.jpg,Dainty Hammered Moon Pendant Necklace 14K Gold Plated Full Moon Necklace Simple Moon Necklace for Women  ,$21.99
43,43 image.jpg,14K Gold Layered Initial Pendant Necklace Layering Paperclip Chain Choker Necklace for Women Dainty Square A-Z Alphabet Letter Necklace Jewelry Gifts  ,$28.99
44,44 image.jpg,"Forever Love Heart Pendant Necklaces for Women 925 Sterling Silver with Birthstone Zirconia,Valentine’s Day Birthday Anniversary Jewelry Gift for Women Wife Girls Her  ",$99.99
45,45 image.jpg,Evil Eye Pendant Necklace Chain Lucky Protection Jewelry Gift for Women Girls Daughter Mother Best Friends  ,$18.99
46,46 image.jpg,Multilayer Necklace Sun Star Golden Crescent Pendant Gold Medal Sequins Women Crystal Necklace Layered Delicate Collar  ,$6.31
47,47 image.jpg,"Women's Compass Coin Pendant Necklace, 18K Gold Plated Medallion, Adjustable 19 inch Chain  ",$86.32
48,48 image.jpg,14K Gold Plated CZ Crystal Solitaire 1.5 Carat (7.3mm) Dainty Choker Necklace | Gold Necklaces for Women  ,$18.45
49,49 image.jpg,Cross Pendant Necklace Stainless Steel - Corinthians 13:7 Bible Verse Strength Necklace For Men Boys  ,$19.99
50,50 image.jpg,"Presents Precious Pearl by My Inspirations, Cultured Pearl in Oyster Necklace Kit Pendant with Rhodium Plated Chain 20”  ",$16.99
51,51 image.jpg,"14K Gold Plated Dainty Layering Necklaces for Women | Snake Chain, Curb Link, Paperclip Layered Chains  ",$28.95
52,52 image.jpg,14K Rose Gold Plated Letter Necklace for Women | Gold Initial Necklace for Girls  ,$18.45
53,53 image.jpg,Mens Adjustable Tribal Wolf Tooth Pendant Leather Necklace Chain Brown Black Silver  ,$12.51
54,54 image.jpg,925 Sterling Silver Necklace - Billie Bijoux Infinity Heart Pendant White Gold Plated Diamond Women Adjustable Necklace  ,$26.99
55,55 image.jpg,Mickey Necklaces for Women  ,$18.00
56,56 image.jpg,"10K Solid White Gold Handmade Engagement Pendant 2 CT Round Cut Moissanite Diamond Solitaire Bridal Wedding Pendant for Her Women Promise Anniversary Necklace Gifts for Love, Stone, Moissanite  ",$345.79
57,57 image.jpg,"Sterling Silver Bumblebee Pendant Necklace Made with Swarovski Crystal (18"")  ",$33.50
58,58 image.jpg,18K Gold Necklace for Women Stainless Steel Double Layered Green CZ Flat Herringbone Snake Chain Necklace Minimalist Everyday Jewelry Gifts  ,$19.95
59,59 image.jpg,Stone Women's Interlocking Circle Pendant Necklace with White Crystals on a Rose-Gold Tone Plated Chain  ,$175.00
60,60 image.jpg,"Sterling Silver 4-Stone Genuine or Created Gemstone Pendant Necklace (4mm), 18”  ",$39.60
61,61 image.jpg,Unicorn Necklace for Girls I Love You Forever Heart Pendant Necklace for Daughter Niece Granddaughter Unicorn Jewelry Birthday Party Gifts  ,$18.95
62,62 image.jpg,"925 Sterling Silver LOVE With Red Clasp Snake Chain Bracelet Basic Charm Bracelets Fit Any Charm, with for Teen Girls Women  ",$23.99
63,63 image.jpg,"Tree of Life Necklace for Women 925 Sterling Silver with March April May Birthstones Aquamarine Emerald Jewelry, Birthday Gifts Jewelry for Wife Mom  ",$79.99
64,64 image.jpg,Crystal Necklace for Men Women Healing Crystals Pendant Mens Necklaces Adjustable Black Rope Bar Hexagonal Point Jewelry 4Pcs  ,$26.99
65,65 image.jpg,"14K Gold Sport Number Boys Necklace, Spor Number Pendant, Sport Team Jewelry, Personalized Gift for Boys, School Sport Team Necklace,Silver Number Pendant  ",$79.00
66,66 image.jpg,"White Gold Plated Necklace for Women, CZ Diamond Necklace Pendant, 925 Sterling Silver Cubic Zirconia Necklace Jewelry, Gift for Women,Mother,Girls, Come with Gift Box  ",$53.99
67,67 image.jpg,"Infinite Love Necklace - 925 Sterling Silver Eternity Love Heart Pendant Necklace, Dainty Charm Christmas Valentine's Day Jewelry Birthday Gift Girls Women  ",$74.08
68,68 image.jpg,3 Pcs 925 Sterling Silver Necklace Extenders for Women Durable Strong Removable Necklace Bracelet Anklet Extension for Jewelry Making  ,$14.99
69,69 image.jpg,SPRING YOW Full Iced Out Micro Pave Cubic Zirconia Pendant Necklace With Black CZ Stone Hip Hop Party - Cuban Chain - Black_Jewelry Gifts  ,$80.11
70,70 image.jpg,14K Yellow Gold Plated Cubic Zirconia Initial Necklace | Letter Necklaces for Women  ,$18.45
71,71 image.jpg,"Women's Gold Plated Necklaces,Double Layered Paperclip Chain Link Disc Coin Pendent Choker Necklace Ideal Gifts for Her  ",$13.99
72,72 image.jpg,XIUQILAI 10Pcs Natural Crystal Necklace Wire Wraped Reiki Healing Chakra Amethyst Rose Quartz Opal Turquoise Tiger Eye Stone Point Pendant Necklaces Hexagonal Quartz Gemstone Jewelry for Women Girls  ,$19.99
73,73 image.jpg,Women's Tennis Deluxe Crystal Bracelet and Necklace Jewelry Collection  ,$358.59
74,74 image.jpg,12 PCS Layered Necklace for Women Multilayer Sexy Long Choker Chain Y Necklace Gold/Silver Feather Pendent  ,$27.99
75,75 image.jpg,"Neverending Story Antique Bronze Necklace, Auryn Necklace, Long or Choker, Never Ending Story Snake Pendant, Snake Circle, Men's Necklace  ",$6.49
76,76 image.jpg,"Signature Elisa Pendant Necklace, 16"" + 3"" Extender  ",$153.77
77,77 image.jpg,Heart Necklace 14K White Gold Plated Round Cut Cubic Zirconia Forever Lover Heart Pendant Necklace for Women Girls  ,$24.99
78,78 image.jpg,Initial Pendant Necklace 24K Gold Plated Square A-Z 26 Capital Letter Alphabets Box Chain Link Necklace Valentine's Day Gift for Women Men Teen Girls Boys  ,$16.98
79,79 image.jpg,Aquamarine Sterling Silver Wave Pendant Necklace  ,$107.72
80,80 image.jpg,"Layered Choker Necklace for Women - 14K Gold Filled Womens Simple Delicate Handmade Choker Necklace, Disc Moon Pendant Chokers for Women, Dainty Pendant Pearl Choker Necklace for Girls  ",$24.14
81,81 image.jpg,925 Sterling Silver Chain Necklace for Women Girls - 0.9mm Box Chain Italian Silver Necklace Chain Hypoallergenic Replacement Necklace Chain Thin & Sturdy Silver Chains 16/18/20/22/24 Inch  ,$21.99
82,82 image.jpg,"Colorful Gems Necklaces and Earrings Jewelry Sets, Anniversary, Birthday, Mother’s Day Jewelry Gifts for Women Wife, Mom, Best Friend  ",$27.05
83,83 image.jpg,18K Gold Plated Astrology Zodiac Constellation Horoscope Necklace  ,$22.99
84,84 image.jpg,New Women's 925 Sterling Silver Necklace Bohemian Pattern Totem Pendant Snake Chain Charm Jewelry 18''-24'' Unisex Chokers Necklaces Accessories  ,$63.90
85,85 image.jpg,Rose Gold Jewelry Crystal Rose Flower Necklace and Earrings Set for Women Wedding Party Bridal Bridesmaid Accessories 18K Rose Gold Plated Pendant and Earring Sets  ,$46.88
86,86 image.jpg,Valentine's Day Gifts 925 Sterling Silver Heart Necklace for Women Birthstone Necklace Silver Jewelry for Womens Jewelry Gifts for Girlfriend Women Her Mom  ,$39.99
87,87 image.jpg,White 10-11mm AA Quality Freshwater Cultured Pearl Necklace  ,$399.00
88,88 image.jpg,Tennis Necklace for Women Cubic Zirconia Necklace Gold Silver 2mm Thin Dainty Necklace Choker Classic Initial Tennis Necklace  ,$18.99
89,89 image.jpg,"Sterling Silver Round-Cut Cubic Zirconia Pendant Necklace, 18""  ",$28.80
90,90 image.jpg,6-6.5mm 14k White Gold White Freshwater Cultured Pearl Necklace AAA Quality  ,$311.00
91,91 image.jpg,Dainty Gold Herringbone Layered Necklaces Set 18K Gold Filled Snake Chain Layering Necklace Minimalist Jewelry Gifts for Women  ,$24.99
92,92 image.jpg,Womens Girls Necklace with Swarovski Crystal Rose Flower Pendant Fashion Jewelry in The Gift Box  ,$32.99
93,93 image.jpg,"Diamond Pendant Necklace for Women, Moissanite Solitaire Pendant Necklace in 18K White Gold, Round-cut Lab Grown Diamond, S925 D Color VVS1 Adjustable 16+2 inches Chain Gift for Mom Girls Wife  ",$89.99
94,94 image.jpg,Floral Collar Statement Necklace Women Chunky Necklace Costume Bib Necklaces Antique Gold  ,$27.99
95,95 image.jpg,"Angel Number Necklace for Women,Gold/Silver Dainty 111 222 333 444 555 666 777 888 999 Pendants Choker Chain Old English Numerology Jewelry  ",$12.99
96,96 image.jpg,18K Gold | Silver Plated Layered Choker Necklace for Women Girls Herringbone Chain Necklace Snake Chain for Women Girls Width 3mm/4mm/5mm  ,$17.99
97,97 image.jpg,Sterling Silver Gemstone Flower Pendant Necklace  ,$32.70
98,98 image.jpg,Bff Necklace for 2 Girls Healing Crystal Necklace for Women Matching Heart Friendship Necklaces Best Friend Necklaces for 2 Girls  ,$14.99
99,99 image.jpg,"10K White Gold Diamond Twist Pendant Necklace (1/4 cttw), 18""  ",$309.30
100,100 image.jpg,Gold Chain Necklace and Bracelet Sets for Women Girls 14K Gold Plated Dainty Link Paperclip Choker Jewelry for Gifts  ,$16.97
101,101 image.jpg,"Sterling Silver Heart with Hand Engraved Butterfly Locket Necklace, 18""  ",$47.70
102,102 image.jpg,"Dainty Personalized Initial Necklace, Customized Letter Necklace Date Disc Necklace for Women Girl, High-definition Laser Engraving Birthday Necklace for Family Friends Sister Daughter Her, Gold Plated, No Gemstone  ",$19.99
103,103 image.jpg,Solid 14k Yellow Gold Filled 7 mm Double Curb Link Chain Necklace | Statement Jewelry for Men and Women  ,$673.88
104,104 image.jpg,Cuban Link Chain Diamond Miami Cuban Necklace 13mm Iced Out Chain for Men Women Bling Rapper Hip Hop Jewelry  ,$21.20
105,105 image.jpg,"Sterling Silver Engraved Four-Picture Heart Locket Necklace, 20""  ",$106.90
106,106 image.jpg,"Necklace - 100% Authentic Amber (Golden Honey, 13.5 inches), Certified Amber Necklace with Safety Clasp and Knotted Beads  ",$24.55
107,107 image.jpg,"Sterling Silver Diamond Accent Knot Pendant Necklace , 18""  ",$46.10
108,108 image.jpg,Layered Disc Circle Choker Necklace 18k Gold Plated Double Lip Satellite Beaded Chain Necklace for Women Girls  ,$14.59
109,109 image.jpg,Sterling Silver Round White Simulated Shell Pearl Necklace Strand | Pearl Choker Necklace | Jewelry for Women  ,$28.95
110,110 image.jpg,Women Initial Necklace 925 Sterling Silver Cubic Zirconia 26 Letters Alphabet Personalized Charm Pendant Necklace  ,$23.99
111,111 image.jpg,Sparkling Dance Women's Clover Pendant Necklace with Pink and White Crystals on a Rose-Gold Tone Plated Chain  ,$175.00
112,112 image.jpg,Tilcare Chew Chew Sensory Necklace – Best for Kids or Adults That Like Biting or Have Autism – Perfectly Textured Silicone Chewy Toys - Chewing Pendant for Boys & Girls - Chew Necklaces  ,$14.99
113,113 image.jpg,"14k Yellow Gold Solid Diamond-Accented Cross Pendant Necklace, 18""  ",$262.20
114,114 image.jpg,"925-Sterling-Silver cremation necklace for ashes for Women - Sunflower Hummingbird Urn Necklaces,Heart Memory Jewelry for Women Gift，Always in My Heart Memory Urn Necklaces for Ashes for Men  ",$44.63
115,115 image.jpg,"14k Yellow Gold Rope Chain Pendant Necklace (0.7 mm, 0.9 mm, 1 mm, 1.3 mm, or 1.5 mm)  ",$59.00
116,116 image.jpg,2Pcs Stainless Steel Pendant Necklace for Mens Spearpoint Arrowhead Wolf Teeth Pendant Chain Necklace Set  ,$20.99
117,117 image.jpg,"14K Gold Plated 1.00 ct (D Color, VVS Clarity) CZ Simulated Diamond Bezel-Set Solitaire Choker Necklace | Sterling Silver Necklace for Women  ",$18.45
118,118 image.jpg,"Zodiac Diamond Necklace Pendant, Sterling Silver Necklace with Certified Canadian Diamonds, Select Your Horoscope: Aquarius, Pisces, Taurus, Gemini, Cancer, Leo, Virgo, Libra | POLAR LIGHT DIAMONDS  ",$100.00
119,119 image.jpg,"Zodiac Diamond Necklace Pendant, Sterling Silver Necklace with Certified Canadian Diamonds, Select Your Horoscope: Aquarius, Pisces, Taurus, Gemini, Cancer, Leo, Virgo, Libra | POLAR LIGHT DIAMONDS  ",$100.00
120,120 image.jpg,"Zodiac Diamond Necklace Pendant, Sterling Silver Necklace with Certified Canadian Diamonds, Select Your Horoscope: Aquarius, Pisces, Taurus, Gemini, Cancer, Leo, Virgo, Libra | POLAR LIGHT DIAMONDS  ",$100.00
121,121 image.jpg,"10k Gold Necklace Solitaire Swarovski Zirconia Pendant (2 cttw), 18""  ",$91.23
122,122 image.jpg,"10k Gold Solitaire Swarovski Zirconia Pendant Necklace (1 cttw), 18""  ",$106.77
123,123 image.jpg,"Layered Necklaces for women Necklaces for Women Fashion Pendant Layering Necklace Coin Necklaces Trendy Lightweight Choker Chain Necklace（N3-06）, Brass, No Gemstone  ",$30.49
124,124 image.jpg,Rose Gold & Platinum Plated Double Hearts Pendant Necklace for Women Crystals from Austria Love Heart Necklace  ,$28.99
125,125 image.jpg,"Gold Layered Pearl Necklace for Women, 18K Gold Plated Pearl Pendant Necklace Paperclip Chain Necklace for Women Jewelry Gifts  ",$26.99
126,126 image.jpg,LOUISA SECRET Love Heart Birthstone Necklaces for Women 925 Sterling Silver Pendant Women's Necklaces Birthday Jewelry Gifts for Sister Best Friend Girls Her  ,$89.99
127,127 image.jpg,"Sterling Silver Created White Sapphire Flower Pendant Necklace, 18""  ",$27.50
128,128 image.jpg,Silver Dainty Choker Necklace for Women Cubic Necklace for Girls Simple Choker Necklace for Teens  ,$14.99
129,129 image.jpg,Friendship Necklace for 3 Matching Heart Bff Necklaces Best Friend Necklace Cute Dolphin Pendant Necklace  ,$15.99
130,130 image.jpg,"925 Sterling Silver Small Initial Necklaces for Women Teen Girls, Personalized Name Dainty Letter Necklace A-Z, 16""-18"" Adjustable, Come Gift Box  ",$23.99
131,131 image.jpg,925 Sterling Silver 1.8mm Twisted Serpentine Chain Necklace 18 Inch Pendant Charm Fine Jewelry For Women Gifts For Her  ,$125.45
132,132 image.jpg,"Sterling Silver Black and White Diamond Angel Wing Pendant Necklace (1/5 cttw), 18""  ",$121.70
133,133 image.jpg,"Women's Infinity Jewelry Collection, Rhodium Finish, Clear Crystals  ",$145.00
134,134 image.jpg,"Iconic Swan Pendant Necklace, Swarovski Swan Pendant with Black Crystal Pavé on a Rose-Gold Tone Finish Setting, Part of the Swarovski Iconic Swan Collection  ",$145.00
135,135 image.jpg,"London Decker' Cubic Zirconia Layered Pendant Necklace in Sterling Silver, 17"" + 2""  ",$92.21
136,136 image.jpg,18K White Gold Plated 4.0mm Round Cubic Zirconia Classic Tennis Necklace 16/18/20/22/24 Inch  ,$46.01
137,137 image.jpg,Platinum-Plated Sterling Silver and Swarovski Zirconia By The Yard Necklace  ,$60.90
138,138 image.jpg,Sideways Initial Necklace 18K Gold Plated Stainless Steel Large Letter Necklace Big Initial Pendant Monogram Name Necklace for Women  ,$14.99
139,139 image.jpg,12 Pcs Hexagonal Crystal Pendants Necklaces for Women Gemstone Necklaces Natural Crystal Necklace Quartz Stones Crystal Chain Amethyst Rose Quartz Gemstone Chain 12 Colors  ,$18.99
140,140 image.jpg,Swan Crystal Design of Necklace Pendant of Jewelry  ,$76.18
141,141 image.jpg,Personalized Couple Stainless Steel Necklace Engraved Initial Name Vertical Bar Necklace Birthday Gifts for Boyfriend (black)  ,$19.07
142,142 image.jpg,S925 Sterling Silver Choker Short Dainty Necklace Infinity Pearl Heart Bead Butterfly Sun Handcuffs Bell Pendant for Women Girl Jewelry  ,$34.79
143,143 image.jpg,"Infinity Love Heart Pendant Necklace Birthstone Crystal Jewelry Gifts for Women, Silver-Tone, 18""+2"", Presented by Miss New York  ",$52.99
144,144 image.jpg,14K Rose Gold Plated Tiny Heart Necklace Round Circle Pendant Necklace | Yellow Gold Necklaces for Women  ,$20.95
145,145 image.jpg,"14k Yellow Gold-Filled Engraved Four-Picture Heart Locket Necklace, 20""  ",$156.40
146,146 image.jpg,"14K Sterling Silver and Yellow Gold over Sterling Silver 1/4Cttw Natural White Round and Tapper Baguette Diamond Heart Pendant Necklace, 18'' Box chain  ",$167.79
147,147 image.jpg,18k Gold Plated Chain Choker Lava Bead Pendant Necklace Dainty Jewelry for Women 16''  ,$5.16
148,148 image.jpg,"Gifts for Mom Heart Cross Necklace, Mother's Day Gifts for Mom from Son Daughter Birthday Christmas Gift for Mother Mama Mommy Gifts from Kids I Love You Mom Necklaces  ",$9.99
149,149 image.jpg,925 Sterling Silver Gold Plated Guardian Angel Oval Photo Pendant Charm Locket Chain Necklace That Holds Pictures Fine Jewelry For Women Gifts For Her  ,$195.45
150,150 image.jpg,Women's Attract Trilogy Crystal Necklace and Earrings Collection  ,$145.00
151,151 image.jpg,"18K Gold Over Sterling Silver Handmade Italian Rosary Fresh Water Pearl Ball Beaded Sideways Cross Necklace, Link Chain 18, 20 Inch for Women Teen Girls 925 Italy  ",$57.07
152,152 image.jpg,"14k White Gold Rope Chain Barely-There Necklace for Women (0.7 mm, 0.9 mm, 1 mm or 1.3 mm) - Thin And Lightweight  ",$59.00
153,153 image.jpg,Women's Silver Adjustable Pendant Necklace  ,$32.07
154,154 image.jpg,Hint Women's Pendant Necklace with a Mixed Metal Finish and White Crystals on a Rose-Gold Tone Plated Chain  ,$139.00
155,155 image.jpg,Premium Stainless-Steel Viking Raven Pendant Necklace - Mens Fashion Jewelry Piece - Norse Viking Amulet - Classic Nordic Talisman Men's Jewelry  ,$22.22
156,156 image.jpg,Women's Rose Gold-Tone Stainless Steel Pendant Chain Necklace  ,$108.81
157,157 image.jpg,"Dark Brown Wood Coco Surfer Necklace - 8mm (5/16"")  ",$23.41
158,158 image.jpg,"Women's Infinity Heart Jewelry Collections, Rose Gold Tone & Rhodium Finish, Clear Crystals  ",$175.00
159,159 image.jpg,"Sterling Silver Italian CZ Station Chain Necklace for Teen and Women 16, 18, 20, 24 Inches  ",$33.99
160,160 image.jpg,Women's Retro Bohemian Style Turquoise Rhinestone Pendant Collar Chain Necklace  ,$11.98
161,161 image.jpg,Mens Womens Heishi Genuine Stone Beaded Necklace  ,$36.00
162,162 image.jpg,XIANNVXI 3Pcs Crystals Necklaces for Women Obsidian Moon Necklace Tree of Life Rose Hexagonal Crystal Pendant Natural Energy Jewelry  ,$23.99
163,163 image.jpg,10k Yellow or White Gold 3 mm Paperclip Link Chain Necklace for Women  ,$428.45
164,164 image.jpg,"Jewelry Silhouette Cutout Necklace, Mickey Mouse, Minnie Mouse, 14k Gold Pendant  ",$149.94
165,165 image.jpg,"Personalized mothers necklace, Engraved Mom Necklace with Simulated Birthstone Personalized Names Heart Pendant Personalized Women's Promise Necklace Family Anniversary Jewelry for Grandma  ",$33.99
166,166 image.jpg,Womens Tribal Pendant Necklace  ,$65.62
167,167 image.jpg,"Angel Number Necklace for Women, Gold Plated Dainty 111 222 333 444 555 666 777 888 999 Pendants Choker Chain Numerology Jewelry  ",$15.41
168,168 image.jpg,16PCS Layered Necklace for Women Girls Multilayer Sexy Long Choker Chain Y Necklace Gold & Silver Tone Bar Feather Pendent Necklace Sets  ,$25.99
169,169 image.jpg,Freshwater Pearl Necklaces With Charm Heart/Eyes/Coin Irregular Pearl Strands Chain for Women Exquisite Jewelry  ,$99.42
170,170 image.jpg,"14k Gold Diamond Butterfly Heart Pendant Necklace for Women, Real 14 Karat Gold Jewelry Gifts for Wife / Mother/ Girlfriend, 16-18 Inch, Metal, Diamond  ",$349.00
171,171 image.jpg,"Gold Layered Pearl pendant Necklaces, 18K Gold Plated Initial Paperclip Link Chain Necklace Necklace Jewelry Gifts for Women(Yellow Gold)  ",$22.99
172,172 image.jpg,DUANMEINAD Glow in The Dark Dragon Sword Necklace Luminous Pendant Punk Titanium Steel Dragon Sword Wing Pendant Necklaces  ,$6.99
173,173 image.jpg,Thin 20 Gauge 1 MM .925 Sterling Silver Rolo Cable Chain Necklace For Women For Teen Made In Italy 16 18 20 24 Inch  ,$17.43
174,174 image.jpg,"Women's Attract Soul Jewelry Collection, Pink Crystals, Clear Crystals  ",$117.74
175,175 image.jpg,925 Sterling Silver Leaves Dangle Earrings Chain for Women Elegant Threader Earrings  ,$17.99
176,176 image.jpg,"925 Sterling Silver Clear CZ Clasp Snake Chain Bracelet Basic Charm Bracelets Fit Any Charm, with for Teen Women  ",$22.99
177,177 image.jpg,Personalized Couple Stainless Steel Necklace Engraved Initial Name Vertical Bar Necklace Birthday Gift  ,$19.07
178,178 image.jpg,"Birthstone Polygonal Crystal Pendant Necklaces, 14K Gold Plated Hypoallergenic Dainty Chain Necklace Jewelry Gifts for Women  ",$25.99
179,179 image.jpg,"Daughter l Love You Forever Pendant Necklace from Dad, Birthday Valentines Day Easter Gifts for Daughter from Dad Daddy with Message Card  ",$23.99
180,180 image.jpg,Betty White 6-7mm A Quality Freshwater Cultured Pearl Necklace-51 in Rope Length  ,$155.00
181,181 image.jpg,"18K Gold Chain Style Cross Pendant Necklace Solid Clasp for Men,Women,Teens Thin for Charms Miami Cuban Link Diamond Cut  ",$157.00
182,182 image.jpg,"Pearl Shell Choker Necklace for Women, Pearl Necklace Black String Cowrie Puka Seashell Pearls Necklace Choker Hawaiian Beach Adjustable Handmade Necklaces Set for Girls Christmas Gifts  ",$11.79
183,183 image.jpg,"10k Swarovski Crystal Slide Ball Pendant Necklace, 18""  ",$67.80
184,184 image.jpg,"Solid 18K Gold Over Sterling Silver Italian 2.5mm Paperclip Link Chain Necklace for Women Men, 16, 18, 20, 22, 24, 26, 30 Inch 925 Made in Italy  ",$32.90
185,185 image.jpg,Dainty Cross Pendant Necklaces for Women 14k Gold Plated Simple Cute Cubic Zirconia Sideways Faith Infinity Layered Satellite Chain Beaded Cross Necklace Minimalist Jewelry Gifts  ,$22.99
186,186 image.jpg,"Sterling Silver Engraved Flowers Heart Locket Necklace, 18""  ",$75.90
187,187 image.jpg,"Necklace for Women, 18K White Gold Plated Pendant Necklace, Love Heart Crystals Charming Necklace Jewelry Gift for Women Birthday/Anniversary Day/Mother’s Day  ",$40.99
188,188 image.jpg,Sterling Silver Initial Necklaces 26 Letter Pendant with Rose Gold Heart - 18 Inch Chain  ,$39.99
189,189 image.jpg,12 Pcs Long Pendant Necklace for Women Leaf Bar Y-Shaped Tassel Pendant Necklace 2-Layer Sweater Necklace Set Silver Gold  ,$23.99
190,190 image.jpg,14K Gold plated over stainless steel Natural Healing Stone Lariat Y-Shaped Necklace Mini Waterproof Birthstone Crystal Jewelry Gift for Women Girls.  ,$36.00
191,191 image.jpg,"White Puka Shell Necklace for Men, Seashell Necklaces with Clam Chip Beads for Women, Beach Pooka VSCO Choker, Hawaiian Heishi Puca Surfer Chokers, Beachy Pooka Beaded Summer Necklace  ",$12.95
192,192 image.jpg,"Women's Toggle Logo Charm Necklace, Silver, One Size, One Size, Glass  ",$36.40
193,193 image.jpg,His and Hers Yin Yang Stone Pendant Necklaces for Couples  ,$36.00
194,194 image.jpg,Moissanite Pendant Necklace 1CT 18K White Gold Plated silver D Color Ideal Cut Diamond Necklace for Women with Certificate of Authenticity  ,$41.90
195,195 image.jpg,Gold Filled Heart Necklaces – 14K Yellow Gold Filled Hearth Pendant with Solid Clip Chain for Women (Different Sizes and Styles with Extension / Adjustable Chain)  ,$116.78
196,196 image.jpg,"Pendant for Women, MomentWish 1Carat Moissanite Necklace Gifts for Her, D Color VVS1 Simulated Diamond 925 Sterling Silver Solitaire Necklace  ",$117.77
197,197 image.jpg,Sister Necklace for 2/3/4/5 Heart Matching Necklaces Best Friend Friendship Gifts for Women Girls Valentines Birthday Gifts for Friends Sisters  ,$17.99
198,198 image.jpg,"""Basic"" Silver Framed Heart Logo Pendant Necklace, 18"" + 2"" Extender  ",$32.75
199,199 image.jpg,Zodiac Sign and Moon Multi-Charm Astrology Horoscope Pendant Necklace on 18k gold plated 18 inch Curb Chain - Comes in a velvet gift box!  ,$49.00
200,200 image.jpg,"Natural Rose Quartz Necklace Pendant Crystals and Healing Stones Heart Love Real Gemstone Necklaces for Women Mothers Day Gift,Spiritual Reiki Energy  ",$12.99
201,201 image.jpg,"Women's Tennis Bracelet and Earring Collection, Rhodium Finish, Clear Crystals  ",$165.00
202,202 image.jpg,14k Tri Color Yellow White Gold Butterfly Heart Pendant Charm Necklace Love Animal Insect Arachnid Fine Jewelry For Women Gifts For Her  ,$365.45
203,203 image.jpg,"925 Sterling Silver Constellation Horoscope Zodiac Necklace, Gift for Women Girls  ",$34.99
204,204 image.jpg,"14k Gold Cubic Zirconia Solitaire Pendant Necklace, 18""  ",$157.90
205,205 image.jpg,"18k Yellow Gold-Plated Sterling Silver Gemstone & Filigree Pendant Necklace, 18""  ",$62.10
206,206 image.jpg,Gold Initial Pendant Necklace for Girls Dainty Personalized Alphabet Letter Pendant  ,$16.79
207,207 image.jpg,Natural Stone Beads Handmade Charm Personalized Stylish Beaded Tassel Necklace  ,$19.99
208,208 image.jpg,14k Yellow Gold 4 Leaf Clover Pendant Charm Necklace Good Luck Italian Horn Celtic Claddagh Fine Jewelry For Women Gifts For Her  ,$229.45
209,209 image.jpg,Y2K Mushroom Pearl Beads Choker Necklace Colorful Boho Cute Handmade Summer Boho Necklace Gifts for Women Teen Girls  ,$12.22
210,210 image.jpg,Tree of Life Pendant Onyx Stone Beaded Mala Necklace  ,$31.00
211,211 image.jpg,"Women's Gold-Tone Blanc Pearl Collar Necklace, Gold/White, 0  ",$49.11
212,212 image.jpg,Baseball Necklaces for Boys Athletes Number Pendant 00-99 Stainless Steel Softball Number Necklace for Husband Softball neclace number neclace Inspirational Sport Gifts for Son (Black)  ,$12.72
213,213 image.jpg,"Mom Necklace, Pregnancy Gift For Friend, First Time Mom, Pregnancy, Mom To Be Necklace, Necklace Gift Box, Small Jewelry Gift Box, Card Box, Birthday Gift Necklace, Mothers Day Gifts HNH394  ",$41.48
214,214 image.jpg,"Plated Sterling Silver Swarovski Zirconia Cross Pendant Necklace, 18""  ",$52.90
215,215 image.jpg,Earrings Gold Earrings Lightweight Gold Rhinestone Stud Earrings Earrings Ladies Girls Mother's Day Gifts Valentine's Day Gifts  ,$19.95
216,216 image.jpg,Sentimental Expressions 925 Sterling Silver Cubic Zirconia Cz Purrfect Love Cat 18 Inch Chain Necklace Pendant Charm Inspirational Animal Fine Jewelry For Women Gifts For Her  ,$179.45
217,217 image.jpg,"Sterling Silver Baguette Pendant Necklace, 18""  ",$22.40
218,218 image.jpg,"To My Mom Necklace, You are Appreciated and My Loving Mother Love from Son Necklace, Mother's day Wedding Christmas Birthday Gifts  ",$49.99
219,219 image.jpg,"Mediterra' Natural Aquamarine Necklace in 14K Gold-Plated Sterling Silver, 16"" + 2""  ",$141.47
220,220 image.jpg,"Women's Symbolic, White, Rose-gold tone plated  ",$105.00
221,221 image.jpg,"Sterling Silver Created Opal and White Sapphire Open Heart Pendant Necklace, 18""  ",$44.49
222,222 image.jpg,Personalized Sterling Silver Necklace with Infinity Name Custom Names Necklace 18K Gold Plated Name Necklace Customized Pendant Jewelry Best Birthday Gift for Women  ,$19.18
223,223 image.jpg,"S925 Sterling Silver Name Necklace Personalized,Custom nameplate Pendant Necklace for Women Personalized Jewelry Gift with Box  ",$25.99
224,224 image.jpg,"Cremation Jewelry for Ashes, Pet Memorial Necklace Made with 316 Stainless Steel, Keepsake Pendant for Dog  ",$22.88
225,225 image.jpg,3MM 40 Gauge .925 Sterling Silver Solid Miami Cuban Curb Chain Necklace For Men For Women Made In Italy 16 18 20 24 Inch  ,$18.84
226,226 image.jpg,18K Gold Plated Dainty Vertical Bar with Cubic Zirconia Necklace | Skinny Drop Bar Layering Necklace  ,$29.99
227,227 image.jpg,18K Gold Plated Dainty Vertical Bar with Cubic Zirconia Necklace | Skinny Drop Bar Layering Necklace  ,$29.99
228,228 image.jpg,18K Gold Plated Dainty Vertical Bar with Cubic Zirconia Necklace | Skinny Drop Bar Layering Necklace  ,$29.99
229,229 image.jpg,"14K Gold Chain Style Cross Pendant Necklace Solid Clasp for Men,Husband Father Thin for Charms Miami Cuban Link Diamond Cut Beveled Edges  ",$175.00
230,230 image.jpg,14K White Gold Round Gemstone & Diamond Ladies Floral Cross Pendant (Gold Chain Included)  ,$614.17
231,231 image.jpg,Chunky Chain Necklace for Women Thick Chain Collar Necklace Trendy Necklaces Cable Link Chain Choker Necklaces for Women Chunky Necklace  ,$22.99
232,232 image.jpg,"Moissanite Necklace Heart, MomentWish 1Carat Moissanite Silver Necklaces for Women, D Color VVS1 Simulated Diamond 925 Sterling Silver Heart Necklace  ",$147.77
233,233 image.jpg,"14K Gold Necklace Petite Heart Diamond Pendant Pave Set ⅙ ctw (I,I1)  ",$686.00
234,234 image.jpg,Annis Munn Good Luck Necklace - 925 Sterling Silver Elephant Pendant Necklace Christmas Day Jewelry Birthday Gift for women  ,$39.99
235,235 image.jpg,Mom Love Pendant Necklaces for Women Sterling Silver Genuine Freshwater Pearl Necklace Girls Party Gifts  ,$25.99
236,236 image.jpg,Bach Rescue Remedy PET  ,$96.96
237,237 image.jpg,Basic Floral Ball Pendant Necklace  ,$22.58
238,238 image.jpg,White Puka Shell Necklace Hawaiian Surfer Seashell Necklaces Beachy Beaded Summer Pooka Choker for Women Men Girls Boys  ,$15.99
239,239 image.jpg,"Paw Print Necklace, Paw Necklace, Dog Necklace, Dog Jewelry for Women, Dog Paw Necklace, Dog Pendant, Dog Necklaces for Women  ",$24.99
240,240 image.jpg,"8 PCS Long Necklaces for Women - Fashion Pendant Necklace Jewelry, Multi Layer Necklace, Tassel Necklace, Leaf Necklace, Y Necklace, Gifts for Women  ",$21.99
241,241 image.jpg,"Tree of Life Locket Necklace for Girls Women Wife Girlfriend, 925 Sterling Silver Abalone Seashell Inlaid Personalized Locket Oxidized Celtic Pendant Jewelry, That Holds Pictures Photo Keep Someone Near to You  ",$59.99
242,242 image.jpg,"Gold Initial Necklace for Women Pendant Necklaces Trendy Handmade Square Layered Necklace Birthday Christmas Stainless Steel Jewelry for Girls,20 Inch  ",$15.89
243,243 image.jpg,"Initial Letter Pendant Necklace Mens Womens Rectangle Capital Letter Platinum/Yellow Gold Plated A-Z Necklaces 22inch, Backside Customizable  ",$16.89
244,244 image.jpg,"Women's Lifelong Heart Crystal Jewelry Collection, Rose Gold Tone & Rhodium Finish  ",$119.08
245,245 image.jpg,"Gema Necklace, Adjustable, with Multicolored Crystals in Mixed Classic Cuts on a Rhodium Finish Setting, Part of the Gema Collection  ",$580.00
246,246 image.jpg,"White Freshwater Pearl Necklace for Women - Pearl Strand Necklace | Long Pearl Necklace with Genuine Cultured Pearls, 6.5mm-11mm  ",$155.00
247,247 image.jpg,Sterling Silver Polished Cross Pendant Necklace  ,$44.80
248,248 image.jpg,LADONNA 1/1.5/2.4/4mm Stainless Steel Chain Sliver Necklace Snake Chain for Men and Women  ,$22.72
249,249 image.jpg,Attract Soul Necklace  ,$145.00
250,250 image.jpg,"Silver womens male Tone Long Strand Necklace, 42"", Metal  ",$35.84
251,251 image.jpg,"Dainty Initial Necklaces for Women Girls,18k gold plated Herringbone Chain Necklace Simple Cubic Zircon Letter Pendant Women Choker Necklace  ",$17.99
252,252 image.jpg,Layered Necklaces for Women Silver Choker Necklaces Stackable Necklaces for Girls  ,$14.99
253,253 image.jpg,Modern Brilliance Lobster Clasp Pendant Necklace  ,$120.65
254,254 image.jpg,Personalized Birth Flower Name Necklace 1-12 Month Name Necklace Silver/Gold/Rose Gold Floral Pendant Necklace Sterling Silver Necklace for Women Mom Girlfriend Mother's Day Birthday Anniversary  ,$18.99
255,255 image.jpg,"14k Gold 9mm Round Cubic Zirconia Solitaire Pendant Necklace (2.75 carat, Diamond Equivalent), 18""  ",$195.00
256,256 image.jpg,"Women's Toggle Logo Charm Necklace, Rose Gold, One Size, One Size, Glass  ",$26.44
257,257 image.jpg,Dainty Layered Choker Necklaces Handmade Coin Tube Star Pearl Pendant Multilayer Adjustable Layering Chain Gold Necklaces Set for Women Girls  ,$16.99
258,258 image.jpg,14k Yellow Gold Enameled Ladybug Charm Necklace Pendant Insect Arachnid Fine Jewelry For Women Gifts For Her  ,$159.45
259,259 image.jpg,925 Sterling Silver Cubic Zirconia Cz Lab Created Red Ruby Heart Pendant Charm Necklace Gemstone Love Ful Fine Jewelry For Women Gifts For Her  ,$155.45
260,260 image.jpg,GuldarShop Punk Thick Chains Pearl Choker Necklace Men Fashion Coin/Cross/Heart Pendants Necklaces For Women Neck Chains Jewelry 2021  ,$26.04
261,261 image.jpg,Dainty Butterfly Necklace for Women 18K Gold Plated Minimalist Cubic Zirconia Butterfly Pendant Cute Crystal Butterfly Necklaces Gifts for Girls  ,$16.99
262,262 image.jpg,Personalized Name Necklace with Birthstone Custom Heart Pendant Necklace for Women Family Jewelry for Mom Jewelry Heart Shaped Necklace 18 Inch Chain Promise Necklace for Her  ,$31.96
263,263 image.jpg,925 Sterling Silver Heart Pendant Charm Necklace Love Fine Jewelry For Women Gifts For Her  ,$119.45
264,264 image.jpg,Basic Crystal Graffiti Heart Toggle Pendant Necklace  ,$23.12
265,265 image.jpg,14K Gold Leaf Pendant Necklace for Women Dainty Sun Necklace Tiny Coin Drop Choker Necklace Boho Medallion Coin Necklace Minimalist Jewelry  ,$19.99
266,266 image.jpg,"Men's Black Matte Lacquer Chain Necklace (Model: EGS2919040), Silver, No Size, Non-Precious Metal, No Gemstone  ",$182.99
267,267 image.jpg,Sun Moon Star Bff Friendship Necklace for 2/3 Best Friends Birthday Christmas Gifts for Sister Teen Women  ,$22.99
268,268 image.jpg,"28"" Compass IV Expandable Necklace  ",$72.99
269,269 image.jpg,"Women's Necklace 16 Inch Flower Pendant - Worn Gold Tone/White/Crystal, One Size  ",$32.00
270,270 image.jpg,"Platinum-Plated Sterling Silver Cross Pendant Necklace set with Swarovski Zirconia (1 cttw), 18""  ",$44.80
271,271 image.jpg,Dainty Gold Necklace for Women 14K Gold Plated Layered Shiny Twist Rope Chain Herringbone Necklace CZ Diamond Choker Necklaces Snake Chain Beaded Necklace Set Jewelry Gifts for Her Girls  ,$21.99
272,272 image.jpg,14K Gold Plated 2mm Cubic Zirconia Classic Tennis Bracelet | Gold Bracelets for Women | Size 6.5-7.5 Inch  ,$21.95
273,273 image.jpg,Dainty Bracelets for Women 14K Gold Plated Tiny Cubic Zirconia Leaf Dot Chain Bracelets Minimalist Personalized Adjustable CZ Leaves Pull Chain Bracelet for Women Everyday Jewelry Gifts  ,$16.99
274,274 image.jpg,II Round Pearl II Classic Cultured Freshwater Black Strand Pearl Necklace for Women Jewelry Christmas Genuine  ,$247.92
275,275 image.jpg,"10K Gold 6 MM Princess Cut Cubic Zirconia Solitaire Pendant Necklace, 18” Gold Filled Rope Chain  ",$39.74
276,276 image.jpg,"14K Gold Anklets for Women. 14K 10 Inch Anklet, Gold Flat Mariner Anklet, 14K Gold Box Chain, Cuban Chain, Figaro Chain, Dainty Anklet Summer Beach Gold Jewelry, Foot Jewelry Ankle Bracelet  ",$169.44
277,277 image.jpg,Real Shark Tooth Necklace Surfer Hawaiian Beach - Color White Bone  ,$49.99
278,278 image.jpg,"72 pack Mardi Gras Beads Bulk, Mardi Gras Beads Necklaces Assortment, Throw Beads in Bulk, Gasparilla beads  ",$16.99
279,279 image.jpg,Platinum Plated Sterling Silver Antique Pendant Necklace set with Round Cut Swarovski Zirconia (2.8 cttw)  ,$40.20
280,280 image.jpg,Thin Minimalist Sideways Horizontal Round Station Bar Pendant Necklace For Women For Teen Gold Plated Sterling Silver  ,$27.21
281,281 image.jpg,925 Sterling Silver 12mm White Baroque Freshwater Cultured Pearl Chain Necklace Pendant Charm Fine Jewelry For Women Gifts For Her  ,$225.45
282,282 image.jpg,"Of Earth and Ocean HANDMADE Sunrise Pendant Necklace, Triple Circles in Tri-Tone Copper, Brass, and Silver  ",$52.50
283,283 image.jpg,Funny Keychain Class Of 2023 Graduation Gifts for Her Him 2023 Senior High School Master Nurse Medical Students College Grad Graduate Gifts for Daughter Son PhD Degree Inspirational Gifts Women Men  ,$12.99
284,284 image.jpg,Tiny Sideways Initial Choker Necklace for Women Dainty 14K Gold Plated Initial Necklace Personalized Letter Choker Everyday Jewelry  ,$19.99
285,285 image.jpg,Sterling Silver Genuine and Created Gemstone 8mm Round Birthstone Pendant Necklace  ,$54.00
286,286 image.jpg,Womens 11982-21  ,$19.88
287,287 image.jpg,210455-21  ,$26.85
288,288 image.jpg,"Women's Symbolic Jewelry Collection, Blue Crystals, Black Crystals, Clear Crystals  ",$145.00
289,289 image.jpg,"18K Bounded Gold Plated Necklace with Gold Plated chain Diamond Elephant Head Charm, Best Unisex Christmas Gift for Men, Women,, Stainless Steel, Cubic Zirconia  ",$26.93
290,290 image.jpg,"Waterproof Braided Leather Cord Chain Necklaces, Men Women DIY Woven Wax Rope Chain for Pendant, Customize Available, 2/3mm Width, 16"" 18"" 20"" 22"" 24"" 26"" 28"" 30"" Length(with Gift Box)…  ",$23.89
291,291 image.jpg,Handcuff Necklace Stainless Steel 18K Gold Plated Curb Chain Interlocking 18inch 16inch Choker Gothic Statement Necklace for Girls Men & Women  ,$19.99
292,292 image.jpg,"18K Gold Over Sterling Silver Italian Solid 4.5mm Flat Herringbone Chain Necklace Men Women 16"" 18"" 20"", 22"", 24""  ",$64.30
293,293 image.jpg,"14K Gold Plated Mini Dainty Heart Initial Necklace | Slider Adjustable Necklace - 18"" | Letter Necklaces for Women  ",$20.95
294,294 image.jpg,"S925 Sterling Silver Dainty Simple Circle Pendant Eternity Necklace,Rolo Chain,18+2, Sterling Silver  ",$29.99
295,295 image.jpg,Women's Magnificent 3mm Round Cubic Zirconia Tennis Necklace  ,$35.68
296,296 image.jpg,"Dog Mom Gifts for Women Necklace, 14k Gold Filled Dog Mom Gifts Letter Initial Necklace Women Girls Alphabet Disc Puppy Paw Print Necklace Pet Dog Lovers Gifts for Dog Mom  ",$26.23
297,297 image.jpg,"14K Gold Plated Sterling Silver Dot Pendant | Layered Necklaces | Gold Necklaces for Women | 18"" Length with a 2"" Extension  ",$20.95
298,298 image.jpg,"Dainty Layered Initial Necklaces for Women, 14K Gold Plated Paperclip Chain Necklace Simple Cute Hexagon Letter Pendant Initial Choker Necklace Gold Layered Necklaces for Women  ",$27.43
299,299 image.jpg,Sterling Silver Singapore Bead Chain Station Necklace  ,$24.70
300,300 image.jpg,Tiny Gold Initial Heart Pendant Necklace Handmade Dainty Personalizd Alphabet Letter Name Necklace Choker Jewelry Gift for Women Girls  ,$18.98
301,301 image.jpg,Men's Semi-Precious Black Onyx Gemstone Necklace  ,$98.73
302,302 image.jpg,925 Sterling Silver 1.3mm Beaded Chain Necklace 20 Inch Pendant Charm Ball Beadsed Fine Jewelry For Women Gifts For Her  ,$119.45
303,303 image.jpg,6PCS Long Pendant Necklace Set Tassel Pendant Simple Bar Necklace Strands for Women  ,$22.99
304,304 image.jpg,2.76ct. Natural Peridot 925 Sterling Silver Leaf Pendant with 18 Inch Chain Necklace  ,$54.93
305,305 image.jpg,"Shot Glass Necklaces Allnice 24 Pack Shot Glass Necklace on Beaded, 6 Colors Plastic 6 Colors Shot Necklace Cups, Birthday Shot Glass for Bachelor Wedding Party Supplies (Multicolor)  ",$29.98
306,306 image.jpg,Koleso Gold Silvery Mix Color Big Round Link Long Necklaces For Woman Statement Necklace Sweater Chain Fashion Jewelry 2020-30331  ,$39.29
307,307 image.jpg,Gold Chain Necklace Women Layered Necklace Choker Necklace for Girls Bohemian Coin Retro Choker Collar Necklace Gift for Birthday Valentine  ,$15.58
308,308 image.jpg,"Two-Tone Sterling Silver Be Graffiti Charm Necklace, 18  ",$47.70
309,309 image.jpg,"Women's Infinity Crystal Jewelry Collections, Rhodium & Rose Gold Tone Finish  ",$187.43
310,310 image.jpg,Cross Chain Necklace for Women Cubic Zirconia Necklaces for Women Sterling Silver Faith Cross Necklaces for Daughter Sister Friend Birthday Christmas Gift  ,$10.09
311,311 image.jpg,"14k Yellow Gold-Filled Letter ""M"" Charm Pendant Necklace, 18""  ",$58.60
312,312 image.jpg,H2Z Pavilion Gift Company 16218 March Aquamarine Birthstone Necklace with 18-Inch Chain  ,$53.48
313,313 image.jpg,Feather Pendant Necklace Feather Jewelry Inspirational Gifts Feather Necklace Charm for Women Friends  ,$16.99
314,314 image.jpg,Women Zodiac Necklace 925 Sterling Silver Wedding Bridal CZ Horoscope Zodiac 12 Constellation Pendant Necklace Dainty Sign Charms Jewelry  ,$19.99
315,315 image.jpg,Stainless Steel Cross Pendant Necklace Figaro Link Chain for Men Women Beveled Edge Big Polished Christian Cross Pendant Necklace 16/18/20/22/24/28/30 In  ,$14.99
316,316 image.jpg,50 PCS Velvet Jewelry Pourches Litter Jewelry Bags for Jewellery  ,$36.99
317,317 image.jpg,Kaitlyn White 8-9mm A Quality Freshwater 925 Sterling Silver Cultured Pearl Necklace  ,$175.00
318,318 image.jpg,Chloe White 6-11mm A Quality Freshwater Cultured Pearl Necklace-40 in Length  ,$139.00
319,319 image.jpg,"14K Gold 1.5MM Diamond Cut Rope Chain Necklace for Men and Women- Braided Twist Chain Necklace 14K Necklace, 14k Rope Chain, 14 Karat Gold Necklace 16-26  ",$367.00
320,320 image.jpg,14k Yellow Gold 16 Inch 2mm 3 Wire Link Wheat Lobster Clasp Chain Necklace Pendant Charm Spiga Fine Jewelry For Women Gifts For Her  ,$559.45
321,321 image.jpg,Layered Necklace  ,$19.99
322,322 image.jpg,Women's 925 Sterling Silver Tiny Initial Heart Pendant Choker Necklace  ,$24.99
323,323 image.jpg,"Love Knot Necklace, Happy Sweet 16th, 16th Birthday Gifts for Girls, Sweet 16 Necklace, Gift For 16 Year Old Girl, Sweet Sixteen Jewelry CLNCA98185  ",$29.90
324,324 image.jpg,14K Gold Plated Post Faux Diamond Round Solitaire Pendant Halo Necklace | Gold Necklace for Women | Slider Adjustable  ,$20.95
325,325 image.jpg,"21C-N03 Layering Necklace (Lock, Yellow Plated), Gold Plated, Cubic Zirconia  ",$20.95
326,326 image.jpg,Solid 14k Yellow Gold Filled 3.1 mm Paperclip Chain Necklace - Minimalist Jewelry for Women  ,$79.87
327,327 image.jpg,14K Gold Plated Chain Necklace Women Paperclip Chain Stainless Steel Necklace Chains For Jewelry Making  ,$16.99
328,328 image.jpg,S925 Sterling Silver Bar Dot Vertical Double Layered Long Chain Choker Y Clavicle Necklace for Women Lady  ,$38.26
329,329 image.jpg,18k Gold/Silver Plated Simple Goddess Mary Cross Pendant Choker Necklace Simple Tiny Necklace for Women Girls  ,$15.90
330,330 image.jpg,Sterling Silver or Gold-tone Cubic Zirconia Cz By the Yard Station Foot Anklet or Chain Necklace  ,$38.53
331,331 image.jpg,Bff Friendship Gifts Necklace for 2 Hamburger French Fries Best Friend Necklace for 2 Girls Christmas Birthday Gifts for Best Friends Matching Necklaces for BFF Bestie  ,$9.90
332,332 image.jpg,"14k Yellow Gold Filled 3 mm Ball Station Satellite Necklace for Women (16, 18, 20, 24 or 30 inch)  ",$46.46
333,333 image.jpg,925 Sterling Silver Cubic Zirconia Dainty Double Heart Pendant Necklace Mother's Day Jewelry Gift Birthday Gift for Mom Women Wife Daughter Her  ,$28.99
334,334 image.jpg,"Solid 14K Gold Filigree Hamsa Hand of Fatima with Evil Eye Charm Pendant, 14 k gold  ",$132.10
335,335 image.jpg,Necklace for Women Fashion Jewelry Bohemian Long Natural Stone Pendant Statement Silver Y Necklaces with Gift Box  ,$19.99
336,336 image.jpg,"Initial A-Z Letter Pendant Necklace Womens Mens Hexagon Capital Letter Yellow Gold/Platinum Plated 18+2"", Backside Customizable  ",$16.99
