ID,Image,Title,Price
1,1 image.jpg,Womens French Terry Fleece Pullover Hoodie  ,$27.50
2,2 image.jpg,Womens Long Sleeve Pullover Hoodies Drawstring Sweatshirts with Pocket  ,$31.58
3,3 image.jpg,3D Printing Hoodies Women and Men Sweatshirts Long Sleeve Sweater  ,$39.99
4,4 image.jpg,Youth 3D Games Hoodies Graphic Hooded Sweatshirt Printed Pullover with Pocket for Boys Girls  ,$38.99
5,5 image.jpg,"Mens Eversoft Fleece Sweatshirts & Hoodies, Moisture Wicking & Breathable  ",$22.73
6,6 image.jpg,mens Men's Fleece Hooded Sweatshirt  ,$24.07
7,7 image.jpg,"Men's Sweatshirt, EcoSmart Fleece Hoodie, Cotton-Blend Fleece Hooded Sweatshirt, Plush Fleece Pullover Hoodie  ",$29.44
8,8 image.jpg,Mens Midweight Sleeve Logo Hooded Sweatshirt  ,$79.99
9,9 image.jpg,Men's Standard Issue Pull Over Hoodie Cv0864-010  ,$270.64
10,10 image.jpg,Men's Black Adult Pullover Hooded Sweatshirt  ,$34.00
11,11 image.jpg,Women's Hooded Sweaters Long Sleeve Sweatshirt Stylish Loose Fit Casual Pullover Solid Tops S-XXL  ,$41.99
12,12 image.jpg,Men's Hooded Sweatshirt  ,$22.26
13,13 image.jpg,"2-Pack Men’s Fleece Hoodies, Pullover Sweatshirt Hoodie  ",$39.99
14,14 image.jpg,Mens EcoSmart Hooded Sweatshirt (P170)  ,$27.99
15,15 image.jpg,"Mens Eversoft Fleece Hoodies, Pullover & Full Zip, Moisture Wicking & Breathable, Sizes S-4x  ",$22.73
16,16 image.jpg,Mens Dri-Power Fleece Pullover Hood  ,$29.89
17,17 image.jpg,Men's Box NSE Pullover Hoodie  ,$79.95
18,18 image.jpg,Mens Hood Honcho Hd Pullover Hooded Sweatshirt  ,$156.75
19,19 image.jpg,Mens Sherpa-Lined Pullover Hoodie Sweatshirt  ,$33.76
20,20 image.jpg,Womens Oversized Sherpa Pullover Hoodie with Pockets Warm Soft Fuzzy Fleece Sweatshirt Fluffy Coat  ,$34.49
21,21 image.jpg,Men’s Long Sleeved Plaid Hooded Sweatshirts Patchwork Color Pullover Hoodies with Drawstring  ,$42.99
22,22 image.jpg,Custom Hoodies for Men Design Your Own Jacket Add Your Image Personalized Full Zipped Sweatshirt Winter Coat  ,$52.99
23,23 image.jpg,mens Reverse Weave Pullover Hoodie  ,$60.00
24,24 image.jpg,Men's Casual Colorblock Pullover Fashion Loose Fit Long Sleeve Graphic Trendy Drawstring Hoodie Sweatshirt  ,$48.78
25,25 image.jpg,Men's Powerblend Fleece Pullover Hoodie  ,$51.00
26,26 image.jpg,Mens Heavyweight Jersey with Hood  ,$53.52
27,27 image.jpg,Boys' Pullover Hoodie Sweatshirt  ,$20.40
28,28 image.jpg,Girls' Pullover Hoodie Sweatshirt  ,$23.20
29,29 image.jpg,Women Lightweight Hoodie Sweatshirt Casual Long Sleeve Pullover Tops  ,$36.99
30,30 image.jpg,Mens Hood Honcho Sport Pullover  ,$60.20
31,31 image.jpg,Harley-Davidson Men's Sweatshirt Willie G Skull H-D Pullover Black 30296648  ,$162.83
32,32 image.jpg,Comfy Women's Fall Winter Long Sleeve Casual Drawstring Pullover Hoodies Sweatshirts  ,$37.99
33,33 image.jpg,Women's Casual Hoodies Tops Long Sleeve Drawstring Pullover Sweatshirts Tops with Pocket  ,$31.99
34,34 image.jpg,Essential Hoodi Medium Thickness Quality Warm Long Sleeve Sweatshirt  ,$52.99
35,35 image.jpg,Mens Pullover Fleece Hoodie  ,$36.11
36,36 image.jpg,Women's Long Sleeve Casual Drawstring Pullover Sweatshirts Hoodies Coats  ,$38.99
37,37 image.jpg,Mens Big Tall Pullover Fleece Hoodie  ,$39.99
38,38 image.jpg,Mens Men's NSW Club Pullover Hoodie Jersey  ,$133.55
39,39 image.jpg,Mens Basic Fleece Pullover Hoodie  ,$38.00
40,40 image.jpg,Women's Casual Hoodies Button Down Sweatshirts V Neck Fall Winter Tops  ,$42.99
41,41 image.jpg,Men's Hooded Fleece Sweatshirt  ,$33.40
42,42 image.jpg,Mens Big Logo Armourfleece Hoodie  ,$41.97
43,43 image.jpg,Womens Oversized Hoodie Extra Long Hooded Tunic Sweatshirt with Pockets  ,$45.99
44,44 image.jpg,Men's Hoodie  ,$173.51
45,45 image.jpg,Womens Fuzzy Long Sleeve Drawstring Hoodies Sherpa Pullover Sweaters Winter Warm Tunic Tops Sweatshirts  ,$44.99
46,46 image.jpg,Mens Graphic Powerblend Fleece Pullover Hood  ,$71.44
47,47 image.jpg,Men's UA Rival Lock Up Hoodie Fleece Pullover 1366724  ,$182.58
48,48 image.jpg,"Women Mama Mommy Mom Bruh Pullover Hoodie,MA Mama Mom Bruh Sweatshirt for Women  ",$48.59
49,49 image.jpg,Hoodies for MenZip Up Fleece Warm Thick Coats Heavyweight Sweatershirts Winter Sherpa Lined Hooded Jacket  ,$59.99
50,50 image.jpg,Mens Hoodies Plus Size Long Sleeve Cartoon Funny Graphic Printed Casual Pullovers Sweatshirts  ,$38.99
51,51 image.jpg,Men's Pullover Hooded Sweatshirt Long Sleeve Drawstring Hoodies with Pocket  ,$40.99
52,52 image.jpg,Women's Button Down Henly Shirts Long Sleeve V Neck Drawstring Sweatshirt Hoodie Tunic Tops  ,$35.99
53,53 image.jpg,Cayde 6 Hoodie Pullover Sweatshirt Game Cosplay Costume Zip Up Jacket for Unisex  ,$39.99
54,54 image.jpg,Men's Tech Stretch Long-Sleeve Performance Pullover Hoodie  ,$24.88
55,55 image.jpg,Mens Men's Dri Power Hooded Pullover Sweatshirt  ,$43.29
56,56 image.jpg,"Hoodies for Men – Pullover Fleece Mens Hoodie Sweatshirt, (Sizes M-6X)  ",$22.81
57,57 image.jpg,Mens Pull Over Hoodie  ,$146.96
58,58 image.jpg,"Mens Eversoft Fleece Sweatshirts & Hoodies, Moisture Wicking & Breathable, Sizes S-4x  ",$22.46
59,59 image.jpg,Men's Standard Lightweight Jersey Pullover Hoodie  ,$32.10
60,60 image.jpg,Mens Casual Pullover Hoodie Long Sleeve Cotton Hooded Sweatshirts with Kanga Pocket  ,$35.99
61,61 image.jpg,Womens Hoodies Long Sleeve Sweatshirt Crew Neck Drawstring Casual Hooded Pullover Tops  ,$37.99
62,62 image.jpg,Men’s Hoodie Pullover Hooded Sweatshirt Casual Long Sleeves Navy Blue  ,$26.99
63,63 image.jpg,Men Boys Unisex Long Sleeve 3D Funny Print Hoodies Big Pockets Sweatshirt  ,$30.16
64,64 image.jpg,Womens UPF50+ Long Sleeve UV Sun Protection Shirts Quick Dry Rash Guard  ,$30.98
65,65 image.jpg,Women's Hiking Shirts Hoodie UPF 50+ Sun Protection Quick Dry Lightweight Long Sleeve Sweatshirts Thumb Hole  ,$29.99
66,66 image.jpg,"Womens Reverse Weave Oversized Hoodie, Oversized Hoodie for Women  ",$82.50
67,67 image.jpg,"Harley-Davidson Men's Lightning Crest Pullover Hooded Sweatshirt, Black  ",$170.14
68,68 image.jpg,Womens Hoodie Casual Sweatshirts Color Block Long Sleeve Drawstring Hooded Pullover Shirt with Pocket  ,$37.99
69,69 image.jpg,Men’s Ultimate Cotton Heavyweight Pullover Hoodie Sweatshirt  ,$78.54
70,70 image.jpg,Womens Casual Hoodies Long Sleeve Drawstring Pullover Hooded Sweatshirts Ladies Basic Blouses Tops with Pocket  ,$42.99
71,71 image.jpg,Mens B&t Midweight Original Fit Hooded Pullover Sweatshirt K121  ,$79.99
72,72 image.jpg,Mens Sherpa Lined Full-Zip Hooded Fleece Sweatshirt  ,$44.37
73,73 image.jpg,Essentials Hoodie Long Sleeve Hip Hop Unisex Novelty Pullover Hoodie Letter Hooded Sweatshirt  ,$54.98
74,74 image.jpg,Men's Tribal Aztec Printed 1/4 Zip Fuzzy Sherpa Pullover Sweatshirt Hoodie  ,$64.86
75,75 image.jpg,"Mens Powerblend Fleece Pullover Hoodie, Fashion (Retired Colors)  ",$144.26
76,76 image.jpg,"2-Pack Lightweight Men’s Long Sleeve Shirts with Hood, Quick Dry Performance Hoodies  ",$37.99
77,77 image.jpg,"Pullover Heated Hoodie with Battery Pack 7.4V for Unisex with 5 Heating Zones, Heated Sweatshirt for Men and Women  ",$143.99
78,78 image.jpg,Hoodies Women Color Block Sweatshirt Long Sleeve Casual Fleece Hoodie Crewneck Pullover with Pocket Drawstring  ,$20.99
79,79 image.jpg,Mens Rain Defender Paxton Heavyweight Hooded Sweatshirt  ,$114.99
80,80 image.jpg,"Heated Hoodies for Men Women, Heated Sweatshirt Hooded Pullover, Heating Jacket Unisex Hunting Fishing Work Clothes  ",$99.99
81,81 image.jpg,Girls Fleece No. 1 Logo Pullover Hoodie  ,$50.84
82,82 image.jpg,Women Solid Basic Fleece Letter Loose Hoodie Sweatshirt Long Sleeve Kangaroo Pocket Drop Shoulder Pullovers Top  ,$64.46
83,83 image.jpg,Men’s Dri-Power Fleece Pullover Hood  ,$35.30
84,84 image.jpg,Contrast Color Pullover Hoodie Mens Patchwork Hoodies Men  ,$42.41
85,85 image.jpg,Womens Sport Performance Fleece Pullover Hoodie  ,$53.52
86,86 image.jpg,Zip Up Hoodies for Women Casual Long Sleeve Zip Hoodie Warm Winter Long Hoodie Jacket Sweatshirt Coat with Pocket  ,$32.99
87,87 image.jpg,Kanye Lucky Me I See Ghosts Hip Hop Mens Pullover Hoodie Womens Fashion Sweatshirt Boy Girl Clothes  ,$45.99
88,88 image.jpg,Mens Sweatshirt Color Block Casual Lightweight Hoodies Outdoor Athletic Pullover  ,$45.98
89,89 image.jpg,Men's Hooded Sweatshirt Hipster Gym Long Sleeve Drawstring Hooded Plaid Jacquard Pullover Hoodies  ,$43.99
90,90 image.jpg,Mens Essentials 3-Stripes Pullover Hoodie  ,$156.74
91,91 image.jpg,Men's Casual Pullover Hoodies Long Sleeve Hooded Plaid Jacquard Sweatshirts Kanga Pockets  ,$42.99
92,92 image.jpg,Color Block Hoodies for Women Long Sleeve Casual Tops Striped Pullover Sweatshirt with Pocket(S-3XL)  ,$35.99
93,93 image.jpg,Women's Fleece Lined Collar Cropped Hoodie Long Sleeve Half Zip Pullover Loose Fit Workout Hooded Sweatshirt Sweater  ,$54.85
94,94 image.jpg,Womens Half Zip Cropped Pullover Sweatshirts Fleece Quarter Zipper Hoodies Winter Clothes Sweater Thumb Hole  ,$70.15
95,95 image.jpg,Men's Popular Long Sleeve Athletic Hoodies Kangaroo Pockets Drawstring Pullover Hoodie Hooded Sweatshirt  ,$35.99
96,96 image.jpg,Long Sleeve Sweatshirt for Women Mama Bear Printed Pullover Hoodie Tunic Top  ,$31.99
97,97 image.jpg,Hoodies-for-Men Sweatshirt Pullover Hooded Solid Essentials Lightweight Workout  ,$46.90
98,98 image.jpg,Men's Comfortable Long Sleeve Athletic Hoodies Kangaroo Pockets Drawstring Pullover Hoodie Hooded Sweatshirt  ,$35.99
99,99 image.jpg,"Blanket Hoodie, Oversized Sherpa Wearable Blanket Sweatshirt with Giant Pocket for Women & Men  ",$25.99
100,100 image.jpg,Women's Zip Up Hoodies Teen Girl Fall Jacket Oversized Sweatshirts Casual Drawstring Clothes Zip Up Hoodie with Pocke  ,$40.99
101,101 image.jpg,Mens HH Logo Pullover Hooded French Terry Sweatshirt  ,$86.00
102,102 image.jpg,Men Women Fleece Hoodies 3D Novelty Pullovers Funny Hooded Sweatshirt with Pocket for Winter  ,$37.99
103,103 image.jpg,Women's Box NSE Pullover Hoodie  ,$79.95
104,104 image.jpg,Canada Dual Flags by 6ixset - Adult Pullover Hoodie  ,$59.99
105,105 image.jpg,Lightweight Sweaters for Women Long Sleeve Striped Tops Knit Color Block Hoodies  ,$27.59
106,106 image.jpg,Womens Luge Pullover Hoodie  ,$102.54
107,107 image.jpg,Mens Novelty Color Block Hoodies Cozy Sport Outwear  ,$39.99
108,108 image.jpg,Men's T-Shirt Casual Cotton Spandex Striped Crewneck Long-Sleeve T-Shirt Basic Pullover Stripe Man tee Shirt  ,$29.99
109,109 image.jpg,Unisex Kids Soft Pullover Hooded Sweatshirt with Pocket Basic Hoodies Sportswear Age 4-13 Years  ,$24.99
110,110 image.jpg,Cat Long Sleeve Hoodie for Women Men Adults  ,$37.85
111,111 image.jpg,Womens Hoodies Fleece Lined Collar Pullover 1/2 Zipper Sweatshirts Long Sleeve Crop Tops Sweater Thumb Hole  ,$80.48
112,112 image.jpg,Women's Long Fleece Sweatshirt Hoodie Pullover Dress Plus Size  ,$65.99
113,113 image.jpg,Moniku Among Costume Us That Boy Sus Printed Unisex Sweatshirt Hoodie (X-Large) Black  ,$34.99
114,114 image.jpg,"Oversized Wearable Hoodie Blanket Sweatshirt for Women Men Adult Super Soft Warm Sherpa Giant Blanket Hoodie Pullover with Front Pocket One Size Fits All,Pink  ",$41.98
115,115 image.jpg,"Class 3 High Visibility Sweatshirt ,Hooded Pullover,Hi Vis Safety Hoodie Pullover Sweatshirt …  ",$76.81
116,116 image.jpg,Women's Rival Fleece Pull-Over Hoodie  ,$60.00
117,117 image.jpg,"Men’s Fleece Crewneck Sweatshirt, Style G18000  ",$22.78
118,118 image.jpg,Womens Pullover Fleece Hoodie  ,$92.71
119,119 image.jpg,Womens Long Sleeve Tops Lapel Zipper Casual Sweatshirt Loose Pullover Shirts Activewear Running Jacket  ,$38.99
120,120 image.jpg,Womens Drawstring Hoodies Sweatshirts with Pockets Floral Print Long Sleeve Pullover Tunic Tops with Pockets  ,$34.99
121,121 image.jpg,Naruto: Shippuden Adult Unisex Akatsuki Frames Pull Over Fleece Hoodie  ,$140.26
122,122 image.jpg,Anime Pattern Printed Pullover Hoodie Unisex Akatsuki Outerwear Lightweight Sweatshirt  ,$36.99
123,123 image.jpg,Hooded Pullover Sweat Shirt Heavy Blend 50/50 7.75 oz (Style# 18500)  ,$28.66
124,124 image.jpg,Drew Hoodie House Smiley Face Sweater Men Women Unisex Pullover Plus Fleece Hip Hop Hoodies  ,$54.98
125,125 image.jpg,Unisex 3D Galaxy Printed Hoodies Pullover Hooded Sweatshirts  ,$25.98
126,126 image.jpg,Big and Tall Hoodie for Men – Pullover Fleece Men’s Hoodie  ,$48.13
127,127 image.jpg,Men's Tie Dye Hoodie Fleece Lined Thick Pullover Graphic Sweatshirt  ,$56.99
128,128 image.jpg,Women's Half Zip Hoodies Long Sleeve Fleece Lined Crop Pullover Sweatshirts with Pockets Thumb Hole  ,$52.99
129,129 image.jpg,Boys' Fleece Zip-up Hoodie  ,$25.80
130,130 image.jpg,Trendy Hoodie Hip Hop Couples Sweatshirt Fashion Hooded Pullover for Men Women Big Kids  ,$69.99
131,131 image.jpg,"2-Pack Boys Hoodies, Pullover Fleece Sweatshirt Hoodies for Kids (2pcs Set)  ",$30.49
132,132 image.jpg,Striped Color Block Hoodies for Womens Long Sleeve Pullover Sweatshirts  ,$33.99
133,133 image.jpg,"Pioneer V2570170-M Flame Resistant Heavyweight Safety Hoodie, Pullover, Black, M  ",$178.97
134,134 image.jpg,Womens Cropped Logo Pullover Hoodie  ,$44.45
135,135 image.jpg,"Men's Rain Defender Paxton Heavyweight Sweatshirt,New  ",$112.00
136,136 image.jpg,Mens Mw Logo Hoody Hooded Fleece Sweatshirt  ,$83.83
137,137 image.jpg,Amazon Brand - Goodthreads Men's Pullover Fleece Hoodie  ,$47.10
138,138 image.jpg,Womens Casual Button V Neck Hoodies Oversized Pullover Sweatshirt Hooded Tops with Pockets  ,$43.99
139,139 image.jpg,Womens Camo Leopard Casual Hoodies Long Sleeve Drawstring Pullover Hooded Sweatshirts Tops with Pocket  ,$31.99
140,140 image.jpg,"Cute Cat Ear Hoodie for Women Plus Size Gothic Tops Long Sleeve Sweatshirt Teen Girls Bandage Shoulders Pullover (S, C-Black)  ",$31.99
141,141 image.jpg,mens Pullover  ,$28.66
142,142 image.jpg,Women's Lightweight Casual Pullover Hoodies Sweatshirts  ,$36.99
143,143 image.jpg,Womens Fuzzy Long Sleeve Drawstring Sherpa Hoodies Pullover Sweaters Warm Soft Fleece Sweatshirt Outwear  ,$32.99
144,144 image.jpg,Men's Fashion Hoodie Sweatshirt Pure Color Casual Pullover with Drawstring  ,$27.99
145,145 image.jpg,Women's Zip Up Hoodies Oversized Sweatshirt with Pocket Casual Long Sleeve Fall Jackets  ,$41.99
146,146 image.jpg,Men's Rain Jacket Waterproof Raincoat Windbreaker Hoodie Packable Pullover Cycling Bike Running Gym Poncho Shell  ,$36.99
147,147 image.jpg,Women's Casual Long Sleeve Deep V Neck Henley Shirts Oversized Button Down Sweatshirt Hoodies Pullover Tops S-XXL  ,$43.99
148,148 image.jpg,Women's Causal Cut Out Front Crop Top Long Sleeve Drawstring Sweatshirt Hoodie  ,$49.34
149,149 image.jpg,Mens Pullover Hoodie Long Sleeve Hooded Sweatshirt Casual Hoodies Square Pattern  ,$42.99
150,150 image.jpg,Men’s Half Dome Pullover Hoodie Sweatshirt  ,$79.95
151,151 image.jpg,Womens Fuzzy Sherpa Hoodies Pullover Zip Fleece Sweatshirt Outwear  ,$42.98
152,152 image.jpg,MEN'S NIKE THERMA PULLOVER HOODIE  ,$155.17
153,153 image.jpg,Men's Casual Henley Hoodies Solid Color Raglan Sweatshirts Long Sleeve Cotton Hooded Shirt  ,$26.34
154,154 image.jpg,"Winthome Blanket Hoodie Oversized Teddy Fleece Wearable Blanket with Pockets Soft Blanket Sweatshirt for Women Adults (M, Pink&White)  ",$29.99
155,155 image.jpg,Contrast Color Hoodies Men Pullover Hoodie Patchwork Hoodies  ,$41.80
156,156 image.jpg,"Men's Pull Over Hoodie, White/White/Black, Medium  ",$108.49
157,157 image.jpg,Boys Sweater Striped Pullover 100% Cotton Boys Hoodies Knit Sweatshirts for Size 5-12 Years  ,$36.99
158,158 image.jpg,"Oversized Wearable Hoodie Blanket Sweatshirt for Women Men Adult Super Soft Warm Sherpa Giant Blanket Hoodie Pullover with Front Pocket One Size Fits All,Navy Blue  ",$37.98
159,159 image.jpg,Women Sherpa Pullover Fuzzy Fleece Button Sweatshirt Warm Coats Loose Hoodies with Pocket  ,$38.23
160,160 image.jpg,Women's UA Rival Fleece Sportstyle Graphic Hoodie Pullover Big And Tall 1353781 Plus size  ,$148.88
161,161 image.jpg,Mens Monogram Logo-Hoodie  ,$103.99
162,162 image.jpg,Men's Hiking Hoodie Shirts Lightweight Long Sleeve Workout Activewear Tops SPF UPF 50+ Sun Protection Fishing Sunshirt  ,$29.99
163,163 image.jpg,Fear of God Essentials Hoodie Letter Print Loose Oversized Long Sleeve Sweatshirt for Men Women Big Kids Unisex  ,$44.99
164,164 image.jpg,Womens Hoodies Sweatshirt Ladies Fall Casual Pullover Long Sleeve Button up V Neck Tops Shirts  ,$38.99
165,165 image.jpg,Mens Reverse Weave Full-Zip Hoodie  ,$100.35
166,166 image.jpg,Men's Fashion Full-Zip Hoodies Jacket Slim Fit Athletic Pullover Fluorescent Zipper Stitching Sweatshirts  ,$35.88
167,167 image.jpg,Men's Fleece Hoodie Jacket Sherpa Full Zip Winter Sweatshirt Fuzzy Fleece Jumper Tops Warm Hoodless Long Sleeve Coat  ,$31.38
168,168 image.jpg,Mens Fleece Zip Hooded Sweatshirt  ,$25.41
169,169 image.jpg,"Hoodie Blanket Wearable Sweatshirt, Cozy Fleece Pullover Oversized Sherpa Throw, Great Gift for Women and Men  ",$22.99
170,170 image.jpg,Men's Project Rock Warm-up Hoodie Pullover 1369937  ,$255.10
171,171 image.jpg,Men's Sweater Pullover Long Sleeve Solid Classic Knitted Sweater with Hood  ,$45.99
172,172 image.jpg,Women's UA Velocity Wordmark Hoodie Light Pullover  ,$72.80
173,173 image.jpg,"mens Ultimate Cotton Heavyweight Pullover Hoodie Sweatshirt ,Light Steel,3X-Large  ",$30.71
174,174 image.jpg,"Womens Powerblend Relaxed Hoodie for Women,Hooded Sweatshirts for Women, Script  ",$48.42
175,175 image.jpg,Men's Baseline Fleece Hoodie  ,$143.47
176,176 image.jpg,Men's Ultimate Heavyweight Fleece Sweatshirt  ,$22.99
177,177 image.jpg,Women's Hooded Pullover Sweatshirts Half Zipper Crop Hoodie Fleece Lined Collar Zip Up Hoodies Cropped Long Sleeve Tops Large 1 Pink  ,$73.61
178,178 image.jpg,mens Essentials Fleece Hoodie  ,$65.00
179,179 image.jpg,Smokey Bear Hoodie - Keep It Green Hooded Smokey Bear Sweatshirt  ,$61.99
180,180 image.jpg,Essentials Pullover Lightweight Long Sleeve Hoodie  ,$25.99
181,181 image.jpg,Boys Girls 3D Cool Pullover Hoodies Novelty Hooded Sweatshirt Long Sleeve Hoody with Big Pocket 6-16 Years  ,$35.99
182,182 image.jpg,"Russell Athletic Big and Tall Hoodies for Men – Fleece Hoodie Graphic Pullover, Heather Grey, 3X Tall  ",$48.13
183,183 image.jpg,Men Women 3D Cool Hooded Sweatshirts Novelty Funny Pullover Hoodies with Pocket  ,$36.99
184,184 image.jpg,Mens Autumn And Winter Casual Loose Solid Hooded Sweater Top Men Thick Hoodies  ,$24.53
185,185 image.jpg,Womens Fuzzy Long Sleeve Drawstring Hoodies Pullover Zip Fleece Sweatshirt Outwear Sweater with Pockets  ,$29.99
186,186 image.jpg,Women's Solid Basic Fleece Letter Loose Hoodie Sweatshirt Long Sleeve Kangaroo Pocket Drop Shoulder Pullovers Top Large Black  ,$64.46
187,187 image.jpg,Women′s Half Zip Hoodies Long Sleeve Fleece Lined Pullover Sweatshirts Lounge Athletic Crop Tops with Pocket  ,$62.62
188,188 image.jpg,Women Casual Hoodies Sweatshirt Striped Color Block Drawstring Long Sleeve Pullover Shirt  ,$16.99
189,189 image.jpg,Men's Casual Hoodies Sweatshirt Hipster Gym Long Sleeve Drawstring Plaid Jacquard Pullover Hooded  ,$41.99
190,190 image.jpg,Mens Gym Sweatshirt Athletic Hoodie Short Sleeve Pullover Hooded Workout Sports T-Shirt  ,$27.99
191,191 image.jpg,Mens Full-Zip Hooded Fleece Sweatshirt  ,$28.48
192,192 image.jpg,"Men's Eversoft Fleece Sweatshirts & Hoodies, Moisture Wicking & Breathable, Sizes S-4x, Pullover - Khaki Heather, Small  ",$21.88
193,193 image.jpg,Men's Pullover EcoSmart Fleece Hooded Sweatshirt  ,$23.10
194,194 image.jpg,Women's Fleece Script Hoodie Pullover  ,$166.55
195,195 image.jpg,Cozy Fleece Women’s Essential Pullover Hoodie – Casual Sweatshirts for Women  ,$37.95
196,196 image.jpg,Storm Transit Hoodie  ,$48.99
197,197 image.jpg,Unisex Novelty Fleece Hoodie 3D Cool Printed Drawstring Pullover Sweatshirt with Big Pockets  ,$30.88
198,198 image.jpg,Mens Big and Tall Pullover Fleece Hoodie Printed Script Logo  ,$68.76
199,199 image.jpg,Men's Fleece Lined Full Zip Long Sleeve Drawstring Hoodies Sweatshirt  ,$44.99
200,200 image.jpg,Men's Pullover Hoodies Plaid Jacquard Long Sleeve Drawstring Hipster Casual Hooded Sweatshirts with Kanga Pockets  ,$43.34
201,201 image.jpg,Double Dry Action Fleece Pullover Hood  ,$86.13
202,202 image.jpg,Womens Long Sleeve Color Block Pullover Sweaters Striped Tops Casual Hoodies Sweatshirts Jackets  ,$36.99
203,203 image.jpg,Womens Striped Hoodie Sweatshirt Pullover Tops Workout Athletic Pockets  ,$80.48
204,204 image.jpg,Tie Dye Print Hoodie Long Sleeve Drawstring Pullover Tops Loose Casual Sweatshirt for Women(S-XXL)  ,$37.99
205,205 image.jpg,Big and Tall Hoodie for Men – Big and Tall Mens Pullover Fleece Hoodies  ,$75.98
206,206 image.jpg,Women's Casual Color Block Hoodie Sweatshirts Long Sleeve Stripe Print Warm Tunic Pullover Tops  ,$72.83
207,207 image.jpg,I Paused My Game to Be Here Gifts for Men Gaming Apparel Gamer Hoodies  ,$41.99
208,208 image.jpg,Women Casual Hoodie Pullover Crewneck Long Sleeve Hooded Sweatshirt Teen Girls Fall Winter Top with Pocket  ,$49.99
209,209 image.jpg,Mens Casual Poncho Hooded Cape Cloak Asymmetric Hem Pullover Hoodie Sweatshirts  ,$37.99
210,210 image.jpg,XXBR Men's Hi-Vis Reflective Hooded Sweatshirt Long Sleeve Safety Road Work Pullover Hoodies Loose Casual Sweater Tops  ,$20.74
211,211 image.jpg,"Hoodies Tops Kids,Kids Girl's Fleece Hoodie Warm Loose Button Down Pullover Jacket Top Coat dg21  ",$21.99
212,212 image.jpg,Aztec Hoodies for Men Retro Tribal Graphic Tops Mens Cowboy Hoodie Western Ethnic Print Drawstring Hoodie Sweatshirts  ,$20.96
213,213 image.jpg,Womens Full Zipper Hoodies Fleece Lined Collar Pullover Sweatshirts Long Sleeve Crop Tops Sweater Thumb Hole  ,$79.35
214,214 image.jpg,Men's Hoodies Sweatshirts Casual Lightweight Long Sleeve Sports Athletic Hoodied  ,$28.99
215,215 image.jpg,Mens Trek Printed Hoodie  ,$68.61
216,216 image.jpg,Mens Blaquedout Pullover Hooded Fleece Sweatshirt  ,$73.66
217,217 image.jpg,Womens Active Long Sleeve Fleece Lined Fashion Hoodie Pullover with Plus Size  ,$49.71
218,218 image.jpg,2-Pack Men's Active Fleece Pullover Hoodie Sweatshirt (2pcs Set)  ,$42.49
219,219 image.jpg,"Mens Buckmark Hoodies, Warm Cotton-Blend Fleece Sweatshirt  ",$81.97
220,220 image.jpg,"Color-Blocking Splicing Fuzzy Pullover Hoodie with Long Sleeve Drawstring on Fall, Spring, Winter  ",$20.99
221,221 image.jpg,Hoodie for Men Big And Tall Mens Oversized Pullover Fleece Sweatshirt  ,$49.85
222,222 image.jpg,Women's Lightweight Hoodies Button Down Lapel Oversized Pullover Sweatshirts Long Sleeve Top with Pocket  ,$54.99
223,223 image.jpg,Hoodies for Women Flannel Jacket Women Plaid Shirts Casual Sweatshirt Tops Hooded Sweatshirts Color Block Pullover  ,$35.99
224,224 image.jpg,Mens Basic Logo II Hoodie  ,$25.26
225,225 image.jpg,Men's Hoodies Pullover Long Sleeve Drawstring Plaid Jacquard Sweatshirt with Pocket for Men Casual and Sport  ,$45.99
226,226 image.jpg,Womens Oversized Half Zip Pullover Long Sleeve Sweatshirt Quarter Zip Hoodie Sweater Teen Girls Fall Y2K Clothes  ,$63.34
227,227 image.jpg,Women's Chunky Long Batwing Sleeve Pullover Sweater Jumper Tops  ,$42.99
228,228 image.jpg,Mens Comfortwash Garment Dyed Hoodie Sweatshirt  ,$38.97
229,229 image.jpg,Mens Big and Tall Long Sleeve Pullover Jersey Lightweight Hoodie  ,$68.76
230,230 image.jpg,Women's Half Zip Hoodie Long Sleeve Cropped Sweatshirt Fleece Lined Collar Pullover Sweater  ,$115.28
231,231 image.jpg,Mens Graphic Pullover Hoodie  ,$85.92
232,232 image.jpg,Men's Contrast Color Pullover Hoodie Mens Patchwork Hoodies Men Black X-Small Black  ,$39.80
233,233 image.jpg,Unisex Pet Carrier Cat Dog Kangaroo Pouch Hoodies Pullover Long Sleeve Puppy Holder Sweatshirt  ,$31.99
234,234 image.jpg,Women Loose Casual Pullover Hoodies Button Down Clothes Long Sleeve Sweatshirts Teen Fall Tops with Pocket S-XXL  ,$16.99
235,235 image.jpg,Men's Shirts Long Sleeve Hoodies Quick Dry UV Sun Protection Shirt Rash Guard Hiking Fishing T-Shirt Thumb Hole  ,$31.98
236,236 image.jpg,"Oversized Wearable Hoodie Blanket Sweatshirt for Women Men Adult Super Soft Warm Sherpa Giant Blanket Hoodie Pullover with Front Pocket One Size Fits All,Grey  ",$39.98
237,237 image.jpg,Mens Pullover Hooded Fleece  ,$134.99
238,238 image.jpg,Striped Color Block Hoodies for Womens Long Sleeve Pullover Sweatshirts Color Block Striped Pullover Top  ,$19.99
239,239 image.jpg,Men’s Hoodie Pullover Hooded Sweatshirt Casual Long Sleeves Pink  ,$22.99
240,240 image.jpg,Women's Ultra Soft Fleece Midweight Casual Boyfriend Relaxed Fit Pullover Hoodie  ,$33.37
241,241 image.jpg,Womens Zip Up Fuzzy Fleece Sweater Jacket Casual Oversized Sherpa Hoodie Fluffy Coat with Pockets  ,$46.99
242,242 image.jpg,Mens Long-Sleeve Slub Thermal Pullover Hoodie  ,$31.00
243,243 image.jpg,Oversized Hoodie Sweatshirt Kids Flannel Wearable Super Soft Warm TV-Blanket  ,$36.99
244,244 image.jpg,"Children's Hoodies,Cartoon Hoodie Family Games Tops Hoody Unisex Pullover Sweatshirts Hooded Tops for Boys Girls Kids  ",$32.99
245,245 image.jpg,Mens Hart Mountain II Hoodie  ,$69.41
246,246 image.jpg,Women's V Neck Hoodies Long Sleeve Sweatshirt Drawstring Pullover Tops with Pocket  ,$37.16
247,247 image.jpg,Hooded Sweatshirts for Women Hoodies Pullover Casual Sports Top Button Down Shirt with Pockets  ,$52.99
248,248 image.jpg,Women's Cotton Hoodies Full Zip Athletic Running Jacket Top with Thumb Holes  ,$67.00
249,249 image.jpg,Mens 2 Pack Lightweight Full Zip Up Hoodie Hooded Active Sweatshirt  ,$33.99
250,250 image.jpg,Men's Pullover Hoodies 1/4 Zip Long Sleeve Drawstring Hooded Sweatshirts with Zipper Pocket for Men Sport  ,$45.99
251,251 image.jpg,Mens Boxed Logo Fleece Pullover Hoodie  ,$75.99
252,252 image.jpg,Hoodie Japanese Anime Pullover Sweatshirt Long Sleeve for Men Women  ,$35.99
253,253 image.jpg,Men’s Powerblend Pullover Hoodie  ,$45.20
254,254 image.jpg,Men's Hoodie Color Block Tie Dye Drawstring Hooded Pullover Novelty Long Sleeve Sweatshirt Tracksuits Tops for Teens  ,$43.62
255,255 image.jpg,Wome's Hooded Pullover Sweatshirts Half Zipper Crop Hoodie Fleece Lined Collar Zip Up Hoodies Cropped Long Sleeve Tops Small 1 Light Grey  ,$73.61
256,256 image.jpg,Mens Authentic Originals Sueded Pullover Hoodie  ,$51.13
257,257 image.jpg,Boys' Girls Mario Print Hoodie Super Funny Pullover Sweatshirts for Boys and Girls Tops Gaming Jumper Clothes  ,$28.90
258,258 image.jpg,Men's Front Pouch Pocket Pullover Hood  ,$46.20
259,259 image.jpg,Womens Mama Bear Printed Hoodie Long Sleeve Drawstring Hooded Pullover Sweatshirt  ,$26.99
260,260 image.jpg,Womens Half Zip Pullover Sweatshirts Quarter Zip Oversized Fleece Hoodies Teen Girls Y2K Fall Winter Clothes  ,$59.89
261,261 image.jpg,Women’s Hoodie Pullover Hooded Sweatshirt Casual Long Sleeves Black  ,$23.97
262,262 image.jpg,"Women's Autumn And Winter Sweatshirts Fleece Loose Pet Hooded Pullover Cute Cat Dog Large Pouch Zippe Hoodies for Women, Purple, X-Large  ",$43.58
263,263 image.jpg,Women Stripe Pocket Knee Length Slim Casual Pullover Hoodie Dress  ,$28.88
264,264 image.jpg,Women Long Sleeve Hoody Tops V Neck Loose Lightweight Hoodie Casual Shirts Sweatshirts Tunic  ,$30.99
265,265 image.jpg,Mens Authentic Originals Sueded Fleece Pullover Hoodie  ,$38.98
266,266 image.jpg,Men's UA Rival Terry Pullover Hoodie 1369470  ,$79.79
267,267 image.jpg,Women's Casual Tie Dye Crop Sweatshirt Top Drawstring Workout Hoodies  ,$28.66
268,268 image.jpg,Mickey Mouse Toddler Boys Pullover Hoodie Red 2T  ,$27.22
269,269 image.jpg,Women's Cute Sweatshirts Long Sleeve Hoodie Skateboarding Frog Printed Fleece Hooded Pullover Top  ,$30.99
270,270 image.jpg,Fashion Adult Dreamwastaken Dream Smile Merch Stripe Hoodie Pullover Sweatshirt for Men Women Funs  ,$19.90
271,271 image.jpg,Womens Fuzzy Hoodies Zip Up Hoodie Fleece Pullover Oversized Pockets Hooded Sweatshirt Jacket  ,$38.99
272,272 image.jpg,Women Hoodie Minnie Mouse Peeking Pullover Sweatshirt  ,$67.79
273,273 image.jpg,Men's Crewneck Sweatshirt Long Sleeve Casual Warm Fleece Pullover  ,$39.98
274,274 image.jpg,"Oversized Wearable Hoodie Blanket Sweatshirt for Women Men Adult Super Soft Warm Sherpa Giant Blanket Hoodie Pullover with Front Pocket One Size Fits All,Wine  ",$41.98
275,275 image.jpg,Girls Zip Up Hoodie Jacket Casual Long Sleeve Loose Sweatshirt with Pocket  ,$28.89
276,276 image.jpg,Women's Floral Printed Casual Long Sleeve Hoodie Pullover Sweatshirts  ,$33.99
277,277 image.jpg,Men's Sherpa Full Zip Fleece Hoodie Jacket Autumn Winter Sweatshirt Fuzzy Fleece Jumper Tops Warm Long Sleeve Coat  ,$32.83
278,278 image.jpg,Men Hoodie No String Pullover Fleece Hoodies for Men Casual Hoodies Cotton Blend Hooded For Men Fleece Oversize Tops  ,$61.87
279,279 image.jpg,Men's Color Block Pullover Hoodies Casual Long Sleeve Hooded Sweatshirt Drawstring Athletic Shirts with Pocket  ,$47.98
280,280 image.jpg,Womens Mens Graphic Printed Skull Hoodie Skeleton Hooded Pullover Sweater  ,$47.52
281,281 image.jpg,Women's Casual Solid Color Drawstring Hoodie Long Sleeve Tops with Kangaroo Pockets  ,$27.19
282,282 image.jpg,"Mens Originals Men’s Pullover Hoodie, Tri-Blend Jersey  ",$30.02
283,283 image.jpg,Womens Fleece Pullover Cute Bear Hoodie with Ears Fluffy Coat Warm Plush Sweatshirt Teen Girls Long Sleeve Outerwear  ,$28.99
284,284 image.jpg,Men's UA Rival Fleece Cotton Hoodie Pullover 1366723  ,$69.45
285,285 image.jpg,Womens Couple Sweatshirt Casual King Queen Pullover Hoodie  ,$35.00
286,286 image.jpg,Men Women Creative Hoodie/Zippers Hooded Pullover/Crew Neck Sweatshirt/Unisex T-Shirt with Peterbilt Logo Hoodie-L  ,$45.99
287,287 image.jpg,Women Thin Striped Hoodies Drawstring Hooded Long Sleeve Shirts Tops Color Block Pullover Fall Winter  ,$19.99
288,288 image.jpg,Moniku Among Costume Us That Boy Sus Printed Unisex Sweatshirt Hoodie (Small) Black  ,$39.99
