ID,Image,Title,Price
1,1 image.jpg,"6Pcs Championship Rings Set,Football Gifts Compatible for Patriots Super Bowl for Men Women,New England Replica Decorations for Brady Memorabilia Party Merchandise Supplies Accessories  ",$89.99
2,2 image.jpg,"2pcs Warriors Championship Rings Set,Golden State Basketball Gifts for Men,Replica Championship Rings, Metal, Created Diamond  ",$49.99
3,3 image.jpg,Handpicked AAA+ Quality Freshwater Cultured Pearl Earrings Leverback Dangle Stud Pearl Earrings  ,$25.95
4,4 image.jpg,"925 Sterling Silver Ring With a White Round Clear Cubic Zirconia CZ Prong, Hypoallergenic, Nickel and Lead-free, Artisan Handcrafted Designer Collection, Made in Israel, Sterling Silver, Cubic Zirconia  ",$46.00
5,5 image.jpg,112Pcs Simple Knuckle Midi Ring Sets Vintage Bohemian Hollow Silver&Gold Finger Stackable Rings for Women Rings Jewelry Gifts  ,$24.99
6,6 image.jpg,"68 Pcs Gold Knuckle Rings Set for Women, Stackable Rings Boho Joint Finger Midi Rings Silver Hollow Carved Crystal Stacking Rings Pack for Gift  ",$23.99
7,7 image.jpg,25-120 Pcs Knuckle Rings for Women Stackable Rings Set Bohemian Retro Vintage Joint Finger Rings Hollow Carved Flowers  ,$15.99
8,8 image.jpg,"Graduation Gifts for Her 2022,Love Friendship Rings 18k Titanium Steel Wedding Engagement Rings For Boyfriend Girlfriend Easter Gifts  ",$22.60
9,9 image.jpg,3CT 925 Sterling Silver Engagement Rings Oval Cut Solitaire Cubic Zirconia CZ Wedding Promise Rings for Her Wedding Bands for Women Size 3-11  ,$25.99
10,10 image.jpg,49PCS Vintage Silver Punk Rings Knuckle Rings Set for Men Women Snake Cross Flower Chunky Rings Open Adjustable Goth Punk Hip Hop Cool Midi Stackable Rings Pack  ,$23.99
11,11 image.jpg,Ring for Women Fashion 925 Sterling Stack Twisted Ring Cubic Zirconia Diamond Ring Wedding Party Women Jewelry  ,$7.98
12,12 image.jpg,3Pcs 925 Sterling Silver Open Adjustable Rings for Women Men Stackable Cross Arrow Heart Moon&Star Paperclip Rings Hypoallergenic Thumb Knuckle Simple Ring Set Size 6-9  ,$24.99
13,13 image.jpg,9Pcs Silver Open Rings Set Knot Adjustable Finger Ring Joint Ring Toe Ring Beach Jewelry Gifts for Women  ,$11.99
14,14 image.jpg,"Silver Goth Punk Rings Set for Men Girls,21PCS Cool Gothic Ring Pack for Eboy,Boho Chunky Knuckle Emo Rings for Women  ",$15.99
15,15 image.jpg,"82 Pcs Vintage Silver Knuckle Rings Set for Women, Bohemian Stackable Joint Finger Rings, Retro Stone Crystal Stacking Midi Rings Pack  ",$32.97
16,16 image.jpg,1.25 Carat Round 925 Sterling Silver CZ Engagement Wedding Band for Women Eternity Stackable Ring Silver/Gold/Rose Gold  ,$21.55
17,17 image.jpg,8PCS Open Rings Set for Women Arrow Knot Wave Rings Stackable Thumb Adjustable Rings Set  ,$9.98
18,18 image.jpg,"6Pcs Stainless Steel Fidget Band Rings for Women, Moon Star Spinner Rings, Anxiety ring Stress Relieving Band Ring Set  ",$14.49
19,19 image.jpg,14K Gold Plated Sterling Silver CZ Simulated Diamond Stackable Ring Eternity Bands for Women  ,$18.95
20,20 image.jpg,16 Pcs Punk Open Rings Set for Men Women Halloween Evil Eye Skull Snake Frog Hug Ring Vintage Stackable Jewelry  ,$16.99
21,21 image.jpg,"18K Yellow Gold Plated Sterling Silver Created Ruby July Fashion Ring, Size 7  ",$20.30
22,22 image.jpg,"Name ring, sterling silver personalized name cursive rings, MasterOfJewelry handmade name rings  ",$39.00
23,23 image.jpg,"Chloe name necklace, 925 sterling silver with gold plated name necklace, cursive chloe name necklaces  ",$39.00
24,24 image.jpg,Moissanite Engagement Rings for Women Wedding Rings 1.64ct D Color VVS1 Clarity Round Cut Moissanite Ring in Sterling Silver plated with 18K Gold  ,$69.99
25,25 image.jpg,16Pcs Stainless Steel Band Rings for Men Women Fidget Rings for Anxiety Cool Spinner Chain Rings Weddings Promise Band Rings Mens Rings Pack  ,$26.99
26,26 image.jpg,925 Sterling Silver Celtic Knot Rings for Women Minimalist Cross Line Open Rings Knuckle Rings Thumb Finger Rings Adjustable Simple Band Rings  ,$28.99
27,27 image.jpg,"Women's Lifelong Heart Ring Collection, Rose Gold Tone & Rhodium Finish, Clear Crystals, Rose Gold  ",$128.99
28,28 image.jpg,"10k Yellow Gold Diamond Heart Ring (1/10cttw, I-J Color, I2-I3 Clarity)  ",$264.90
29,29 image.jpg,Jewelry - Elevated Heart Cubic Zirconia Ring - Gift for Her - Sterling Silver  ,$111.96
30,30 image.jpg,Jewelry - Knotted Hearts Ring for Women in Sterling Silver  ,$58.90
31,31 image.jpg,0.38 Carat (ctw) 10K White Gold Diamond Bridal Heart Shape Engagement Ring Band Set  ,$976.83
32,32 image.jpg,Anxiety Rings for Women Sterling Silver Fidget Ring With Cubic Zircon Adjustable Stress Spinner Anxiety Ring for Daughter Women PABBEU  ,$12.32
33,33 image.jpg,"Moissanite Solitaire Engagement Ring for Women, Wedding band 925 Sterling Silver with 18K Gold Plated Lab Created Simulated Round Diamond Ring, Promise Wedding Rings  ",$49.99
34,34 image.jpg,Women Breathable Eternity Pattern Silicone Wedding Ring Wedding Bands Anniversary Rings 4mm Width - 1.5mm Thickness  ,$22.99
35,35 image.jpg,Sterling Silver Anxiety Ring for Women Moonstone Fidget Ring Open Adjustable Spinner Ring Relieving Stress Cat Eye Stackable Spinning Worry Ring Fidget Jewelry for Men  ,$22.99
36,36 image.jpg,Newshe Wedding Rings for Women Engagement Ring Sets Princess 925 Sterling Silver Cz 1.8Ct Size 4-13  ,$48.99
37,37 image.jpg,6Pcs Thick Chunky Dome Rings for Women 14k Gold Plated Ring Round Braided Twisted Signet Rings Trendy Stacking Minimalist Statement Ring Jewelry Size 6-11  ,$22.99
38,38 image.jpg,Sterling Silver Fidget Anxiety Ring for Women Sunflower Spinner Ring Open Adjustable Fidget Rings for Anxiety Relieving Stress CZ Flower Moon Star Stackable Rings Fidget Jewelry Women  ,$19.99
39,39 image.jpg,Silicone Wedding Rings for Men Breathable Airflow Inner Grooves - Step Edge Sleek Design Breathable Rubber Engagement Bands - 8mm wide - 2mm Thick  ,$19.99
40,40 image.jpg,9Pcs Stainless Steel Band Rings for Men Women Cool Fidget Spinning Chain Ring Anxiety Relief Fashion Simple Wedding Engagement Black Ring Set  ,$21.99
41,41 image.jpg,14K Gold Filled Rings for Women Stacking Rings Stackable Thin Gold Rings Simple Plain Pinky Thumb Statement Band Ring Comfort Fit 3Pcs 1mm 3mm  ,$15.99
42,42 image.jpg,97Pcs Wholesale Bohemian Knuckle Ring Set Hollow Gold Vintage Stackable Rings Knuckle Fashion Finger Midi Rings Set for Women  ,$24.99
43,43 image.jpg,12 Pcs Silver Stacking Rings for Teen Girls Simple Moon Infinity Rings Boho Knuckle Ring Set Stackable Rings for Women  ,$15.99
44,44 image.jpg,925 Sterling Silver Fidget Anxiety Ring for Women Moon Star Spinner Ring Open Adjustable Fidget Rings for Anxiety Relieving Stress CZ Stackable Rings Fidget Jewelry Women  ,$20.99
45,45 image.jpg,925 Sterling Silver Ring for Women Feather Angel Wings Rings Wedding Engagement Eternity Ring Adjustable Open Ring  ,$20.99
46,46 image.jpg,Precious 10k Yellow Gold Garnet Heart Proposal/Promise Ring with White Topaz (Size 7)  ,$139.20
47,47 image.jpg,"Sterling Silver Diamond Band Ring (1/20 cttw, I-J Color, I2-I3 Clarity)  ",$71.30
48,48 image.jpg,"S990 Sterling Silver Handmade Wide Band Ring High Polished Handmade Dome Ring Hammered Band Ring for Women Men, Adjustable to Size 5-11  ",$32.99
49,49 image.jpg,1.25CT 925 Sterling Silver Bridal Ring Sets Round CZ Engagement Rings Promise Rings for Her Wedding Bands for Women Size 3-11  ,$39.99
50,50 image.jpg,A.Yupha Stunning 4 CT Aquamarine Ring in Sterling Silver Vintage 925 Elegant Size 6-10 (8)  ,$3.98
51,51 image.jpg,14K Gold Plated Cubic Zirconia Twisted Rope Eternity Band for Women  ,$17.95
52,52 image.jpg,Women's Thin and Stackable Silicone Rings Wedding Bands - 2.5mm Width - 1.8mm Thick  ,$21.99
53,53 image.jpg,"Ring Size Adjuster with Measuring Tool for Loose Rings, Invisible Spiral Silicone Ring Resizer & Sizer Reducer Spacer Adjuster Set with Polishing Cloth Fits Most Rings  ",$8.99
54,54 image.jpg,BASIC 6mm 8mm 10mm Black Silver Men Tungsten Ring Wedding Brand for Men Women Matte Brushed Beveled Polished Edge  ,$26.99
55,55 image.jpg,"14Pcs Thin Stacking Rings Stainless Steel 1MM Knuckle Midi Ring for Women Girls Silver-Tone Gold-Tone,Size 3-9  ",$22.99
56,56 image.jpg,"9MM Black Two Tone Tungsten Carbide Men's Brushed Wedding Band Ring, Comfort Fit Sizes 8 to 13  ",$32.99
57,57 image.jpg,Fidget Anxiety Rings for Women Adjustable Band Rings Anxiety Relief Spinning Ring Women's Stacking Rings Fidget Spinner Ring  ,$19.99
58,58 image.jpg,3.5CT 925 Sterling Silver Rings Cushion Cut Cubic Zirconia CZ Engagement Rings Wedding Bands for Women Promise Rings for Her Size 3-11  ,$18.99
59,59 image.jpg,Sterling Silver Anxiety Fidget Ring for Women Anxiety Relief Bead Spinner Rings Handmade Opal Ring 18K White Gold Plated Anxiety Ring for Women Anti Anxiety Ring Size 5-10  ,$18.99
60,60 image.jpg,14K White Gold 1.07Cttw Lab Grown Oval Cut Diamond Engagement/Anniversary Ring With Hidden Halo - Size 7  ,"$4,000.00"
61,61 image.jpg,14K Gold Plated Rings Oval Cubic Zirconia Love Ring | 5mm Stackable Rings for Women | Gold Rings for Women  ,$20.95
62,62 image.jpg,Black Ring Gift Box with Foam  ,$25.48
63,63 image.jpg,NANA Mothers Ring Shared Prong 1 to 6 Stone Sterling Silver or Solid 10k Gold  ,$97.51
64,64 image.jpg,Infinity Mothers Rings w/ 1 to 6 Simulated Birthstones in Sterling Silver or 10K Gold  ,$97.56
65,65 image.jpg,"Two Name ring, sterling silver personalized two name cursive rings, MasterOfJewelry handmade name rings  ",$49.00
66,66 image.jpg,18K Gold Plated Astrology Zodiac Constellation Horoscope Necklace  ,$22.99
67,67 image.jpg,Custom Mothers Ring for Women with 1-8 Simulated Birthstones Personalized Name Ring for Mother Customized Engraved Family Ring Christmas Gift for Mom Grandma  ,$54.99
68,68 image.jpg,14K White Gold 12X10 MM Pear Gemstone & Round Diamond Ladies Circle Pendant (Silver Chain Included)  ,$913.10
69,69 image.jpg,"Bevel Classic Silicone Wedding Ring - Hypoallergenic Unisex Wedding Band - Comfortable Band for Active Lifestyle - 8mm Wide, 2.16mm Thick  ",$37.99
70,70 image.jpg,2mm Womens Titanium Eternity Rings Cubic Zirconia Wedding Engagement Band Size 3-12  ,$21.99
71,71 image.jpg,"Valentine's Jewelry 10K Rose Gold Natural Opal Diamond (I1,I2) Engagement Propose Promise Ring for Women  ",$527.11
72,72 image.jpg,18K White Gold Plated Cubic Zirconia Promise Halo Engagement Promise Eternity Ring for Women  ,$17.99
73,73 image.jpg,Silicone Wedding Rings for Men Breathable Airflow Inner Grooves - 7 Rings / 4 Rings / 1 Ring - Step Edge Breathable Edition Rubber Engagement Bands 10mm Wide - 2.5mm Thick  ,$21.99
74,74 image.jpg,3CT 925 Sterling Silver Engagement Rings Radiant Cut Solitaire Cubic Zirconia CZ Wedding Promise Rings for Her Wedding Bands for Women Size 3-11  ,$26.99
75,75 image.jpg,Smoke Ring  ,$66.00
76,76 image.jpg,Men Breathable Air Grooves Silicone Wedding Ring Wedding Bands - 7 Rings / 4 Rings / 1 Ring  ,$22.99
77,77 image.jpg,4Pcs Stainless Steel Signet Rings for Men Vintage Biker Rings Set Silver Spinner Ring Gold Band Pinky Thumb Rings Men's Ring for Dad Father Jewelry Gift  ,$21.99
78,78 image.jpg,12Pcs Gold Dome Chunky Rings for Women 18K Gold Plated Croissant Braided Twisted Stacking Round Signet Open Rings Adjustable…  ,$18.99
79,79 image.jpg,"Silicone Rings, Silicone Wedding Bands for Women - 5.5 mm wide - 2mm Thick  ",$17.60
80,80 image.jpg,1 Ct Center 6.4mm D Color Moissanite Engagement Wedding Rings 925 Sterling Silver Twisting Ring Personalized Promise Name Ring for Women Free Engraving  ,$299.99
81,81 image.jpg,"925 Sterling Silver Ring, Flat Plain Wide Band Ring Adjustable, Mens Womens Jewelry  ",$25.39
82,82 image.jpg,"Black Gothic Vintage Rings Set - 20-30 PCS Cool Punk Snake Claw Rings Set, Y2K Snake Claw Rings, Open Butterfly Star Stacking Ring Jewelry, Gift for Men Women Girls Boys  ",$16.99
83,83 image.jpg,Oval Lab Created White Opal Celtic Knot 925 Sterling Silver Band Ring  ,$21.00
84,84 image.jpg,Classic Promise Ring 925 Sterling Silver Oval Cut 3ct AAA CZ Zircon Engagement Rings for Women Cubic Zirconia Promise Halo Solitaire Engagement Ring Size 6-10  ,$9.98
85,85 image.jpg,2.66CT Wedding Engagement Rings Set for Women 925 Sterling Silver Cushion Halo CZ Wedding Bands Promise Bridal Ring for her Size 5-10  ,$55.99
86,86 image.jpg,2CT 925 Sterling Silver Engagement Rings for Women Round Cut 3-Stone Promise Rings for Her Cubic Zirconia CZ Wedding Bands Size 3-11  ,$25.99
87,87 image.jpg,6Pcs 20G Sterling Silver Nose Stud for Women Men Assorted Heart Star CZ Bone Nose Rings Stud Nose Piercing Jewelry  ,$21.99
88,88 image.jpg,Valentine's Jewelry 10K White Gold Natural Diamond & Genuine Aquamarine (Emerald Cut) Propose Promise Ring (Size 7) for Women  ,$797.90
89,89 image.jpg,Platinum-Plated Sterling Silver Swarovski Zirconia Three-Stone Ring Set  ,$60.90
90,90 image.jpg,12Pcs Adjustable Toe Rings for Women Girls Various Types Band Open Toe Ring Set Women Summer Jewelry  ,$21.99
91,91 image.jpg,14K Gold Plated Adjustable Created Opal Rings | Stacking Rings | Gold Rings for Women  ,$17.95
92,92 image.jpg,1 Carat Moissanite Engagement Ring Wedding Promise Platinum PlatedSterling Silver Solitaire Rings for Women  ,$39.99
93,93 image.jpg,Women Breathable Air Grooves Silicone Wedding Engagement Ring Wedding Bands 5.5mm - 12 Rings / 8 Rings / 4 Rings / 1 Ring  ,$22.99
94,94 image.jpg,Stainless Steel Keep Going Engraved Inspirational Gifts Adjustable Rings Jewelry for Men Women (Silver)  ,$12.99
95,95 image.jpg,Stainless Steel Spinner Ring for Anxiety Fidget Rings for Relieving Stress Anxiety Ring Sun Moon Stars Promise Engagement Ring Size 6-12  ,$15.99
96,96 image.jpg,White Night 925 Sterling Silver Black Diamond Onyx Square Men Ring Gemstone Man Fine Jewelry For Dad Mens Gifts For Him  ,$355.45
97,97 image.jpg,16 Stainless Steel Band Rings for Men Women Cool Fidget Spinning Chain Ring Anxiety Relief Wedding Engagement Black Ring Set Size 7-11  ,$25.99
98,98 image.jpg,"1 carat - 3 carat | IGI Certified Cushion Shape Lab Grown Diamond Engagement Ring | 14K Or 18K in White, Yellow Or Rose Gold | Solitaire Lab Diamond Ring | FG-VS1-VS2 Quality  ","$5,269.00"
99,99 image.jpg,Platinum-Plated Sterling Silver Round-Cut Swarovski Zirconia 3-Stone Anniversary Ring  ,$39.30
100,100 image.jpg,Love Friendship Rings Promise Gifts 18k Titanium Steel Valentines Day Wedding Engagement Anniversary Rings for Women Men Teen Girls or Boys  ,$19.99
101,101 image.jpg,6 Pcs Stainless Steel Rings for Women Set Silver Knuckle Rings Stackable Simple Carve Heart Wedding Bands Engagement Promise Eternity Bands Thumb Rings for Women  ,$18.99
102,102 image.jpg,37 Pieces Invisible Ring Size Adjusters Spiral Insert Invisible Strip Adjuster Perfect for Any Size Loose Rings with Polishing Cloth (3 styles)  ,$10.39
103,103 image.jpg,"4Pcs Anxiety Fidget Ring, Rings for Men Spinner Chain Ring Cool Stainless Steel Band Rings for ADHD Stress Relieving,EVBEA  ",$14.98
104,104 image.jpg,Spinner Ring for Women Men Fashion Stainless Steel Fidget Ring for Anxiety Sand Blast Finish 6MM / 8MM  ,$17.85
105,105 image.jpg,Classic 8mm 7mm 10mm Black Blue Tungsten Carbide Wedding Band Ring Men Women Polished Finish Grooved Center Comfort Fit  ,$29.99
106,106 image.jpg,3mm 14K Gold Filled Rings for Women Girls Stacking Stackable Band Thumb Pointer Finger Plain Ring Comfort Fit Size 5 to 10  ,$22.99
107,107 image.jpg,Men Breathable Air Grooves Silicone Wedding Ring Wedding Bands - 7 Rings / 4 Rings / 1 Ring - 8mm Width 2mm Thickness  ,$21.99
108,108 image.jpg,Silicone Rings for Men - 7 Rings / 4 Rings / 1 Ring - Breathable Edition Step Edge Rubber Engagement Bands - 8.4mm Width - 2.2mm Thickness  ,$13.54
109,109 image.jpg,"10k White Gold and Diamond Twist Ring (1/2 cttw, I-J Color, I3 Clarity)  ",$543.90
110,110 image.jpg,10-15PCS Women's 1MM Stainless Steel Plain Band Knuckle Stacking Rings Fashion Thin Midi Rings Comfort Fit Size 2-11  ,$26.99
111,111 image.jpg,18Pcs Vintage Knuckle Rings for Women Adjustable Chunky Rings Set Cute Finger Rings Pack  ,$21.99
112,112 image.jpg,Newshe Wedding Rings for Women Engagement Ring Sets Sterling Silver Cz 1.7Ct Princess Cross Size 4-13  ,$49.99
113,113 image.jpg,Love Friendship Ring Promise Gift Christmas Gifts 18K Titanium Steel Birthday Wedding Engagement Ring For Women Men  ,$18.99
114,114 image.jpg,14Pcs Fidget Rings for Anxiety for Women Adjustable Butterfly Sunflower Star Moon Spinner Rings Rotating Fidget Ring Set Stress Relief Gifts Fidget Jewelry  ,$23.99
115,115 image.jpg,Round Cut Moissanite Diamond Ring 2.11CT White Color 14K White Gold Excellent VVS1 Six Prong Pave Setting Solitaire Engagement Ring For Women Christmas Gift New Year Gift Wedding Gift For Her  ,$840.25
116,116 image.jpg,14k Yellow Gold Dolphins Adjustable Cute Toe Ring Set Fine Jewelry For Women Gifts For Her  ,$329.45
117,117 image.jpg,"Silicone Ring Men, Step Edge Rubber Wedding Band, 10mm Wide, 2.5mm Thick  ",$13.54
118,118 image.jpg,3CT 925 Sterling Silver Engagement Rings Oval Cut Cubic Zirconia CZ Wedding Promise Rings for Her Stunning Wedding Bands for Women Size 3-11  ,$25.99
119,119 image.jpg,"7 Packs Olive Leaves Silicone Wedding Rings for Women, Rubber Wedding Bands Stackable Ring, Hypoallergenic Silicone  ",$13.99
120,120 image.jpg,Asscher Cut Lucita Mothers Rings w/ 1 to 7 Simulated Birthstones in Sterling Silver or 10K Gold  ,$124.95
121,121 image.jpg,8MM Black Lord's Prayer Tungsten Ring Wedding Band Sizes 7 to 13  ,$28.99
122,122 image.jpg,3CT 925 Sterling Silver Engagement Rings 3-Stone Emerald Cut Cubic Zirconia CZ Wedding Promise Rings for Her Wedding Bands for Women Size 3-11  ,$25.99
123,123 image.jpg,Men's High Polish Beveled Edge Tungsten Carbide Ring Sizes 5 to 15  ,$23.99
124,124 image.jpg,6MM Multi-Faceted Tungsten Carbide Wedding Band Ring Sizes 5 to 15  ,$26.99
125,125 image.jpg,"Name necklace personalized, silver necklaces for women, personalized gifts, choker custom name necklace, sterling silver initial necklace for women  ",$49.00
126,126 image.jpg,Star Wars Lightsaber Collection - Dualtone Silicone Ring  ,$55.99
127,127 image.jpg,Platinum or Gold Plated Sterling Silver Swarovski Zirconia Antique Ring Set  ,$60.90
128,128 image.jpg,Thin Elements Silicone Ring by Enso Rings. Precious Metal Infused Silicone Rings.  ,$49.99
129,129 image.jpg,Disney Lilo & Stitch Silicone Ring - Comfortable and Flexible Design - Ohana and Experiment 626  ,$55.99
130,130 image.jpg,Anxiety Fidget Ring for Women Hammered Spinner Band Rings Love Spinner Heart Ring for Relief Mood Anxiety Relief Wide Band for Women  ,$17.99
131,131 image.jpg,Disney Silicone Ring - Valentine's Day Collection - Comfortable and Flexible Design - Mickey Mouse and Minnie Mouse  ,$55.99
132,132 image.jpg,DC Comics Green Lantern Power Rings | Lantern Corps Power Rings | 9-Ring Set  ,$92.00
133,133 image.jpg,Fidget Anxiety Rings for Women Spinner Fidget Rings for Anxiety Adjustable Cubic Zirconia Flower Butterfly Sunflower Bead Stress Relief Spinning Stackable Ring Set  ,$24.99
134,134 image.jpg,"Women's Attract Soul Jewelry Collection, Pink Crystals, Clear Crystals  ",$165.00
135,135 image.jpg,3Pcs Anxiety Spinner Rings Anxiety Fidget Rings Adjustable Calming Worry Open Ring Set Cubic Zirconia Meditation Relieve Stress Rotatable Beads Rings  ,$13.99
136,136 image.jpg,925 Sterling Silver 10mm Half Round Size 10.5 Wedding Ring Band Classic Fine Jewelry For Women Gifts For Her  ,$165.45
137,137 image.jpg,1.5CT 925 Sterling Silver Cubic Zirconia Bridal Rings Sets Pear Cut CZ Engagement Rings Wedding Band for Women Size 4-11  ,$39.99
138,138 image.jpg,925 Sterling Silver Diamond Blue Aquamarine Band Ring Birthstone March Gemstone Fine Jewelry For Women Gifts For Her  ,$159.45
139,139 image.jpg,2 Pcs Astronomical Finger Foldable Ring Astronomical Sphere Ball Ring Cosmic Finger Ring for Couple Lover Jewelry Gift（Gold and Silver）  ,$6.85
140,140 image.jpg,Newshe Wedding Engagement Ring Set 925 Sterling Silver 2ct Round Created Blue Sapphire Cz Size 5-10  ,$45.99
141,141 image.jpg,Wedding Engagement Rings Set for Women 925 Sterling Silver Round CZ Anniversary Band Promise Bridal Size 5-10  ,$52.99
142,142 image.jpg,"4mm Celtic Knot Wedding Band Rings for Women, Sterling Silver Eternity Link Chain Ring Gift Packaging  ",$31.49
143,143 image.jpg,The Nightmare Before Christmas Collection - Disney Silicone Rings - Jack & Sally  ,$55.99
144,144 image.jpg,Star Wars Silicone Ring - I Love You and I Know You - Comfortable and Flexible Design - Aurebesh  ,$55.99
145,145 image.jpg,String of Beads 925 Sterling Silver Ring  ,$57.71
146,146 image.jpg,"925 Sterling Silver Ring Triple Row Rolling Interlocking Silver Rings High Polish Rings for Women, Men Each Band Width 1.8mm Size 4-12  ",$20.99
147,147 image.jpg,925 Sterling Silver Created Green Emerald Diamond Band Ring Birthstone May Gemstone Fine Jewelry For Women Gifts For Her  ,$169.45
148,148 image.jpg,"Enso Rings Thin Birthstone Silicone Ring | Made in The USA | Lifetime Quality Guarantee | Comfortable, Breathable, and Safe  ",$37.99
149,149 image.jpg,"Silver Anxiety Rings for Women Girls,Adjustable Anti Anxiety Ring with Beads,925 Sterling Silver Spinner Thumb Fidget Ring,Aniexty Stress Relief Rings for Daughter Women  ",$17.99
150,150 image.jpg,Jewelry - Sparkling Wishbone Ring for Women in Sterling Silver with Clear Cubic Zirconia  ,$58.33
151,151 image.jpg,Women's Vittore Pear Shaped & Round Shaped Sparkling Crystal Ring Collections  ,$235.00
152,152 image.jpg,14k Yellow Gold Diamond Fascination Squared Huggie Hinged Hoop Earrings Ear Hoops Set Fine Jewelry For Women Gifts For Her  ,$329.45
153,153 image.jpg,18K White Gold Plated Cubic Zirconia Two-in-One Halo Wedding Engagement Promise Eternity Ring for Women  ,$17.99
154,154 image.jpg,Silicone Ring Women Thin and Stackable Rubber Rings Women Wedding Bands - 2.5mm Width - 1.8mm Thick  ,$9.08
155,155 image.jpg,Platinum-Plated Sterling Silver Swarovski Zirconia Ring Set  ,$60.90
156,156 image.jpg,"Marquee Silicone Rings, Wide Ring Collection, Comfortable and Flexible Design  ",$56.99
157,157 image.jpg,Fake Clip On Nose Ring 24g - 925 Sterling Silver - No Piercing Needed - Fake Nose Hoop  ,$10.99
158,158 image.jpg,925 Sterling Silver Spinning Center Skull Band Ring Man Fine Jewelry For Dad Mens Gifts For Him  ,$169.45
159,159 image.jpg,Criss Cross Rings for Women 925 Sterling Silver Cubic Zirconia Wedding Band Size 5-12  ,$25.99
160,160 image.jpg,Platinum-Plated Sterling Silver Infinite Elements Zirconia Dainty 2-Stone Round-Cut Bypass Ring  ,$36.70
161,161 image.jpg,Plated Sterling Silver and Swarovski Zirconia Princess Hoop Earrings (10.3 cttw)  ,$83.30
162,162 image.jpg,925 Sterling Silver Fidget Anxiety Ring for Women Spinner Ring Open Adjustable Fidget Rings for Anxiety Relieving Stress CZ Rose Flower Opal Stackable Rings Fidget Jewelry Women  ,$18.99
163,163 image.jpg,Platinum-Plated Sterling Silver Swarovski Zirconia 2 cttw Asscher 5 Stone Ring  ,$39.70
164,164 image.jpg,Sterling Silver Swarovski Cubic Zirconia Antique-Style Bridal Ring Set  ,$60.90
165,165 image.jpg,Platinum-Plated Sterling Silver Princess-Cut Swarovski Zirconia Solitaire Ring (2 cttw)  ,$40.20
166,166 image.jpg,"Bevel Classic Silicone Wedding Ring – Hypoallergenic Unisex Wedding Band – Comfortable Band for Active Lifestyle – 8mm Wide, 2.16mm Thick  ",$31.24
167,167 image.jpg,"Garden Insect Nature Filigree Butterfly,Snake, Lizard, Lucky Red Ladybug Midi Band Toe Ring For Women Teens Oxidized .925 Silver Sterling Adjustable  ",$17.43
168,168 image.jpg,"10k Gold Swarovski Crystal Pearl June Birthstone Ring, Size 8  ",$92.50
169,169 image.jpg,"2 CT Emerald Cut VVS1 Colorless Moissanite Engagement Ring for Women Bridal RingHandmade Solitaire Diamond Wedding Ring Gifts Anniversary Promise Her Accented 925 Sterling Silver, stone, Moissanite  ",$305.69
170,170 image.jpg,Platinum-Plated Sterling Silver Swarovski Zirconia (3 cttw) All-Around Ring  ,$60.90
171,171 image.jpg,4 Pcs Mood Rings for Women Vintage Oval Gemstone Mood Rings for Girls Antique Silver Plated Mood Rings Adjustable Color Changing Rings for Birthday Gifts  ,$16.99
172,172 image.jpg,Rose Entwined Ring  ,$198.78
173,173 image.jpg,Double Spaced' Two Bar Ring in Sterling Silver  ,$57.53
174,174 image.jpg,925 Sterling Silver Ring Oval Cut Cubic Zirconia Engagement Rings Solitaire Halo Promise Ring for Women Size 3-11  ,$25.99
175,175 image.jpg,2CT 925 Sterling Silver Engagement Rings Pear Cut Cubic Zirconia CZ Wedding Promise Rings for Her Stunning Teardrop Wedding Bands for Women Size 3-11  ,$25.99
176,176 image.jpg,925 Sterling Silver Wedding Bands for Women Cubic Zirconia Full Eternity Stackable Band Ring Size 3-13  ,$21.99
177,177 image.jpg,925 Sterling Silver Moonstone Ring for Women Men Moon Star Ring Silver Open Ring Adjustable Ring Jewelry Gift  ,$16.99
178,178 image.jpg,Personalized Promise Rings for Her with Simulated Birthstones Custom Couples Name Ring for Women Free Engraved Birthstone Ring for Birthday Anniversary Christmas  ,$41.99
179,179 image.jpg,Anxiety Ring For Women Stainless Steel Stress Relief Fidget Spinner Ring Adjustable Flower Butterfly Bead Fidget Rings For Anxiety  ,$21.99
180,180 image.jpg,925 Sterling Silver Irish Claddagh Celtic Knot Band Ring Fine Jewelry For Women Gifts For Her  ,$135.45
181,181 image.jpg,Wrapped Up' Sterling Silver Ring  ,$108.76
182,182 image.jpg,Sterling Silver Bridal Set Engagement Wedding Ring Bands with Round and Princess Cut Cubic Zirconia  ,$48.99
183,183 image.jpg,Holiday Collection - Winter Printed Silicone Rings - Ugly Sweaters and Snowy Pines - Comfortable and Flexible Design  ,$37.99
184,184 image.jpg,Square Root' Sterling Silver Ring  ,$49.00
185,185 image.jpg,"Gothic Punk Chain Finger Rings Set, 17PCS Adjustable Stackable Vintage Silver Emo Rings for Women Men Girls ,Smiley Cross Butterfly Knuckle Rings  ",$19.99
186,186 image.jpg,Ariminum' Roman Glass Ring in Sterling Silver  ,$119.00
187,187 image.jpg,2 Tone Wide Statement Rings Vintage Intertwined Crossover Chunky Band Rings for Women Men Gold Silver Finger Rings Costume Jewelry  ,$29.99
188,188 image.jpg,Jewelry - Daisy Flower Ring for Women in Sterling Silver with Clear Cubic Zirconia  ,$118.82
189,189 image.jpg,Wollet (3PCS)2.3'' Pure Copper Ring with Magnetic Copper Rings for Women Gift for Women Mom Wife Jewelry Best Tri Tone Adjustable  ,$35.99
190,190 image.jpg,"Anxiety Ring to My Daughter,Sterling Silver Fidget Ring for Anxiety Women with Worry Beads Adjustable Open Stress Spinner Fidget Ring for Girl  ",$14.99
191,191 image.jpg,1 Carat Moissanite Adjustable Engagement Ring S925 Sterling Silver Solitaire Rings for Her  ,$39.99
192,192 image.jpg,925 Celtic Knot Rings for Women Sterling Silver Wedding Band 4mm Size 4-11  ,$23.99
193,193 image.jpg,Newshe Solitaire Engagement Rings for Women Wedding Ring Set Sterling Silver Oval Cz 2.2Ct Size 5-10  ,$45.99
194,194 image.jpg,3.5CT 925 Sterling Silver Engagement Rings for Women Cushion Cut 3-Stone Promise Rings for Her Cubic Zirconia CZ Wedding Bands Size 3-11  ,$25.99
195,195 image.jpg,10k Yellow Gold Double Heart Cubic Zirconia Cz Band Ring Size 7.00 Love Fine Jewelry For Women Gifts For Her  ,$289.45
196,196 image.jpg,925 Sterling Silver Green Peridot Diamond Band Ring Birthstone August Gemstone Fine Jewelry For Women Gifts For Her  ,$149.45
197,197 image.jpg,Tiara Wishbone Ring  ,$71.50
198,198 image.jpg,"Kite cut black rutilated quartz ring engagement ring marquise rose gold prong engagement ring women moissanite ring set promise ring set, Gemstone, rutilated quartz  ",$159.00
199,199 image.jpg,"Silicone Wedding Rings for Women, Laser Printed Design Bands Women Collection  ",$25.73
200,200 image.jpg,Men's Black Tungsten Carbide Wedding Band Ring Rose Gold Tone Steel Cable Inlay  ,$37.99
201,201 image.jpg,4.3 Carat Butterfly Ring 925 Sterling Silvers Four-Color Birthstone Bridal Rings Set for Women Wedding Engagement Promise With Jewelry Box  ,$99.00
202,202 image.jpg,Jewelry - Entwined Cubic Zirconia Ring - Gift for Her - Sterling Silver  ,$182.89
203,203 image.jpg,Yellow Gold Plated Sterling Silver Swarovski Zirconia Round 3-Stone Ring  ,$40.20
204,204 image.jpg,Tungsten Carbide Cubic Zirconia Pavé Channel Men's Engagement Wedding Band Ring 8MM  ,$36.99
205,205 image.jpg,"Kate Spade Love Ring Dish, 0.50 LB, Metallic  ",$57.91
206,206 image.jpg,"62PCS Vintage Silver Knuckle Rings Set for Teen Girls, Bohemia Retro Joint Stackable Midi Rings for Women,Finger Rings Pack Size 5-10  ",$16.99
207,207 image.jpg,4/6/9 Pcs Anxiety Rings for Women Fidget Peace Rings for Anxiety Stackable Rings for Women Stress Reliever Spinner Ring Adjustable Fidget Rings for Anxiety  ,$16.99
208,208 image.jpg,Platinum-Plated Sterling Silver and Three-Stone Swarovski Zirconia Ring  ,$36.70
209,209 image.jpg,925 Sterling Silver Green Peridot Band Ring Birthstone August Gemstone Fine Jewelry For Women Gifts For Her  ,$129.45
210,210 image.jpg,Fashion Lady Twist Ring 14K Solid Rose Gold Twist Ring Cubic Zirconia Diamond Ring Wedding Jewelry Size 6-10  ,$13.99
211,211 image.jpg,"Bevel Thin Silicone Wedding Ring - Hypoallergenic Unisex Stackable Wedding Band - Comfortable Minimalist Band - 5.08mm Wide, 2.16mm Thick  ",$28.49
212,212 image.jpg,Disney Princess Silicone Ring - Cinderella - Diamond - 6  ,$55.99
213,213 image.jpg,Fashion Jewelry Genuine Women's 925 Silver Plated Ring Oval Cut Natural Sapphire Blue CZ Crystal Butterfly Ring Engagement Party Band Rings Size 6-10  ,$14.99
214,214 image.jpg,Men's Tungsten Wedding Band Black Ring Silver Two-Tone Grooved Center 6MM Sizes 5-13  ,$29.99
215,215 image.jpg,8 MM Men's Titanium Ring Wedding Band with 9 Large Channel Set Cubic Zirconia CZ Sizes 6 to 15  ,$23.99
216,216 image.jpg,Men's Metal Masters Co. Black Tungsten Hunting Ring Wedding Band Wood Inlay Deer Stag Silhouette  ,$42.99
217,217 image.jpg,10k Yellow Gold Diamond Red Garnet Birthstone Band Ring Size 6.00 Stone January Gemstone Fine Jewelry For Women Gifts For Her  ,$219.45
218,218 image.jpg,Jansio Threanic Triple-Spin Ring Vikanda Thermogenic Moissanite Spinner Ring Anti Anxiety Spinner Rings Adjustable Fidget Ring for Stress Relief  ,$15.99
219,219 image.jpg,Reverence' Sterling Silver and Cubic Zirconia Ring  ,$54.00
220,220 image.jpg,Jewelry Classic Bow Cubic Zirconia Ring in Sterling Silver  ,$43.45
221,221 image.jpg,"Wisdompro 16 Pcs Spiky Sensory Finger Rings for Adults, Men and Women, 8 Colors  ",$12.99
222,222 image.jpg,Men's Metal Masters Co. Rose Goldtone Tungsten Hunting Ring Wedding Band Wood Inlay Deer Stag Silhouette  ,$28.99
223,223 image.jpg,"Handcrafted Thin Silicone Ring – Comfortable and Flexible Design – 4.3mm Wide, 1.75mm Thick  ",$37.99
224,224 image.jpg,Regal Beauty Sterling Silver Ring  ,$54.45
225,225 image.jpg,Solid 14k Yellow Gold 1mm Thin Stacking Wedding Band Ring | Various Sizes | Gift Boxed  ,$120.82
226,226 image.jpg,Sterling Silver Plated in Rose Gold Necklace Italian 1.3mm Rose Gold Cable Chain Nickel Free 14-36 Inch Length  ,$16.24
227,227 image.jpg,1.5CT 925 Sterling Silver Engagement Rings Round Cut Solitaire Cubic Zirconia CZ Wedding Promise Rings for Her Wedding Bands for Women Size 3-11  ,$25.99
228,228 image.jpg,14k Gold Hand Engraved Full Diamond-cut Round Hoop Earrings for Girls-1/2 Inch Diameter  ,$94.99
229,229 image.jpg,2mm Thin Sterling Silver Big Hoop Earrings for Women Gold Hoop Earrings Hypoallergenic Large Hoop Earrings for Girls Circle Endless Thin Hoop Oversize Earrings 20/30/40/50/60/70mm Aretes De Aro  ,$14.99
230,230 image.jpg,14k Gold Hand Engraved Full Diamond-cut Round Hoop Earrings-22mm Diameter  ,$169.99
231,231 image.jpg,11Pcs Fidget Anxiety Rings for Women Men Colorful Anti Anxiety Spinner Ring Stress Relieving Ring Rainbow Fidget Rings for Anxiety Stainless Steel Rotatable Worry Ring  ,$18.99
232,232 image.jpg,"18K Yellow Gold Plated Sterling Silver Emerald Colored Cubic Zirconia May Fashion Stackable Ring, Size 8  ",$37.80
233,233 image.jpg,Rutilated Quartz Silver Spinner Band Ring Solid 925 Sterling Silver Spinner Band Meditation Ring Handmade For Men Women Gift Item Goyal ExportsSRG141  ,$37.79
234,234 image.jpg,Certified 925 Sterling Silver Engagement Band cubic Zirconia CZ Ring - German Craftsmanship Princess-Cut | Hypoallergenic Ring  ,$39.99
235,235 image.jpg,Titanium Men's Wedding Band Engagement Ring with 9 Large Princess Cut Cubic Zirconia  ,$26.99
236,236 image.jpg,925 Sterling Silver Healing Hollow Stone Adjustable 7 Chakra Ring Aura Gemstone Ring Rainbow Color Chakra Healing Style Female Ring  ,$17.40
237,237 image.jpg,Ladies Eternity Titanium Ring 2.4 Carat Cubic Zirconia Wedding Band with CZ 6MM Sizes 4 to 9  ,$26.99
238,238 image.jpg,Set of 2 Faux Clip-On Nose Rings 20g - 925 Sterling Silver - 14k Gold Filled - No Piercing Needed for This Nose Ring  ,$10.45
239,239 image.jpg,Newshe Wedding Rings for Women Engagement Ring Set 925 Sterling Silver 2.4Ct Round White AAAAA Cz Size 4-13  ,$46.99
240,240 image.jpg,2CT 925 Sterling Silver Bridal Ring Sets Emerald Cut CZ Engagement Rings Vintage Promise Rings Wedding Bands for Women Size 3-12  ,$39.99
241,241 image.jpg,Gold Ring for Women Trendy Gemstone Chunky Ring 18k Gold Plated Band Ring Signet Statement Ring  ,$28.08
242,242 image.jpg,Women 925 Sterling Silver Bracelet Minimalist 4-10MM 5-9 inches Round Bead Chain Girls/Men Solid Silver Bracelet Charm Jewelry Gift  ,$48.90
243,243 image.jpg,"Men's Black Hammered Grooved Tungsten Carbide Wedding Band Ring, 8mm Comfort Fit  ",$38.89
244,244 image.jpg,Belle Fleur' Sterling Silver Stack Ring  ,$34.00
245,245 image.jpg,Men's Tungsten Carbide Ring Grooved Wedding Band Color Interior 8MM Blue Red Green Red  ,$32.99
246,246 image.jpg,Platinum Plated Sterling Silver Round Cubic Zirconia All-Around Band Ring  ,$21.70
247,247 image.jpg,"2 Pcs Astronomical Finger Foldable Ring Astronomical Sphere Ball Ring Cosmic Finger Ring for Couple Lover Jewelry Gift（Gold and Silver）, Stainless Steel  ",$19.99
248,248 image.jpg,"Sunshine Ring Collection, Pink Crystals, Rose Gold Tone Finish, US 6/EU 52, Metal, Cubic Zirconia  ",$155.00
249,249 image.jpg,925 Sterling Silver Cross Religious Design Band Ring Man Wedding Designed Fine Jewelry For Dad Mens Gifts For Him  ,$149.45
250,250 image.jpg,Tiny Silver Nose Ring hoop - 20 gauge snug Nose Hoop thin nose Piercings hoops - nose piercing rings  ,$10.99
251,251 image.jpg,Mens Tungsten Ring Black Grooved Wedding Band Beveled Edges Comfort-fit 8MM 7-15  ,$32.99
252,252 image.jpg,Jewelry - Princess Sparkling Wishbone Cubic Zirconia Ring - Gift for Her Rose  ,$84.45
253,253 image.jpg,Men's Tungsten Carbide Wedding Ring Black and Rose Goldtone Hammered Band  ,$29.99
254,254 image.jpg,Anime Rings Uchiha Sasuke Itachi Sharingan Akatsuki Organization Cosplay Ring New in Box 10 PCS  ,$35.99
255,255 image.jpg,"Etched Disney Collection - Classic Silicone Ring - 8mm Wide, 2.16 Thick - Mickie and Minnie  ",$55.99
256,256 image.jpg,90PCS Vintage Knuckle Rings for Women Stacking Finger Rhinestone Joint Ring Set Boho Jewellery  ,$20.99
257,257 image.jpg,"Platinum-Plated Sterling Silver Created Sapphire and Swarovski Zirconia All-Around Band Ring, Size 7  ",$60.90
258,258 image.jpg,To my Daughter Fidget Ring Daughter Gift from Mom Anxiety Relief Rings for Daughter Spinner Rings for Daughter Gifts  ,$13.99
259,259 image.jpg,"Etched Classic Thin Silicone Rings - Comfortable and Flexible Design - 4.3mm Wide, 1.75 Thick  ",$49.99
260,260 image.jpg,Sterling Silver Anxiety Rings for Women Fidget Rings for Anxiety Women Daughter Fidget Ring Adjustable Spinner Rings for Girls Cubic Zirconia Stress Relief Spinner Rings with Box  ,$15.99
261,261 image.jpg,2 4/5 CT Princess Shape Simulated Blue Sapphire & White Cubic Zirconia Eternity Wedding Engagement Ring in 14K White Gold Plated 925 Sterling Silver (2.80 Cttw)  ,$144.19
262,262 image.jpg,17PCS Knuckle Rings for Teen Girls Stacking Rings for Women Stackable Midi Rings Set Vintage Aesthetic Rings for Women(Ring A)  ,$14.99
263,263 image.jpg,"Sterling Silver Diamond Heart Ring (1/20 cttw, I-J Color, I3 Clarity)  ",$55.30
264,264 image.jpg,Platinum-Plated Sterling Silver Swarovski Zirconia All-Around Ring  ,$44.80
265,265 image.jpg,Jewelry - Princess Wish Cubic Zirconia Ring - Gift for Her - Sterling Silver  ,$86.40
266,266 image.jpg,Sterling Silver Five-Stone Gemstone Ring  ,$37.90
267,267 image.jpg,2mm 4mm 6mm 8mm Tungsten Wedding Rings for Women Mens Plated Black Polished Ring Bands  ,$23.99
268,268 image.jpg,925 Sterling Silver Purple Amethyst Band Ring Birthstone February Gemstone Fine Jewelry For Women Gifts For Her  ,$129.45
269,269 image.jpg,Black Tungsten Carbide Koa Wood & Crushed Turquoise Inlay Men's Comfort Fit Wedding Band Engagement Ring 8MM  ,$32.99
270,270 image.jpg,925 Sterling Silver Anxiety Spinning Rings with Beads Band Rings Fidget Rings for Anxiety Thin Stackable Rings for Women  ,$18.99
271,271 image.jpg,Rose Twist of Fate Ring  ,$113.59
272,272 image.jpg,2 1/2 CT Round Shape Simulated Pink Morganite & White Cubic Zirconia Split Shank Wedding Engagement Ring in 14K Gold Plated 925 Sterling Silver (2.50 Cttw)  ,$143.64
273,273 image.jpg,"10k Gold Swarovski Crystal July Birthstone Ring, Size 7  ",$85.10
274,274 image.jpg,Showtime' Sterling Silver Ring  ,$100.79
275,275 image.jpg,Minimalist 14K Rose Gold Plated .925 Sterling Silver Midi Knuckle 1MM Band Stackable Delicate CZ Halo Evil Eye Ring For Women Teen  ,$28.69
276,276 image.jpg,Oirlv Elegant Blue Jewelry Display Tray Stackable Jewelry Trays Jewelry Drawer Organizer Rings Earrings Necklace Storage  ,$49.06
277,277 image.jpg,18K Gold Plated Dome Ring for Women Pave Cubic Zirconia Stackable Wedding Ring  ,$29.29
278,278 image.jpg,14K Solid Gold 2.0 Carat Solitaire CZ Engagement Ring  ,$344.93
279,279 image.jpg,925 Cable Sterling Silver Chain | 12-30 Inch 1.3mm Silver Chain Necklace For Women | Spring-Ring Clasp Necklace Chains - Made In Italy  ,$15.61
280,280 image.jpg,Twisted Hoop Earrings 14k Gold Thick Chunky Hoop Earrings Lightweight High Polished Hypoallergenic Hoops Chunky Jewelry Gift For Women Girls  ,$14.98
281,281 image.jpg,"14K Solid Yellow Gold 2.0 Carat Solitaire CZ Engagement Ring, Size 7  ",$370.88
282,282 image.jpg,SMDSAZ Natural Hetian Jade Ring Thumb Ring Jewelry Fine Jewelry Engraving Lucky Men and Women Ring Jewelry  ,$30.01
283,283 image.jpg,925 Sterling Silver Anxiety Fidget Rings for Women 18K White Plated Moonstone Spinner Ring for Stress Reliving Anti-anxiety Spinning Rings for Women Anxiety Relief Adjustable Open Rings  ,$19.99
284,284 image.jpg,"10K/14K/18K Solid Yellow Gold Handmade Engagement Ring 2 CT Emerald Cut Moissanite Diamond Solitaire Wedding/Bridal Ring for Women/Her,Best Gift Or As You Want, Sterling Silver, Moissanite  ",$259.28
285,285 image.jpg,Gearmax 12 Pcs Light Up Rings Diamond Flashing LED Glow Rings for Wedding Birthday Party  ,$15.99
286,286 image.jpg,Newshe Wedding Band Engagement Ring Set For Women 925 Sterling Silver 1.8Ct Round White Yellow Rose Cz Size 4-13  ,$45.99
287,287 image.jpg,Newshe Cubic Zirconia Curved Wedding Bands for Women Ring Enhancer Guard for Engagement Rings 925 Sterling Silver Size 4-13  ,$36.99
288,288 image.jpg,Oirlv Elegant Blue Ring Organizer Tray Stackable Jewelry Trays Jewelry Drawer Organizer Ring Earring Storage  ,$50.10
289,289 image.jpg,Moissanite Engagement Rings Gold Plated Sterling Silver Halo Eternity Wedding Band Ring for Women  ,$109.99
290,290 image.jpg,"Men's Bold Titanium Pinky Ring Bands with Resin Inlay, Brushed Finish Comfort Fit 10mm Wide  ",$26.99
291,291 image.jpg,1.25CT 925 Sterling Silver Cubic Zirconia Bridal Rings Sets Oval Cut CZ Engagement Rings Wedding Band for Women Size 4-11  ,$39.99
292,292 image.jpg,Disney Princess Silicone Ring  ,$55.99
293,293 image.jpg,Brilliant Embers 925 Sterling Silver 64 Stone Micro Pav Red White Cubic Zirconia Cz Love Knot Band Ring Fine Jewelry For Women Gifts For Her  ,$145.45
294,294 image.jpg,"Lucent Cocktail Ring, Pink, Size 8  ",$380.00
295,295 image.jpg,Platinum-Plated Sterling Silver Swarovski Zirconia Princess-Cut Solitaire Ring  ,$40.20
296,296 image.jpg,Spinner Ring for Women Anxiety Relief - 3Pcs 6MM Stainless Steel Sand Blast Glitter Finish Rose Gold Silver Rainbow Color Fidget Ring Band Set  ,$15.99
297,297 image.jpg,14K Gold Plated Chunky Dome Ring |Puffy Dome Stackable Rings | Womens Chunky Ring  ,$59.75
298,298 image.jpg,3Pcs Stainless Steel Fidget Ring for Men Women Cool Chain Greek Key Spinner Band Ring Set for Wedding Promise Stress Relieving 8MM Wide  ,$16.99
299,299 image.jpg,Ring PANDORA 19963CZ52 size 12  ,$105.78
300,300 image.jpg,4Pcs Anxiety Ring for Women Men Fidget Rings 2mm/4mm Stainless Steel Spinner Rings for Anxiety Relief Items Sandblast Glitter Finish Size 5-9  ,$14.99
301,301 image.jpg,Three Sterling Silver and Cubic Zirconia Stacking All-Around Bands  ,$75.90
302,302 image.jpg,Set of 2 Snake Ring for Women Reptile Serpent Ring Gift for Snake Lover Reptile Lover Gifts  ,$15.99
303,303 image.jpg,"Men's Tungsten Ring Wedding Band Real Deer Antler, Koa Wood Inlay, Outdoor Hunting  ",$36.99
304,304 image.jpg,Organics' Sterling Silver and Cubic Zirconia Ring  ,$69.00
305,305 image.jpg,Men's Titanium Wedding Ring Band with Dragon Design Over Blue Carbon Fiber Inlay and Blue Cubic Zirconia  ,$32.99
306,306 image.jpg,Platinum-Plated Sterling Silver Round-Cut Swarovski Zirconia Solitaire Engagement Ring (2 cttw)  ,$34.30
307,307 image.jpg,9 Piece Black Ring Box Wholesale Bulk Pack Luxury Textured Leatherette Ring Gift Box  ,$19.99
308,308 image.jpg,Silver Feather Ring for Men Women ~ 925 Sterling Silver ~ native america indian 7mm feather ring ~ 7-12 US sizes  ,$56.71
309,309 image.jpg,Mens Tungsten Carbide Ring Gunmetal Wedding Band Grooved Ring 8MM Comfort-Fit  ,$35.99
310,310 image.jpg,4 Pcs Finger Nail Ring for Women Rhinestones Finger Tip Rings Finger Nail Jewelry Gold Metal Nail Decoration Nail Protect  ,$16.99
311,311 image.jpg,Brilliant Embers 925 Sterling Silver 59 Stone Micro Pav Cubic Zirconia Cz Band Ring Wedding Fancy Fine Jewelry For Women Gifts For Her  ,$169.45
312,312 image.jpg,"Ring Size Adjuster for Loose Rings Ring Adjuster Fit Most Rings, Assorted Sizes of Ring Sizer (8PCS)+ 1-Spring Style Adjuster Bonus  ",$12.99
313,313 image.jpg,36 pcs Adjustable Rings Set for Little Girls Cute Colorful Rings for Kids Princess Jewelry Finger Rings Dress up Rings Children's Jewelry Birthday Gift for Girls Christmas  ,$12.99
314,314 image.jpg,Baguette Stack' Cubic Zirconia Ring in Sterling Silver  ,$33.65
315,315 image.jpg,Tiny Silver Double Hoop Nose Ring - Spiral Nose Ring 20 Gauge Snug Double Nose Piercing Thin Nose Piercings Hoops (sterling-silver)  ,$11.99
316,316 image.jpg,925 Sterling Silver Synthetic Stone Band Ring Natural Shell Wood Fine Jewelry For Women Gifts For Her  ,$185.45
317,317 image.jpg,925 Sterling Silver September Swarovski Band Ring Stone Birthstone Stackable Gemstone Created Sapphire Crystal Fine Jewelry For Women Gifts For Her  ,$159.45
318,318 image.jpg,Moissanite Engagement Rings 2 CT Cushion Moissanite Diamond Minimalist Wedding Bridal Gift Her Anniversary Band Handmade Ring for Women 925 Silver 10K 14K 18K Gold  ,$271.88
319,319 image.jpg,Men's Women's Black Stainless Steel Religious Cross Serenity Prayer Spinner Ring 9MM  ,$24.99
320,320 image.jpg,"6mm 8mm Titanium Anxiety Fidget Rings Spinner Tungsten Ring for Men Teens Women, Basic Plain Wedding Rings Silver Matte Brushed Finish Comfort fit 5 to 16  ",$34.99
321,321 image.jpg,14K Gold Plated 925 Sterling Silver Post Lightweight Hoops | 20mm | Gold Hoop Earrings for Women  ,$18.95
322,322 image.jpg,18K Gold Plated 7 Cubic Fungus Anti-Bacteria Star Sanitize-Blight Dome Ring Statement Ring  ,$22.50
323,323 image.jpg,Solid 10K Yellow or White Gold Princess Cut Three Stone Anniversary or Engagement Ring (4.50 CT.TW)  ,$290.57
324,324 image.jpg,18k Gold Plated Gold Ring for Women Men Chunky Signet Ring Dome Band Ring Croissant Minimalist Statement Ring  ,$26.69
325,325 image.jpg,Gold Stackable Rings Set for Women Vintage Knuckle Rings for Teen Girls Midi Rings Pack Statement Bohemian Stacking Rings for Women Multiple Rings Pack  ,$10.99
326,326 image.jpg,Tungsten Carbide Black Unisex Men's Women's Wedding Band Ring 2MM Sizes 5 to 15  ,$24.99
327,327 image.jpg,Infinity Heart Promise Rings for Her Sterling Silver Friendship Ring  ,$69.99
328,328 image.jpg,14K Gold Plated 925 Sterling Silver Post Cubic Zirconia Hoop Earrings 30/15mm  ,$18.95
329,329 image.jpg,"15 Pcs Vintage Punk Rings Set, Gothic Alloy Biker Adjustable Rings, Skeleton Skull Evil Eye Chinese Dragon Claw Octopus Dragon Rings, Fashion Retro Black Silver Antique Jewelry  ",$22.99
330,330 image.jpg,14K Gold Plated Sparkling Wishbone 'V' Ring for Women with Cubic Zirconia  ,$20.95
331,331 image.jpg,Nested Cultured Pearl' 9.5-10 mm Freshwater Button Cultured Pearl Ring in Sterling Silver  ,$109.00
332,332 image.jpg,"Men's Tungsten Carbide Wedding Band Ring, 8mm Dome Brushed Blue Comfort Fit Band 7 to 15  ",$26.99
333,333 image.jpg,79 Pcs Vintage Knuckle Rings for Women Turquoise Bead Stackable Midi Finger Ring Set Boho Jewelry  ,$28.99
334,334 image.jpg,Jewelry - Classic Wishbone Ring for Women in Sterling Silver with Clear Cubic Zirconia  ,$80.36
335,335 image.jpg,1.25 Carat Round Brilliant Cubic Zirconia Sterling Silver 925 Wedding Engagement Ring Band Set Sizes 4 to 11  ,$42.99
336,336 image.jpg,Tungsten Carbide Men's Brushed Wedding Band Blue Plated Engagement Ring 6mm Comfort Fit Sizes 7 to 12.5  ,$26.99
337,337 image.jpg,Oirlv Premium White Leather Stackable Jewelry Tray 24 Grid Jewelry Drawer Organizer Trays Rings Earrings Storage  ,$50.62
338,338 image.jpg,Newshe Wedding Engagement Ring For Women Bridal Set Sterling Silver 1.3ct Pear White Cz Size 5-10  ,$45.99
339,339 image.jpg,"Three Rose Gold Plated Sterling Silver Cubic Zirconia All-Around Bands Stackable Ring, Size 6  ",$70.10
340,340 image.jpg,Moissanite Engagement Ring Wedding Promise Gold-plating Sterling Silver Rings for Women  ,$144.99
341,341 image.jpg,1 Carat Moissanite Rings for Women Engagement Wedding Band 925 Sterling Silver Round Solitaire Silver/Yellow Gold/Rose Gold Size 4-13  ,$69.99
342,342 image.jpg,2CT 925 Sterling Silver Engagement Rings Princess Cut Cubic Zirconia CZ Wedding Promise Rings for Her Stunning Wedding Bands for Women Size 3-11  ,$25.99
