ID,Image,Title,Price
1,1 image.jpg,Kids Shoes Lightweight Boys Sneakers Non Slip Comfortable Big Kids Shoes for Tennis Running Athletic  ,$49.99
2,2 image.jpg,Womens Air Running Shoes Women Sneakers Air Cushion Walking Tennis Shoes for Women  ,$64.00
3,3 image.jpg,Mens Air Running Shoes Athletic Trail Tennis Sneaker (US7-12.5 D(M)  ,$54.99
4,4 image.jpg,Unisex-Child White Boys Girls Shoes Antiskid Tennis Sneakers Outdoor Casual Kids Shoes Running Shoes(Toddler/Little Kid/Big Kid)  ,$38.99
5,5 image.jpg,Mens Charged Assert 9 Running Shoe  ,$94.99
6,6 image.jpg,Women's Energycloud Lightweight Slip On Walking Running Shoes  ,$44.59
7,7 image.jpg,Mens Running Walking Tennis Gym Athletic Shoes Fashion Sneakers Casual Ligthweight Workout Sports Shoes Comfortable Breathable Slip on Shoes for Jogging  ,$44.99
8,8 image.jpg,Mens Charged Pursuit 3 Road Running Shoe  ,$58.39
9,9 image.jpg,Womens Running Tennis Walking Shoes Fashion Sneakers Non Slip Resistant Platform Workout Slip on Casual Working Athletic Gym Sport Shoes for Jogging Hiking and Trail  ,$31.99
10,10 image.jpg,Womens Charged Assert 9 Running Shoe  ,$94.99
11,11 image.jpg,Women's DynaSoft Nitrel V4 Trail Running Shoe  ,$120.00
12,12 image.jpg,Mens Go Run Consistent - Performance Running & Walking Shoe Sneaker  ,$59.97
13,13 image.jpg,Mens Speedcross 5 Trail Running Shoe  ,$173.94
14,14 image.jpg,Womens Ultraboost 22 W Running Shoes  ,$201.08
15,15 image.jpg,Women's Running Shoes Lightweight Comfortable Mesh Sports Shoes Casual Walking Athletic Sneakers  ,$39.99
16,16 image.jpg,Womens Summits - New World Sneakers  ,$45.00
17,17 image.jpg,New Balance Women's DynaSoft Nergize V3 Sneaker  ,$50.56
18,18 image.jpg,Mens 50988  ,$50.00
19,19 image.jpg,Women's Fashion Sneakers Casual Running Shoes for Women Slip On Shoes Comfortable Athletic Blade Type Womens Walking Shoes Non Slip  ,$55.99
20,20 image.jpg,Men's Women's Safety Working Ultralight Shoes Industrial & Construction Anti-Puncture Breathable Steel Toes Shoes  ,$63.98
21,21 image.jpg,Running Shoes Mens Womens Fashion Sneakers Tennis Sports Casual Walking Athletic Fitness Indoor and Outdoor Shoes  ,$49.99
22,22 image.jpg,Women Running Shoes Non Slip Tennis Shoes Fashion Blade Sneakers Athletic Gym Shoes Casual Walking Shoes  ,$57.99
23,23 image.jpg,Mens Outbound Prism GTX Hiking Shoe  ,$136.99
24,24 image.jpg,Women's Cloadfoam Pure MJ Sneakers  ,$75.85
25,25 image.jpg,Womens 520 V7 Running Shoe  ,$233.18
26,26 image.jpg,Womens Runfalcon 2.0 Shoes Training Shoes  ,$68.96
27,27 image.jpg,Womens Cell Vive Running Shoe Running Shoe  ,$186.13
28,28 image.jpg,Women's Clarion 2 Running Shoe  ,$82.49
29,29 image.jpg,Women's GT-2000 9 Knit Size 1012A867  ,$84.98
30,30 image.jpg,Speedcross 6 Women's Trail Running Shoes  ,$220.49
31,31 image.jpg,Men Running Sports Shoes Walking Gym Fashoin Sneakers Slip On Jogging Training Shoes Athletic Fitness Breathable Shoes Soft Comfortable Casual Lightweight Sneakers  ,$44.99
32,32 image.jpg,Womens Duramo SL 2.0 Cross Trainer  ,$127.27
33,33 image.jpg,Mens Excursion TR16 Trail Running Shoe  ,$124.99
34,34 image.jpg,Womens Terrex Agravic Ultra Trail Running Shoes Shoes  ,$240.41
35,35 image.jpg,Men's 520 V7 Running Shoe  ,$99.99
36,36 image.jpg,Womens EQ19 Run Cross Trainer  ,$119.64
37,37 image.jpg,Mens Hoops 3.0 MID Training Shoes  ,$133.58
38,38 image.jpg,Mens Equalizer - Double - Play-M  ,$87.05
39,39 image.jpg,Women's Stroke Running Shoe  ,$160.00
40,40 image.jpg,Men Trail Running Shoes Waterproof Walking Hiking Shoes Non Slip Lightweight Sports Sneakers for Road Outdoor Trekking  ,$49.99
41,41 image.jpg,Men's Q air Cushion Running Shoes Knitted Fabric Sneakers Bright Colors Suitable Woven for Young People Fashion  ,$52.52
42,42 image.jpg,Womens Fashion Lightweight Air Sports Walking Sneakers Breathable Gym Jogging Running Tennis Shoes US5.5-11 B(M)  ,$52.99
43,43 image.jpg,Trail Running Shoes Men Waterproof Walking Hiking Running Shoes for Men Non-Slip All-Terrain Shoes  ,$47.99
44,44 image.jpg,Womens Ultraboost 4.0 DNA Shoes Cross Trainer  ,$313.51
45,45 image.jpg,Womens Excursion Tr15 Gore-Tex Trail Running Shoe  ,$119.99
46,46 image.jpg,Women's GT-2000 10 Size 1012B045  ,$85.20
47,47 image.jpg,Women's Excursion Tr14 Trail Running Shoe  ,$120.08
48,48 image.jpg,Mens Trail Running Shoes Wild Hiking Sneakers for Men Lightweight Jogging Athletic Shoes Comfortable Runner  ,$25.99
49,49 image.jpg,Womens 1728  ,$129.76
50,50 image.jpg,Womens Endorphin Shift 2 Running Shoe  ,$174.10
51,51 image.jpg,Women's Fresh Foam Arishi V3 Running Shoe  ,$99.99
52,52 image.jpg,Womens Softride Sophia Running Shoe  ,$74.99
53,53 image.jpg,Womens Peregrine 11 Trail Running Shoe  ,$202.63
54,54 image.jpg,Men's Classic Harman Run  ,$109.40
55,55 image.jpg,Womens Charged Vantage Running Shoe  ,$109.99
56,56 image.jpg,Renew Run - CK6360001  ,$284.12
57,57 image.jpg,Womens Terrex Soulstride Trail Running Shoes Shoes  ,$110.84
58,58 image.jpg,Gel-Venture 8  ,$85.00
59,59 image.jpg,Women's Gel-Kayano 28 MK Size 1012B126  ,$204.37
60,60 image.jpg,"Men's Felton Uniform Dress Shoes, Delete  ",$50.87
61,61 image.jpg,Women's Agility Peak 4 Trail Running Shoe  ,$134.99
62,62 image.jpg,Womens Cohesion 13 Running Shoe  ,$83.35
63,63 image.jpg,Women's D'Lites - Biggest Fan Sneakers  ,$86.97
64,64 image.jpg,Mens Peregrine 12 St Trail Running Shoe  ,$103.99
65,65 image.jpg,Womens Liquifect 180 3.0 Running Shoe  ,$161.40
66,66 image.jpg,Womens Runfalcon 2.0 Running Shoe  ,$112.20
67,67 image.jpg,Gel-Nimbus 23 (D)  ,$161.81
68,68 image.jpg,Mens Triumph 19 Running Shoe  ,$199.95
69,69 image.jpg,Mens Air Max Torch 3  ,$264.43
70,70 image.jpg,Unisex-Adult Super Levitate Sneaker  ,$66.96
71,71 image.jpg,Women's Gel-Nimbus 24 LITE-Show Size 1012B203  ,$159.95
72,72 image.jpg,Women's Puremotion Adapt Running Shoe  ,$113.20
73,73 image.jpg,Air Running Shoes for Women Comfortable Tennis Walking Shoes Women Sport Gym Sneakers .Size5.5-11  ,$45.99
74,74 image.jpg,Women's Versafoam Cohesion 12 Running Shoe  ,$120.08
75,75 image.jpg,Mens Axon 2 Running Shoe  ,$88.33
76,76 image.jpg,Womens Freedom 5 Running Shoe  ,$200.00
77,77 image.jpg,Mens Wave Inspire 19 Water Shoe  ,$219.77
78,78 image.jpg,Womens Fresh Foam 1080 V11 Running Shoe  ,$333.07
79,79 image.jpg,Men's Gel-Venture 8 Size 1011A824  ,$85.00
80,80 image.jpg,Mens Peregrine 11 Running Shoe  ,$163.56
81,81 image.jpg,Mens DynaSoft Nitrel V4 Trail Running Shoe  ,$98.61
82,82 image.jpg,Womens Xodus Ultra Trail Running Shoe  ,$179.99
83,83 image.jpg,Mens Go Run Consistent-Performance Running & Walking Shoe Sneaker Running Shoe  ,$82.96
84,84 image.jpg,Women's GEL-Excite 8 Running Shoe  ,$132.93
85,85 image.jpg,Womens Excursion Tr15 Trail Running Shoe  ,$124.99
86,86 image.jpg,Mens Fresh Foam EVOZ V2 Running Shoe  ,$129.99
87,87 image.jpg,Mens Charged Escape 4 Running Shoe Running Shoe  ,$109.99
88,88 image.jpg,Mens Runfalcon 2.0 Tr Running Shoe  ,$91.67
89,89 image.jpg,"Men's Slip-On Walking Shoes - Lightweight, Flexible, and Wide Toe for Athletic Workouts, Running, and Walking, Size 7.5-12  ",$39.86
90,90 image.jpg,Women's Nitrel  ,$126.79
91,91 image.jpg,Women's GO WALK JOY Sneakers  ,$66.90
92,92 image.jpg,Womens Princess Sneaker  ,$91.79
93,93 image.jpg,Womens Fastwitch 9 Track & Field Running Shoe  ,$91.32
94,94 image.jpg,Mens Ultraboost DNA Running Shoe  ,$213.85
95,95 image.jpg,Mens Cohesion Tr15 Trail Running Shoe  ,$124.10
96,96 image.jpg,Men's Fresh Foam Arishi V4 Running Shoe  ,$74.43
97,97 image.jpg,Mens Viz Runner Sneaker  ,$89.99
98,98 image.jpg,Mens LITE Racer REBOLD Cross Trainer  ,$86.16
99,99 image.jpg,Womens Runtheworld Running Shoe  ,$69.98
100,100 image.jpg,Mens Clipper Sneaker  ,$53.51
101,101 image.jpg,Men's Gel-Cumulus 24 D Width  ,$146.77
102,102 image.jpg,Mens Peregrine 12 GTX Trail Running Shoe  ,$123.49
103,103 image.jpg,Mens Duramo SL 2.0 Cross Country Running Shoe  ,$90.45
104,104 image.jpg,Mens Go Run Trail Altitude - Marble Sneaker  ,$99.01
105,105 image.jpg,Mens Peregrine 12 Trail Running Shoe  ,$103.99
106,106 image.jpg,Women's Gel-Excite 9 Size 1012B182  ,$98.81
107,107 image.jpg,Mens Sense Ride 4 Trail Running Shoe  ,$130.52
108,108 image.jpg,Mens Wave Creation 20 Running Shoe  ,$181.25
109,109 image.jpg,Womens Excursion TR16 Trail Running Shoe  ,$75.31
110,110 image.jpg,Kid's 680 V6 Lace-Up Running Shoe  ,$79.16
111,111 image.jpg,Womens Ride 15 Running Shoe  ,$143.99
112,112 image.jpg,Mens Fresh Foam Arishi V3 Running Shoe Running Shoe  ,$99.99
113,113 image.jpg,Womens 411 V1 Walking Shoe  ,$109.99
114,114 image.jpg,Womens Terrex TRAILRIDER W Shoes  ,$64.76
115,115 image.jpg,Mens Axelion Running Shoe  ,$98.60
116,116 image.jpg,Womens Go Walk Joy 15601 Wide Walking Shoe  ,$66.90
117,117 image.jpg,Men's Gel-Contend 7 Size 1011B391  ,$65.00
118,118 image.jpg,Womens Walking Tennis Shoes Slip On Lightweight Comfort Casual Memory Foam Sneakers for Gym Running Work  ,$52.99
119,119 image.jpg,Women's Noosa TRI 14 Size 1012B208  ,$199.95
120,120 image.jpg,Womens Axelion Marble Lifestyle Workout Athletic and Training Shoes  ,$161.54
121,121 image.jpg,Mens Wave Inspire 17 Running Shoe  ,$184.70
122,122 image.jpg,Girls' Flutter Heart Lights-Loves Wild Light Up Sneaker  ,$59.99
123,123 image.jpg,Womens Puremotion Running Shoe  ,$95.00
124,124 image.jpg,Men's GT-2000 10 Running Shoes  ,$129.00
125,125 image.jpg,Mens Surge 3 Slip on Running Shoe  ,$80.00
126,126 image.jpg,Womens Speed Strike Trail Running Shoe  ,$102.48
127,127 image.jpg,Womens Mad River Tr Trail Running Shoe  ,$91.28
128,128 image.jpg,Women's Gel-Cumulus 24 B Width  ,$147.00
129,129 image.jpg,Womens Runplay Running Shoe  ,$67.11
130,130 image.jpg,Boys Girls Running Walking Tennis Shoes Casual Fashion Sneakers  ,$46.99
131,131 image.jpg,Mens All Terrain Work Safety Toe Trail Running Work Shoe Industrial & Construction Shoe  ,$259.95
132,132 image.jpg,Womens 410 V7 Trail Running Shoe  ,$150.91
133,133 image.jpg,Womens Mojo 2 Running Shoe  ,$87.05
134,134 image.jpg,Womens Peregrine Ice+ 3 Trail Running Shoe  ,$199.99
135,135 image.jpg,Mens DynaSoft Breaza V1 Running Shoe  ,$95.55
136,136 image.jpg,Women's Fresh Foam 860v11  ,$320.45
137,137 image.jpg,Womens Peregrine 12 GTX Trail Running Shoe  ,$123.49
138,138 image.jpg,Kid's Fresh Foam Arishi V4 Lace-Up Running Shoe  ,$59.99
139,139 image.jpg,womens Ultra 3 Wide Mid GTX W Trail Running Shoe  ,$199.08
140,140 image.jpg,Men Running Shoes Tennis Shoes Walking Athletic Shoes Blade Fashion Sneakers  ,$49.93
141,141 image.jpg,Womens Breathable Mesh Walking Mules Sneakers Open Back Slip On Shoes  ,$38.99
142,142 image.jpg,Mens Womens Water Athletics Shoes Quick Dry Aqua Barefoot Beach Swimming Surfing Diving Shoes  ,$34.99
143,143 image.jpg,Women's Exite Le9 Walking Shoe  ,$102.31
144,144 image.jpg,Womens Integrity Walker 3 Walking Shoe  ,$129.99
145,145 image.jpg,Womens Charged Vantage 2 Running Shoe  ,$80.00
146,146 image.jpg,Mens Charged Commit 2.0 Cross Trainer Cross Trainer  ,$93.85
147,147 image.jpg,Womens Xa Pro 3D W Trail Running Shoe  ,$170.00
148,148 image.jpg,Mens GOrun Trail Altitude - Performance Running & Hiking Trail Running  ,$102.99
149,149 image.jpg,Performance Men's Go Walk Max-54601  ,$66.90
150,150 image.jpg,Men's Charged Assert 9 Running Shoe  ,$95.00
151,151 image.jpg,Womens Tazon 6 WN's Fm Cross-Trainer Shoe  ,$93.82
152,152 image.jpg,Mens XA PRO 3D v8 GTX Wide Trail Running  ,$199.00
153,153 image.jpg,Men's Xodus 10 Trail Running Shoe  ,$69.17
154,154 image.jpg,Womens Softride Sophia Slip on Running Shoe  ,$117.72
155,155 image.jpg,Womens Fresh Foam Sport V2 Running Shoe  ,$80.69
156,156 image.jpg,Mens Energyfalcon Running Shoe  ,$71.85
157,157 image.jpg,Mens Triumph 20 Running Shoe  ,$164.60
158,158 image.jpg,Mens Men's Speedcross 5 Trail Running Shoes for Men Trail Running Shoe  ,$173.94
159,159 image.jpg,Unisex-Adult Running  ,$152.72
160,160 image.jpg,Mens Club MEMT Shoes Sneaker  ,$99.99
161,161 image.jpg,Women's FuelCore Nergize Sport V1 Sneaker  ,$69.97
162,162 image.jpg,Mens Clarion 2 Running Shoe  ,$76.97
163,163 image.jpg,Mens 608 V5 Casual Comfort Cross Trainer  ,$92.99
164,164 image.jpg,Womens HOVR Sonic 4 Running Shoe  ,$120.00
165,165 image.jpg,"Women's Cohesion 13 Running Shoe, Black, 9.5 W US  ",$68.49
166,166 image.jpg,Womens Edge Lux 4 Running Shoe  ,$76.09
167,167 image.jpg,Women's Gel-Venture 8 Size 1012A706  ,$85.00
168,168 image.jpg,Women's Fresh Foam EVOZ V2 Running Shoe  ,$73.68
169,169 image.jpg,Mens Questar Flow Nxt Running Shoe  ,$121.99
170,170 image.jpg,Unisex-Child Wind A/C 2.0 Running Shoe  ,$70.00
171,171 image.jpg,Womens Peregrine 12 Trail Running Shoe  ,$103.99
172,172 image.jpg,Mens Charged Bandit 2 Sp Road Running Shoe  ,$119.99
173,173 image.jpg,Mens Cohesion 13 Running Shoe  ,$71.27
174,174 image.jpg,Womens Walking Shoes Athletic Blade Running Shoes Non Slip Breathable Lightweight Mesh Fashion Tennis Sneakers  ,$35.99
175,175 image.jpg,Trail Running Shoes Men Hiking Shoes for Men Outdoor Walking Shoes Breathable Non-Slip Sneakers for Men All-Terrain Trekking Shoes Tennis Cross Training Shoes  ,$46.99
176,176 image.jpg,Womens Comfortable Slip on Loafer Flats Fashion Work Nurse Shoes  ,$39.99
177,177 image.jpg,Women's Outdoor Sports Shoes Casual Mesh Air Cushion Sneakers Breathable Running Shoes  ,$39.99
178,178 image.jpg,Women's Ace Leather Original Sneaker  ,$88.19
179,179 image.jpg,Womens Kinvara 12 Running Shoe  ,$113.23
180,180 image.jpg,"Women's Gel-Nimbus 23 Running Shoes, 9, Black/Pure Silver  ",$185.27
181,181 image.jpg,Mens Running Shoe.  ,$101.53
182,182 image.jpg,Womens EQ21 Run Shoes Training Shoes  ,$82.79
183,183 image.jpg,Men's Vigor 2.0 - Serpentine Sneakers  ,$80.21
184,184 image.jpg,Boys DynaSoft 545 V1 Lace-Up Running Shoe  ,$64.99
185,185 image.jpg,Gel-Venture 8 GS  ,$120.08
186,186 image.jpg,Mens Moab 3 Hiking Shoe  ,$105.99
187,187 image.jpg,Gel-Excite 8  ,$85.66
188,188 image.jpg,Men's Gel-Nimbus 24 Size 1011B361  ,$149.95
189,189 image.jpg,Womens Duramo 10 Sneaker  ,$79.87
190,190 image.jpg,Mens Dlux Trainer Running Shoe  ,$88.00
191,191 image.jpg,Mens Lite Racer Adapt 4.0 Running Shoes  ,$99.99
192,192 image.jpg,Mens HOVR Infinite 4 Running Shoe Running Shoe  ,$232.81
193,193 image.jpg,Annapurna Womens Softshell Running Shoes - for Gym  ,$64.99
194,194 image.jpg,Mens Adizero Boston 11 Shoes Shoes  ,$92.26
195,195 image.jpg,Womens Supernova 2 W Running Shoes  ,$64.19
196,196 image.jpg,Mens Integrity Walker 3 Walking Shoe  ,$72.57
197,197 image.jpg,Men's Fashion Sneakers Sport Athletic Tennis Walking Shoes  ,$57.99
198,198 image.jpg,Women's Air Athletic Running Sneaker Cute Fitness Sport Gym Jogging Tennis Shoes (US5.5-11 B(M)  ,$61.99
199,199 image.jpg,Women's Walking Sneakers Tennis Shoes Fashion Breathable Non-Slip Fitness Sport Running Shoes with Mesh Upper Lightweight Comfortable Gym Jogging Sneakers  ,$30.59
200,200 image.jpg,Womens Questar Sneaker  ,$78.00
201,201 image.jpg,Womens Moab Flight Trail Running Shoe  ,$107.37
202,202 image.jpg,Women Running Shoes Lightweight Casual Sport Shoes Breathable Fashion Sneakers Walking Shoes  ,$42.99
203,203 image.jpg,Boys Running Shoes Boys Sneakers Girls Sneakers Girls Running Shoes Kids Sneakers Kids Tennis Shoes For Boys Girls Breathable Tennis Running Shoes Lightweight Athletic Sport Shoes(Little Kid/Big Kid)  ,$39.99
204,204 image.jpg,QASNI Boys Shoes Breathable Lace-up Kids Running Shoes for Boys Girls  ,$54.99
