ID,Image,Title,Price
1,1 image.jpg,Crossbody Bags for Women - Real Leather Small Vintage Adjustable Shoulder Bag  ,$59.99
2,2 image.jpg,Crossbody Bags for Women Small Shoulder Bag Handbags for Women Small Clutch Ladies Purses Evening Clutch Crossbody  ,$41.99
3,3 image.jpg,Wise Owl Genuine Leather Crossbody Handbags & Purses for Women - Premium Crossover Over the Shoulder Bag  ,$68.99
4,4 image.jpg,"Cell Phone Crossbody Wallet Purse, Women Small Leather Crossbody Bag - Fit iPhone Xs Max  ",$33.99
5,5 image.jpg,Waterproof Sling Bag Crossbody Backpack for Men Women Sling Backpack Hiking Daypack Multipurpose Cross Body Chest Bag  ,$25.99
6,6 image.jpg,Small Nylon Shoulder Bags for Women Elegant Feminine Mini Handbags with Zipper Closure (Brown)  ,$29.99
7,7 image.jpg,Womens Travel Bags Weekender Carry on for Women Sports Gym Bag Duffel Bag Overnight Shoulder Bag fit 15.6 inch Laptop Blue  ,$32.98
8,8 image.jpg,AmazonBasics 15.6-Inch Laptop Computer and Tablet Shoulder Bag Carrying Case  ,$23.99
9,9 image.jpg,"17.3-18.5"" Laptop Bag Laptop Briefcase Shoulder Bag Expandable Capacity For Travel/Business/School/Men-Black  ",$79.09
10,10 image.jpg,DHK 18 Inch Vintage Handmade Leather Messenger Bag for Laptop Briefcase Best Computer Satchel School Distressed Bag  ,$98.30
11,11 image.jpg,Small-Crossbody-Bags-for-Women 3 in 1 Multipurpose Shoulder Purse with Detachable Coin Pouch Chain Strap CA  ,$39.99
12,12 image.jpg,Sling Bag Sling Backpack Crossbody Bag Hiking Daypack for Men Women  ,$29.99
13,13 image.jpg,Handbags for Women with Multiple Internal Pockets in Pretty Color Combination  ,$59.99
14,14 image.jpg,Crossbody Bag for Women Waterproof Shoulder Bag Messenger Bag Casual Nylon Purse Handbag  ,$29.99
15,15 image.jpg,Women's Canvas Crossbody Bag Casual Hobo Bag Shoulder Bag Shopping Bag  ,$19.99
16,16 image.jpg,"Messenger Bag,VASCHY Vintage Shoulder Bag Small Canvas Leather Lightweight Crossbody Bag Dark Gray  ",$48.99
17,17 image.jpg,Shoulder Bag for Women Retro Vegan Leather Classic Clutch Tote HandBag  ,$35.99
18,18 image.jpg,Women Canvas Handbag Shoulder bags Casual Multi-Pocket Top Handle Tote Crossbody Shopping Bags  ,$37.96
19,19 image.jpg,Shoulder Bag Retro Classic Purse Clutch Shoulder Tote HandBag with Zipper Closure for Women  ,$32.99
20,20 image.jpg,"Laptop Bags for Women 15.6 inch Laptop Tote Bag PU Leather Large Work Tote Bag Waterproof Professional Business Office Work Bag Laptop Briefcase Women Travel Handbag Shoulder Bag, Black  ",$49.99
21,21 image.jpg,"Messenger Bag for Men,VASCHY Vintage Water Resistant Waxed Canvas Satchel 15.6 inch Laptop Briefcase Shoulder Bag Gray  ",$65.99
22,22 image.jpg,Women Canvas Handbags Shoulder Bag Large Hobo Bags Tote Bag Satchel Handle Bag Crossbody Bag  ,$19.99
23,23 image.jpg,"Anti-Theft Classic Mini Shoulder Bag, One Size, Midnight  ",$44.95
24,24 image.jpg,60L Large Canvas Genuine Leather Trim Travel Tote Duffel Shoulder Weekend Bag Unisex Weekender Overnight Carryon Handbag Shoulder Bag  ,$75.99
25,25 image.jpg,Crossbody Bags for Women Small Leather Purse Ladies Shoulder Handbags  ,$52.99
26,26 image.jpg,Laptop Bag for Women 15.6 inch Leather Laptop Tote Bag Waterproof Work Bag for Office Travel Handbag Shoulder Bag Black  ,$49.99
27,27 image.jpg,"LHKJ One Shoulder Backpack, Sling Bag Crossbody Shoulder Chest Back Pack Anti Theft Sash Bags for Men Women  ",$24.99
28,28 image.jpg,Crossbody Handbag Boho Handmade Cotton Bag For Unisex  ,$21.20
29,29 image.jpg,Small Triple Zip Real Leather Women's Crossbody- Premium Vintage Crossover Shoulder Sling Bag  ,$45.99
30,30 image.jpg,Tactical Fanny Pack Military Tactical Waist Bag Molle Hip Bum EDC Bag Utility Bags with CA Flag Patch for Camping Hiking Hunting (Black) XX-1  ,$26.98
31,31 image.jpg,Women's Lily Shoulder Bag  ,$95.52
32,32 image.jpg,COCHOA Women's Real Leather Small Triple Zip Crossbody Bags Purse Travel Bag (Oxblood)  ,$58.99
33,33 image.jpg,Shoulder Bag for Women Small Handbag with Zipper Closure Retro Classic Tiny Crossbody Trendy Mini Purse  ,$26.99
34,34 image.jpg,"Leather Sling Bag for Women, Fashional Crossbody Bag, Small Sling Belt Bag Mini Chest Bag Sholder Bag with Guitar Strap  ",$28.98
35,35 image.jpg,Laptop Messenger Bag for Men 15.6 Inch Waterproof Waxed Canvas Vintage Genuine Leather Briefcase  ,$69.99
36,36 image.jpg,Waterproof Shoulder Bags Womens Messenger Bag Crossbody Bag Nylon Small Travel Bag Purse Black  ,$25.99
37,37 image.jpg,"Sling Bags Men Women Shoulder Backpack Small Cross Body Chest Sling Backpack Casual Daypacks for Hiking, Sightseeing  ",$24.99
38,38 image.jpg,Japanese Anime Canvas Sling Bag Shoulder Bag School Messenger Bag for Boys Girls  ,$36.99
39,39 image.jpg,Women Small Shoulder Bag Mini White Purse Womens Handbags Crossbody Clutch Purses 90s Y2k Bags  ,$29.89
40,40 image.jpg,Sling Bag - Anti-theft Crossbody Shoulder Bag for Men and Women  ,$27.99
41,41 image.jpg,"Sling Bag,Crossbody Sling Backpack Shoulder Chest Bag for Women Men - Travel Hiking Daypack,By ZOMAKE  ",$26.99
42,42 image.jpg,"MOSISO Laptop Shoulder Bag Compatible with MacBook Air/Pro,13-13.3 inch Notebook,Compatible with MacBook Pro 14 inch 2023-2021 A2779 M2 A2442 M1,Polyester Flapover Briefcase Sleeve Case, Black  ",$33.99
43,43 image.jpg,"Shoulder Bags for Women, Cute Hobo Tote Handbag Mini Clutch Purse with Zipper Closure  ",$39.80
44,44 image.jpg,"tomtoc 360 Protective Laptop Shoulder Bag for 13-inch MacBook Air M2/A2681 M1/A2337 2022-2018, MacBook Pro M2/A2686 M1/A2338 2022-2016, 13-inch Surface Pro 9/8/X/7+/7/6, Water-resistant Accessory Case  ",$51.99
45,45 image.jpg,Laptop Bag for Women 15.6 Inch Tote Bags Waterproof Lightweight Leather Computer Laptop Totes Women Business Office Work Bag Briefcase Large Travel Handbag Shoulder Bag Black  ,$50.99
46,46 image.jpg,Anti-Theft Waterproof Shoulder Backpack Sling Chest Crossbody Bag Cover Pack Rucksack Bicycle Sport (B13-007 Black)  ,$17.58
47,47 image.jpg,Women's Canvas Handbag Purse Top Handle Tote Shoulder Bag Zippered Tote Crossbody Bag  ,$35.99
48,48 image.jpg,Men's Crossbody Shoulder Bag Leather Men Messenger Bag Retro Side Satchel PAD Bag for Men (Brown-82)  ,$39.99
49,49 image.jpg,AmazonBasics 14-Inch Laptop Macbook and Tablet Shoulder Bag Carrying Case  ,$22.43
50,50 image.jpg,"MOSISO 56 inch Shoulder Strap, Adjustable Thick Soft Universal Replacement Non-Slip Fit Padded with Metal Swivel Hooks for Laptop Shoulder Bag/Laptop Messenger Bag/Crossbody Bag, Black  ",$17.99
51,51 image.jpg,Hobo Bags for Women Bucket Purses Crossbody Shoulder Bag Designer handbags Bucket bag for women  ,$43.99
52,52 image.jpg,Everywhere Belt Bag LuLu Fanny Pack Adjustable Fashion Lemon Crossbody Waist Bags Small Waterproof Fanny Pack for Women and Men (Black)  ,$19.99
53,53 image.jpg,Hebetag Vintage Leather Shoulder Messenger Bag for Men or Women Travel Business Crossbody Pack Wallet Satchel Sling Chest Bags Coffee  ,$55.24
54,54 image.jpg,Women's Multi-pocket Shoulder Bag Fashion Cotton Canvas Handbag Tote Purse  ,$30.99
55,55 image.jpg,Leather Purse Women Shoulder Bag Crossbody Satchel Ladies Tote Travel Purse Genuine Leather  ,$54.99
56,56 image.jpg,Sling Bag Men Sling Backpack Crossbody Bags for Men Shoulder Bag (Gray)  ,$50.99
57,57 image.jpg,Canvas Messenger Bag Pack - Leisure 15 14 Inch Laptop Shoulder Satchel Briefcase Backpack for Men Women Teens  ,$29.99
58,58 image.jpg,Sling Bag Chest Shoulder Backpack Fanny Pack Crossbody Bags for Men Travel Hiking Daypack  ,$34.99
59,59 image.jpg,Hobo Bags for Women Handbags Purses Vegan Leather Ladies Shoulder Bag Boho Crossbody Bags  ,$59.89
60,60 image.jpg,Handbags for Women Uncle.Y Shoulder Tote Zipper Purse PU Leather Top-handle Satchel Bags Ladies Medium Size  ,$41.64
61,61 image.jpg,"Small Crossbody Bag Shoulder Bag For Men, Women Mini Messenger Bag Water Resistant Satchel Bag for School Work Travel  ",$19.99
62,62 image.jpg,Crossbody Pack Chest Shoulder Sling Backpack One Strap Lightweight Pouch Day Bag for Outdoor  ,$29.99
63,63 image.jpg,Men's Crossbody Shoulder Bag Genuine Leather Men Messenger Sling Casual Bag Retro Side Satchel PAD for Travel Hiking  ,$39.99
64,64 image.jpg,"Small Messenger Bag for Men Women Casual Work Bag Canvas Satchel Bag Bookbag for School Traveling Camping (Large Charcoal), Large Charcoal, One Size  ",$35.99
65,65 image.jpg,Purses and Handbags Hobo Shoulder Bags Top-Handle Totes Crossbody Purses for Women  ,$49.99
66,66 image.jpg,Purse Strap Shoulder Strap Replacement Adjustable Belt Guitar Style Canvas Cross Body Hand Bag Strap  ,$14.48
67,67 image.jpg,COCHOA Women's Real Leather Small Triple Zip Crossbody Bags Purse Travel Bag (Ocean Blue)  ,$58.99
68,68 image.jpg,Crossbody Bag For Women Leather Small Crossbody Purse Cell Phone Wallet Purses Should Bag  ,$39.99
69,69 image.jpg,Men's Small Vintage Multipurpose Canvas Crossbody Shoulder Bag Crossover Messenger Travel Bag Purse  ,$25.50
70,70 image.jpg,Men's Small Vintage Multipurpose Canvas Crossbody Shoulder Bag Crossover Messenger Travel Bag Purse  ,$25.50
71,71 image.jpg,Men's Small Vintage Multipurpose Canvas Crossbody Shoulder Bag Crossover Messenger Travel Bag Purse  ,$25.50
72,72 image.jpg,Waterproof Sling Bag Crossbody Backpack for Men Women Small Cross Body Chest Travel-Shoulder Bag Sling Purse & Headphone Hole  ,$19.54
73,73 image.jpg,Purses Satchel Handbags for Women Shoulder Tote Bags Wallets  ,$45.99
74,74 image.jpg,"Messenger Bag, Casual Shoulder Sling Bag Satchel Messenger Rucksack for Men Women Work Office Laptop Bag  ",$36.99
75,75 image.jpg,Sling Bag Crossbody Chest Bag Lightweight Casual Daypack Water Resistant Chest Shoulder Bag for Men Outdoor Travel Daily Use (Dark Gray)  ,$29.99
76,76 image.jpg,Women's Shoulder Handbags Hand crocheted Bags large Shoulder Shopping Bag tote bag aesthetic canvas tote cute tote bags  ,$29.32
77,77 image.jpg,Women's Diver Nylon Small Crossbody Bag Purse with Adjustable Shoulder Strap Cross Body  ,$29.17
78,78 image.jpg,Laptop Bags for Women 15.6 Inch Computer Tote Bag Waterproof Lightweight Business Office Briefcase Travel Shoulder Bag  ,$47.99
79,79 image.jpg,Canvas Women Shoulder Bag Casual Tote Bag Top Handle Bag Cross-body Handbags  ,$34.99
80,80 image.jpg,Women's Eva Shoulder Handbag  ,$80.50
81,81 image.jpg,"tomtoc Compact EDC Sling Bag, Minimalist Chest Shoulder Backpack Crossbody Bag for Men and Women, Lightweight Everyday Carry Bag for Tactical, Travel, Work, Gym, Sport, Olive Green, 4.5L  ",$55.99
82,82 image.jpg,"Contact's Genuine Leather Messenger Bag for Men,9.7 '' Handbag Crossbody Shoulder Bags Satchel for Travel Work Business  ",$72.80
83,83 image.jpg,Laptop Bag for Women 15.6 Laptop Tote Bag PU Leather Shoulder Bags Waterproof Lightweight Work Bag Large Capacity Handbag Fashion Tote Bag for Business Office Work Travel Black  ,$48.99
84,84 image.jpg,17 inch Laptop Bag Large Briefcases for men Travel Laptop Case Shoulder Bag Durable Carrying Case 17.3 inch Waterproof Computer Messenger Bag for Travel Business School  ,$43.99
85,85 image.jpg,"Crossbody Bag for Women PU Leather Shoulder Bag, Roomy Handbags with Detachable Strap, Lightweight and Medium  ",$23.19
86,86 image.jpg,Small Sling Crossbody Backpack Multipurpose Casual Daypack Backpacks Outdoor Cycling Hiking  ,$39.99
87,87 image.jpg,"ZZNICK Genuine Leather Messenger Bag, Sling Bag Crossbody Shoulder Bags for Travel Work Business Men Women (Brown-2303)  ",$49.99
88,88 image.jpg,"Small Messenger Bag Crossbody Shoulder Bags for Men, Mini Sling Pack Handbag Mens Nylon Travel Purse  ",$36.99
89,89 image.jpg,Real Leather Crossbody Bags for Women - Purse Handbags Women's Shoulder Bag Asjutable Shoulder Strap  ,$69.99
90,90 image.jpg,"Sling Bags Chest Shoulder Backpacks, 13.3'' 14.1'' Laptop Backpack Crossbody Messenger Bag Travel Outdoor Men Women  ",$45.99
91,91 image.jpg,"DOMISO 17-17.3 Inch Laptop Sleeve Business Briefcase Laptop Shoulder Bag Compatible with 17"" Laptops/17.3"" HP Pavilion 17/MSI GS73VR Stealth Pro/Dell Inspiron 17/Acer/ASUS,Grey  ",$41.99
92,92 image.jpg,Crossbody Bag for Women Large Capacity Shoulder Bag with Adjustable Shoulder Strap Casual Messenger Bag Waterproof Sling Crossbody Bag Top handle Handbag for girls  ,$37.99
93,93 image.jpg,"Messenger Bag for Men, Small Crossbody Bag Water Resistant Sling Shoulder Bag for Travel School Work Business (Black)  ",$21.99
94,94 image.jpg,"Laptop Shoulder Bag Briefcase,15.6-Inch Laptop Carrying Case Water Resistant Computer Bags for Business Casual College  ",$42.99
95,95 image.jpg,"Small Purse for Women, Retro Classic Tote HandBag Shoulder Bags, Clutch Purse with Zipper Closure  ",$31.99
96,96 image.jpg,Tactical Sling Bag Molle Sling Backpack Chest Shoulder Bag for Men Hiking Camping Trekking  ,$29.99
97,97 image.jpg,Hobo Purses Handbags for Women Vegan Leather Tote Fashion Crossbody Large Shoulder Bag  ,$75.99
98,98 image.jpg,Women Tote Bag Handbags PU Leather Fashion Large Capacity Hobo Shoulder Bags with Adjustable Shoulder Strap  ,$68.99
99,99 image.jpg,Anti-Theft Waterproof Shoulder Backpack Sling Chest Crossbody Bag Cover Pack Rucksack Bicycle Sport (B13-008 Grey)  ,$28.99
100,100 image.jpg,Men's Leather Top-Flap Messenger Bag  ,$53.51
101,101 image.jpg,"tomtoc Protective Laptop Shoulder Bag for 13-inch MacBook Air/Pro, 14-inch MacBook Pro M2/M1 Pro/Max A2779 A2442 2023-2021, Water-Resistant Laptop Carrying Case for 12.9 iPad Pro with Keyboard Case  ",$64.99
102,102 image.jpg,The Tote Bags for Women - Large PU Leather Tote Bag Trendy Travel Tote Bag Handbag Top-Handle Shoulder Crossbody Bags  ,$41.99
103,103 image.jpg,"Sling Bag for Men Women, Luckit Crossbody Backpack Waterproof Chest Bag Daypack with Headphone Hole for Hiking Travel  ",$25.99
104,104 image.jpg,A53 Tote Bag  ,$77.57
105,105 image.jpg,Sling Backpack Chest Bag Lightweight Outdoor Sport Travel Hiking Anti Theft Crossbody Shoulder Pack Bag Daypack  ,$27.99
106,106 image.jpg,"Canvas Tote Bag for Women, Girl Shoulder Bag Shopping Bag Beach Bag Handbags Hobo Crossbody Ladies Cross Book Bag  ",$21.99
107,107 image.jpg,Vintage Genuine Leather Tote Shoulder Bag Handbag Big Large Capacity  ,$80.99
108,108 image.jpg,Womens Lightweight Nylon Cross-body Shoulder Bag Casual Messenger Bag with Zipper Pockets  ,$28.99
109,109 image.jpg,"SWISSGEAR 15.6"" Laptop Computer, Tablet and Legal-Size File Shoulder Bag Business Case  ",$88.52
110,110 image.jpg,"Briefcase for Men Women, 15.5 Inch/14 Inch Vintage Leather Messenger Satche Bag, Big Storage Laptop Computer Bags  ",$25.99
111,111 image.jpg,"Tote Bag for Women Waterproof Leather Shoulder Bag Large Capacity Purses and Handbags with Zipper, 2 Pack  ",$29.99
112,112 image.jpg,Messenger Bag Men Shoulder Crossbody Laptop Business Bag Nylon for Travel Work (olive green)  ,$35.99
113,113 image.jpg,Small Shoulder Bags for Women Mini Handbags with Croc Pattern  ,$27.99
114,114 image.jpg,Sling Bag Sling Backpack Travel Hiking Daypack Crossbody Shoulder Bag  ,$29.99
115,115 image.jpg,"Real Leather Messenger Bag for Men and Women - Laptop Briefcase Bag For College, Office, Adjustable Shoulder Strap Satchel  ",$94.99
116,116 image.jpg,Purses and Handbags for Women Satchel Shoulder Tote Bags  ,$45.99
117,117 image.jpg,11 Inch Sturdy Leather Ipad Messenger Satchel Bag  ,$49.99
118,118 image.jpg,"Crossbody Bag and Purse for Women Leather Shoulder Bag with Tassel, Lightweight and Medium Cross Body Side Bag, Black  ",$27.98
119,119 image.jpg,"Messenger Bag For Men,Water Resistant Unisex Canvas Shoulder Bag Fits 14 Inch Laptop School Satchel Book Bag for Work and College  ",$68.99
120,120 image.jpg,"Hand Bag for Women, Girl Canvas Tote Bag Shoulder Bag Big Capacity Shopping Bag Handbags Beach Bag Hobo Crossbody Ladies  ",$15.99
121,121 image.jpg,"Sling Bag Sling Backpack Crossbody Bag Water Resistant Hiking Daypack,Travel Cycling Sport Shoulder Bag for Men Women  ",$34.99
122,122 image.jpg,Women's Gabbi Ruched Hobo Handbag  ,$109.16
123,123 image.jpg,"Crossbody Purses for Women, Multi Pocket Casual Crossbody Bag, Adjustable Strap Shoulder Bag with Tassel  ",$49.29
124,124 image.jpg,"Fanny Pack Crossbody Bags for Women, Small Genuine Leather Cross Body Cell Phone Purse Sling Bags  ",$39.99
125,125 image.jpg,"Mini Hippie Bag,Boho Ethnic Shoulder Bag, Hobo Crossbody Purse-Women's Canvas Bag with Adjustable Strap, Girls Small Sling Handbag, Vintage Embroidered Flower Coin Phone Purse  ",$19.99
126,126 image.jpg,Leather Backpack Purse for Women Fashion Tassel Ladies Shoulder Bags Designer Large Travel Backpack Bags  ,$64.99
127,127 image.jpg,Women Small Shoulder Bag Mini Purse Womens Handbags Crossbody Clutch Purses 90s Y2k Bags  ,$28.89
128,128 image.jpg,Crossbody Bags for Women Leather Croosbody Purse Women Shoulder Bags Crossbody Purse for Women Lizard Pattern White  ,$45.99
129,129 image.jpg,Handbags for Women Shoulder Bags Tote Satchel Hobo 3pcs Purse Set  ,$59.99
130,130 image.jpg,"Water-Proof Sling Backpack/Crossbody Bag/Shoulder Bag for Travel, Hiking, Cycling, Camping for Women & Men (Green Grid)  ",$35.99
131,131 image.jpg,Tote Bag Stylish Ladies Hobo Bag Large Capacity Bucket Bag Shoulder Bag Designer Purse for Women  ,$79.99
132,132 image.jpg,Women Fashion Backpack Purse Anti Theft Waterproof Designer Travel Bag Lightweight Casual Shoulder Bag Satchel Bag  ,$40.99
133,133 image.jpg,Men's Crossbody Shoulder Bag PU Leather Men's Messenger Bag Retro Side Satchel PAD Bag for Men  ,$39.99
134,134 image.jpg,Crossbody Bag for Women Leather Sling Belt Bag Small Chest Bag Fanny Pack Cross Body Bags for Hiking Traveling Cycling  ,$25.59
135,135 image.jpg,"Laptop Bag for Women 15.6 Inch Computer Large Tote Bag Organizer Leather Shoulder Bag Travel Briefcase for Work Waterproof Messenger Bag, Black  ",$49.99
136,136 image.jpg,Unisex-Adult Fifteen Waist Pack Waist Pack  ,$42.00
137,137 image.jpg,"17 inch Laptop Bag for Men Large Laptop Briefcase 17.3 Inch Computer Carrying Case Laptop Messenger Bag Waterproof Shoulder Bag for Business Travel Work School, Black  ",$39.99
138,138 image.jpg,"Crossover Purse and Handbags Crossbody Bags for Women,Ultra Soft Leather Neatpack Bag Shoulder Purses for Girl  ",$33.14
139,139 image.jpg,Jet Set Travel Large X Chain MK Signature Shoulder Tote Bag  ,$187.76
140,140 image.jpg,Leather Hobo Bags For Women Designer Handbag Ladies Large Purses Shoulder Bags  ,$149.99
141,141 image.jpg,"Tactical Shoulder Bag,1000D Outdoor Military Sling Daypack Backpack  ",$25.98
142,142 image.jpg,"Full Flap Shoulder Bag Pw, Black, One Size  ",$83.00
143,143 image.jpg,Outdoor Chest Pack Crossbody Bag for Women GirlsTravel Daypack ，D  ,$29.99
144,144 image.jpg,Crossbody Purses for Women Shoulder Handbags Waterproof Nylon Travel Bag Pocketbooks  ,$27.90
145,145 image.jpg,"MOSISO 360 Protective Laptop Shoulder Bag Compatible with MacBook Air/Pro,13-13.3 inch Notebook,Compatible with MacBook Pro 14 2023-2021 A2779 M2 A2442 M1,Matching Color Sleeve with Belt, Hunter Green  ",$34.99
146,146 image.jpg,"tomtoc 13.5-14.4 Inch Laptop Shoulder Bag for 14-inch MacBook Pro A2442,13-inch MacBook Air/Pro, Surface Laptop Studio 2021/Book, Multi-Functional Laptop Messenger Bag for Surface Pro, Dell XPS 13  ",$57.99
147,147 image.jpg,"Crossbody Sling Bag for Men Women,Sling Backpack Small Backpack  ",$29.99
148,148 image.jpg,"Sling Backpack,Travel Hiking Daypack Pattern Rope Crossbody Shoulder Bag, Ink-wash Painting  ",$30.99
149,149 image.jpg,"Black Purses for Women Hobo Bags Handbags Leather Purses and Handbags Large Tote Shoulder Bag for Work Waterproof, 2 Pack  ",$35.69
150,150 image.jpg,Women's Stylish Genuine Leather Tote Travel Shoulder Bag Handle Bags for Women  ,$64.99
151,151 image.jpg,VC 14 Inch Leather Purse Women Shoulder Bag Crossbody Satchel Ladies Tote Travel Purse Genuine Leather  ,$45.99
152,152 image.jpg,"Sling Backpack, Multipurpose Crossbody Shoulder Bag Travel Hiking Daypack  ",$30.99
153,153 image.jpg,Women's Cotton Convertible Backpack Shoulder Bag Handbag  ,$127.22
154,154 image.jpg,"Hobo Bag for Women, Fashion Ladies Purse Handbags w Detachable Shoulder Strap  ",$49.99
155,155 image.jpg,Men Shoulder Bags Crossbody Sling Bag Waterproof Chest Bag Travel Backpack Rucksack Bicycle Sport  ,$17.99
156,156 image.jpg,"Sling Bag for Men Women,Vaschy Water Resistant One Strap Over the Shoulder Cross Body Backpack Chest Bag for Hiking/Travel/Outdoor Gray  ",$37.99
157,157 image.jpg,"Crossbody Bags for Women, Small Crossbody Purses Chain Shoulder Bag for Womens  ",$33.99
158,158 image.jpg,Crossbody Sling Backpack Multipurpose Crossbody Shoulder Bag for Men Waterproof Small CrossBody Chest Sling Backpack Chest Bag for Hiking Walking Biking Travel Cycling Black  ,$29.99
159,159 image.jpg,Laptop Tote Bag for Women 15.6 Inch Laptop Bag Large USB Teacher Bag Waterproof Lightweight Work Bag Nylon Shoulder Bag  ,$43.99
160,160 image.jpg,Sling Bag for Men Crossbody Backpack Anti Theft Shoulder Bag with USB Charging Port and TSA Lock Waterproof Hiking Chest Bag  ,$37.94
161,161 image.jpg,Womens Sparkly Rhinestone Sequin Glitter bag Clutch Evening Handbag Shoulder Bags Purse for Wedding Party Prom  ,$36.99
162,162 image.jpg,Minimalist Clean Cut Pebbled Faux Leather Tote Womens Shoulder Handbag  ,$27.90
163,163 image.jpg,"Fashionable Shoulder Bag with Large Capacity & Multi Pockets for Men and Women. Great for Outdoor, Travel, & Active Lifestyle. Take all you need with you in one Simple, Practical, & Delightful Bag.  ",$31.99
164,164 image.jpg,Genuine Leather Mens Sling Bag Multipurpose Travel Crossbody Chest Bag Daypacks with USB Charging Port  ,$62.50
165,165 image.jpg,"Anti Theft Sling Bag, Waterproof USB Charging Sport Sling Anti-Theft Shoulder Bag, Mens Sling Bag Crossbody Chest Bag  ",$33.99
166,166 image.jpg,"DOMISO 17.3 Inch Multi-Functional Laptop Sleeve Business Briefcase Waterproof Messenger Shoulder Bag for 17""-17.3"" Notebooks/Dell/Lenovo/Acer/HP/MSI/ASUS, Dark Grey  ",$39.99
167,167 image.jpg,Briefcase for Women 15.6 Inch Genuine Leather Laptop Briefcase Shoulder Work Tote Bag Purse Blue  ,$189.99
168,168 image.jpg,Crossbody Bags for Women Lightweight Medium Shoulder Bags Travel Multi Pocket Purses and Handbags Pocketbooks  ,$27.99
169,169 image.jpg,Sling Bag RFID Blocking Sling Backpack Crossbody Chest Bag Daypack for Hiking Travel  ,$36.99
170,170 image.jpg,Women Handbag Genuine Leather Tote Shoulder Purses  ,$129.99
171,171 image.jpg,Laptop Tote Bag for Women 15.6 Inch Leather Waterproof Computer Bag Teacher Lightweight Office Handbag Shoulder Bag Work Bag Purse 2pcs Set Black Embossed  ,$52.99
172,172 image.jpg,Sling Bag for Men Women Crossbody Shoulder Backpack Chest Bags with USB Charging Port & Headphone Hole for Hiking Outdoor  ,$23.99
173,173 image.jpg,Women's Melissa Hobo Shoulder Handbag  ,$366.94
174,174 image.jpg,Crossbody Bag For Women Waterproof Lightweight Casual Shoulder Handbag Purse Bookbag  ,$33.80
175,175 image.jpg,Handbags for Women Genuine Leather Designer Purse Fashion Hobo Tote Large Shoulder Bag  ,$40.99
176,176 image.jpg,Men's Crossbody Shoulder Bag Leather Men Messenger Bag Sling Casual Bag Retro Side Satchel PAD for Travel outdoor  ,$36.99
177,177 image.jpg,Crossbody Phone Bags for Women Vegan Leather Cell Phone Bags Retro Shoulder Phone Clutch with Credit Card Slots  ,$19.99
178,178 image.jpg,WEIXIER Man Leather Crossbody Bag Messenger Hand bag Summer Tote Bags Business  ,$49.99
179,179 image.jpg,"Laptop Bag 13-13.3 inch,Laptop Carrying Case with Shoulder Strap,Multi-functional Notebook Sleeve,Protective Messenger Handbag Briefcase Compatible with Acer/Asus/Lenovo/HP/Mac/Dell - Bee  ",$33.99
180,180 image.jpg,Men's Shoulder Bag Nylon Messenger Bag Crossbody Purse Waterproof Lightweight for Travel Work Outdoor  ,$28.45
181,181 image.jpg,"Women's Leather Wristlet Clutch Phone Wallet, Mini Crossbody Purse Bag with Card Slots…  ",$33.99
182,182 image.jpg,"Sling Bag for Hiking and Outdoor, Crossbody Shoulder Backpack, Travel Chest Bag Daypack for Men & Women  ",$24.99
183,183 image.jpg,"Mens Shoulder Bag, Genuine Leather Messenger Handbag Crossbody Bag for Men Purse iPad Bag for Business Office Work School with Adjustable Strap Black  ",$68.56
184,184 image.jpg,Satchel Bags for Women Soft Leather Purses Handbags Crossbody Bags Tote Fashion Hobo Shoulder Bags Roomy  ,$66.99
185,185 image.jpg,Sling Bag for Men Crossbody Shoulder Chest Bags Nylon for Travel Gym Sport Hiking with USB Charger Port  ,$26.99
186,186 image.jpg,"Messenger Bag,Unisex Shoulder Bag Small Water Resistant Men Canvas Crossbody Bag Grey VONXURY  ",$45.89
187,187 image.jpg,Women Small Shoulder Handbags Mini Purse Waterproof Soft PU Leather Crossbody Bags for Work Shopping  ,$33.51
188,188 image.jpg,Evercat Cambridge Tote  ,$26.76
189,189 image.jpg,Women Handbag Designer Vegan Leather Hobo Handbags Shoulder Bucket Crossbody Purse Navy  ,$71.99
190,190 image.jpg,"Quilted Bag Purse for Women with Chain Strap, Vegan Leather Small Crossbody Messenger Handbag Shoulder Bag, White, White  ",$15.99
191,191 image.jpg,Womens Fashion Handbags Tote Bag Cross Body Shoulder Bag Top Handle Satchel Purse  ,$45.99
192,192 image.jpg,"Cell Phone Purse, PU Leather Crossbody Bag Small Crossbody Bag Shoulder Bag Handbag Clutch Phone Pockets for Women Wallet Purse - Pink  ",$18.49
193,193 image.jpg,"Laptop Bag for Women Computer Tote Bag Handbag Shoulder Bag Purse Business Work Briefcase Travel Bag, 15.6-inch  ",$53.99
194,194 image.jpg,Women Waist Bag Fanny Pack Waist Pack Pouch Female Banana Bag for Women Ladies Fashion Travel Shoulder Purse Belt Bag Belly Pocket Hip Bum Bag  ,$19.99
195,195 image.jpg,Vintage Full Grain Italian Leather Purses and Handbags for Women Satchel Bag Ladies Tassel Tote Messenger Shoulder Bag  ,$175.99
196,196 image.jpg,Medium Hobo Bag Women Purse Handbag PU Leather Crossbody Bag Shoulder Phone Pouch Tote Bags Ladies Satchel Wallet  ,$39.99
197,197 image.jpg,"Toddler Purses for Little Girls,Crossbody Cute Princess Handbags Shoulder Bag for Toddler Little Girl  ",$11.99
198,198 image.jpg,"Handbags for Women,Fashion Pu Leather Convertible Shoulder Bag Top Handle Crossbody Satchel 2pcs Set  ",$49.99
199,199 image.jpg,Small Crossbody Purse Bag For Women Handbags Cell Phone Wallet Purse Nylon Side Bag Shoulder Bag  ,$21.99
200,200 image.jpg,Crossbody Sling Backpacks Sling Bag for Men Hiking Daypack with USB Charger Port/Earphone Hole Shoulder Backpack…  ,$24.99
201,201 image.jpg,Small Hobo Handbag for Women Top Handle Crossbody Bag Ladies PU Leather Shoulder Purse + Katloo Nail Clipper  ,$36.99
202,202 image.jpg,Sling Bag Waterproof Crossbody Backpack for Men Women Travel Chest Bag Multipurpose Shoulder Bag for Travel Climbing Hiking Daypack  ,$19.97
203,203 image.jpg,"Purses for Women, Crossbody Bags for Women, Lightweight with 2 Straps Shoulder Bag for Casual & Party, H208820, Burgundy  ",$39.99
204,204 image.jpg,Women's Retro Large Size Canvas Shoulder Bag Hobo Crossbody Handbag Casual Tote  ,$14.80
205,205 image.jpg,"Women's Ginevra Elite Shoulder Bag, Top Zip, Latte Logo  ",$106.72
206,206 image.jpg,Soft Faux Leather Tote Bag for Women with Large Zipper Compartment  ,$39.99
207,207 image.jpg,"Small Sling Bag for Women Men with USB Charger Port, Waterproof Sling Bag Bags for Women Mens Crossbody Shoulder Chest  ",$25.99
208,208 image.jpg,"Laptop Tote Bag for Women, Kasqo 15.6"" Water Resistant Shockproof Large Shoulder Work Teacher Bag with Luggage Sleeve  ",$54.99
209,209 image.jpg,Handbags for Women Designer Hobo Bag Large Shoulder Bucket Crossbody Purse  ,$59.99
210,210 image.jpg,"Handbags and Purses for Women, Large Ladies Shoulder Bag Stylish Hobo Bag Purse  ",$48.99
211,211 image.jpg,Mini Crossbody Bag for Women PU Shoulder Bag Credit Card Purse Cell Phone Oval Wallet Small Travel Handbag Casual Bag  ,$23.99
212,212 image.jpg,"Clutch Purse and Dumpling Bag for Women,Designer Cloud Handbag and Ruched Bag with Detachable Shoulder Strap  ",$36.99
213,213 image.jpg,Quilted Small Crossbody Purse for Women Mini Shoulder Bag Cellphone Wallet Purses  ,$24.98
214,214 image.jpg,Women Hand-Woven Bread Purse and Handbag Leather Top Handle Satchel Shoulder Crossbody Creative Noodles Underarm Hobo Bag  ,$75.36
215,215 image.jpg,Genuine Leather Sling Bag Crossbody Casual Hiking Daypack Vintage Handmade Chest Bag Shoulder Backpack Motorcycle Pack  ,$231.85
216,216 image.jpg,Women's Everyday Multipurpose Crossbody Handbag  ,$164.41
217,217 image.jpg,"Men's Genuine Leather Shoulder Bag, Business Crossbody Bag for Men Messenger Bags Leather Purse Men's Side Bags  ",$104.69
218,218 image.jpg,Women Shoulder bags Purse Casual Hobo Top Handle Totes Handbags Ladies Crossbody Shopping Bags  ,$31.99
219,219 image.jpg,Tote Bag Waterproof Nylon Multi Pocket Shoulder Bags Laptop Work Bag Teacher Purse and Handbags for Women & Men  ,$35.99
220,220 image.jpg,Small Crossbody Sling Backpack Brynnl Casual Chest Daypack with USB Charger Port Waterproof Outdoor Chest Sling Bag Shoulder Chest Bag Daypack for Women & Men Perfect for Traveling Hiking Cycling  ,$25.59
221,221 image.jpg,Multi-Pocket Shoulder Bag Nylon Tote Bag Large-Capacity Lightweight Travel Bags Handbag For Women  ,$36.99
222,222 image.jpg,"Anti-Theft Classic Slim Double Zip Crossbody Bag Messenger Bag, Black  ",$33.43
223,223 image.jpg,"Crossover 2 Crossbody Tote, Black  ",$149.95
224,224 image.jpg,Navor Men's Small Vintage Multipurpose Canvas Shoulder Bag Messenger Bag Purse  ,$29.50
225,225 image.jpg,Navor Men's Small Vintage Multipurpose Canvas Shoulder Bag Messenger Bag Purse  ,$29.50
226,226 image.jpg,Navor Men's Small Vintage Multipurpose Canvas Shoulder Bag Messenger Bag Purse  ,$29.50
227,227 image.jpg,"Lightweight 15.6"" Laptop, Tablet and Legal-Size File Laptop Bag/Briefcase  ",$36.99
228,228 image.jpg,CamGo Tactical Briefcase Heavy Duty Molle Messenger Bag Men's Handbag  ,$39.99
229,229 image.jpg,Sling Bag Small Backpack Men Women with USB Charging Port Crossbody Bags Shoulder Bag Purse Water Resistant Lightweight  ,$49.99
230,230 image.jpg,"Canvas Duffle Bag for Travel Genuine Leather Trim Travel Tote Duffel Shoulder Weekend Bag Weekender Overnight Carryon Handbag for Men or Women, ArmyGreen  ",$39.99
231,231 image.jpg,"Radiant Urban Sling Bag- Quick Access, Expandable,Multipurpose Shoulder Bag Waterproof Sling Shoulder Crossbody Bag for Working and Travel(Gift - a glasses bag)  ",$169.49
232,232 image.jpg,"Canvas Weekender Bag, Womens Overnight Bag Carryon Weekend Travel Duffel Tote with Shoe Compartment with Toiletry Bag Flight Approved  ",$65.99
233,233 image.jpg,Vintage Genuine Leather Tote Bag for Women Work Shoulder Purse Large  ,$105.99
234,234 image.jpg,PU Leather Sling Bag for Men Crossbody Shoulder Bag Sling Backpack Fashionable  ,$46.99
235,235 image.jpg,"Everki Advance Laptop Bag-Briefcase, Fits Upto 16-Inch (EKB407NCH)  ",$40.98
236,236 image.jpg,"Messenger Bag for Men,Water Resistant Vintage Canvas Unisex 14 Inch Laptop Bag Work Computer Shoulder Bag School VONXURY  ",$51.89
237,237 image.jpg,"Laptop Tote Bag for Women,RAVUO Water Resistant 15.6 Inch Work Purse Teacher Bag…  ",$52.99
238,238 image.jpg,Belt Bag for Women Fanny Pack Dupes Mini Fanny Pack Crossbody Lemon Bags for Women and Men Waterproof-Everywhere Belt Bag  ,$23.99
239,239 image.jpg,"unisex-adult Come Bag Soon Leather 15.6"" Messenger  ",$185.83
240,240 image.jpg,Small Crossbody Bags for Women Purses Fashion Leather Lightweight Handbags Shoulder Bag  ,$29.99
241,241 image.jpg,"Women's Elysia Crossbody, Lightweight, Multi-Compartment Magnetic Snap Pockets, Shoulder Bag  ",$135.85
242,242 image.jpg,"Nylon Shoulder Bag for Women,Durable Mini Handbag with Zipper Closure,Retro Classic Tote HandBag Shoulder Bag  ",$18.88
243,243 image.jpg,Weixier Business Leather Mens Crossbody Bag Messenger Bag Shoulder Bags Men Bag  ,$49.99
244,244 image.jpg,Tote Bag for Women Large Canvas Shoulder Purse for Travel Work Handbag Multi Pockets  ,$35.59
245,245 image.jpg,Backpack Purse for Women Shoulder Bag Flap Backpack Anti-Theft Travel Bag  ,$33.89
246,246 image.jpg,Hot Women Handbag Shoulder Bags Tote Purse Faux Leather Hobo Bag Satchel Beautiful  ,$30.00
247,247 image.jpg,Men's Tactical Sling Bag Military Chest Shoulder Molle Small Daypack Backpack for Outdoor Cycling Hiking Camping  ,$19.99
248,248 image.jpg,womens Janelle Croissant Shoulder Bag  ,$61.21
249,249 image.jpg,KENLY LARGTE TOTE SHOULDER BAG SATCHEL  ,$239.27
250,250 image.jpg,Large Crossbody Bags Ladies Shoulder Handbags Purse and Wallet Set for Women Totes Hobo Purses  ,$71.19
251,251 image.jpg,Women Trendy Saddle Shoulder Bag Clutch Purse Underarm Handbag Satchel HandBag Crossbody Bag  ,$52.87
252,252 image.jpg,Designer Handbag for Women Ladies Handbags PU Leather Weave Shoulder Bag Women Top-Handle Purse  ,$39.99
253,253 image.jpg,Canvas Tote Bag Shoulder Bag Top Handle Handbags Travel Tote Bag For Men & Women  ,$25.09
254,254 image.jpg,"Purses for Women, Shoulder Bag, Top Handle Vintage Hobo Bags for Women, Handbags for Women with Strap, H1065  ",$48.42
255,255 image.jpg,"Womens Handbag, Pu Leather Bucket Tote Purse And Handbags Medium Satchel Hobo Purse Designer Work Shoulder Bags  ",$74.33
256,256 image.jpg,"KINGSLONG Laptop Bag 15.6 16 Inch Laptop Shoulder Messenger Bag Case Sleeve, Lightweight Slim Computer Notebook Ultrabooks Carrying Case Briefcase Cover for Men Women fit for Acer Asus Dell Lenovo HP Toshiba MacBook, Black  ",$33.99
257,257 image.jpg,Women Crossbody Bag Soft PU Leather Purses and Handbags Multi Pocket Hobo Shoulder Bag  ,$48.00
258,258 image.jpg,"MOSISO Laptop Shoulder Bag Compatible with MacBook Pro 16 inch 2021 2022 M1 Pro/Max/2019-2020 A2141/Pro 15 A1398, 15-15.6 inch Notebook, Carrying Briefcase Sleeve with Trolley Belt Marble MO-MBH348  ",$33.99
259,259 image.jpg,"Sling Backpack,Canvas Crossbody Hiking Daypack Bag with Anti-theft Pocket  ",$28.99
260,260 image.jpg,Leather Shoulder Messenger Bag for Men or Women Travel Business Crossbody Pack Wallet Satchel Sling Chest Bags Black  ,$97.23
261,261 image.jpg,"Men's Waterproof Crossbody Backpack - Multifunctional Crossbody Shoulder Bag, Chest and Shoulder Backpack Waterproof Crossbody With USB, Casual Hiking Camping Travel Daypack  ",$22.99
262,262 image.jpg,"Travel Duffle Bag, Sports Tote Gym Bag, Women Shoulder Weekender Bag Carry on Bag for Airplane, Ladies Overnight Bag  ",$21.99
263,263 image.jpg,"Large Tote Bag for Women with Zip, Lightweight Handbags Shoulder Bags,Waterproof Nylon,School,Work,Shopping Daily Use  ",$28.50
264,264 image.jpg,Women’s Fashion Crossbody Bags Lightweight Adjustable Chain Strap Quilted Designer Handbags Shoulder Bag  ,$31.99
265,265 image.jpg,womens Cotton Convertible Backpack Shoulder Bag  ,$102.71
266,266 image.jpg,"Crossbody Shoulder Square Purses and Handbags for Women, Quilted Shoulder Bags Faux Leather Crossbody Bags with Metal Strap  ",$15.08
267,267 image.jpg,Drawstring Bucket Bag for Women Large Crossbody Purse and Shoulder Bag Suede Tote Handbags  ,$36.99
268,268 image.jpg,"Small Sling Bag, Crossbody Backpack Canvas Daypack Casual One Shoulder Bag Traveling Hiking Camping for Men and Women  ",$15.00
269,269 image.jpg,"Hobo Bag for Women,VONXURY Fashion Ladies Purse Handbag Faux Leather Shoulder Bag with Adjustable Long Strap  ",$44.89
270,270 image.jpg,Women's Want Candy Hearts Shoulder Bag  ,$76.17
271,271 image.jpg,"Travel Duffel Bag, Sports Gym Tote Carry on Bags for Women, Foldable Lightweight Overnight Shoulder Weekender Shopping Hospital Handbag with Shoes Compartment (Purple)  ",$42.99
272,272 image.jpg,Women's Party Shoulder Bag  ,$84.69
273,273 image.jpg,Genuine Leather Handbag Purse for Women Shoulder Bag Travel Totes Satchel Pocketbook  ,$68.99
274,274 image.jpg,Lightweight Gym Tote Bag Waterproof Sports Handbag Shoulder Bag for Women Girls  ,$38.99
275,275 image.jpg,Womens Studded Tote Handbags Top Punk Casual Shoulder Bags Hobo Rocker Satchel Purse  ,$39.99
276,276 image.jpg,R1 Sling Bag Multipurpose Shoulder Bag Waterproof Messenger Bag Anti-Theft Crossbody Bag for Travel Work  ,$163.84
277,277 image.jpg,Real Leather Small Crossbody Handbags & Purses for Women -Premium Crossover Over the Shoulder Bag  ,$57.99
278,278 image.jpg,Tactical Sling Bag Pack Military Rover Shoulder Sling Backpack  ,$39.99
279,279 image.jpg,Full Grains Italian Leather Women Hobo Purses and Handbags Shoulder Bag Crossbody Messenger Bag for Girls  ,$169.99
280,280 image.jpg,65L Internal Frame Hiking Backpack for Outdoor Camping Travel Backpacking Backpack for Men  ,$129.00
281,281 image.jpg,Womens Backpack Purse and Handbags Designer Ladies Shoulder Bag Vegan Leather Large Travel Backpack Purses  ,$69.99
282,282 image.jpg,CasuaL Crossbody Sling bag  ,$17.99
283,283 image.jpg,Hobo Bag Dumpling hadnbag Knoted Woven bag PU Woven Handbag Woven Tote Bags  ,$49.99
284,284 image.jpg,Mia K Collection Hobo Bag for Women - PU Leather Handbag - Womens Shoulder Bag Top Handle Fashion Pocketbook Purse  ,$71.23
285,285 image.jpg,"MOSISO 360 Protective Laptop Shoulder Bag Compatible with MacBook Air/Pro,13-13.3 inch Notebook,Compatible with MacBook Pro 14 2023-2021 A2779 M2 A2442 M1,Matching Color Sleeve with Belt, Slate Gray  ",$36.99
286,286 image.jpg,Polare Cowhide Leather Sling Chest Shoulder Bag Waterproof Crossbody Casual Daypack  ,$89.99
287,287 image.jpg,"Lightweight Leather Phone Purse, Small Crossbody Bag Mini Cell Phone Touch Screen Bag Purse Pouch Shoulder Bag with Adjustable Strap for Women  ",$33.38
288,288 image.jpg,"Crossbody Bag Purse for Girls,VASCHY Lightweight Small Messenger Shoulder Bag Gift for Preteen/Teen Little Kids  ",$33.89
289,289 image.jpg,Small Soft Real Leather Women Crossbody Handbags & Purses - Triple Zip Premium Sling Crossover Shoulder Bag  ,$58.99
290,290 image.jpg,Japanese School Girls JK Uniform Shoulder Bag PU Faux Handbag Black Bags Satchel  ,$70.83
291,291 image.jpg,Briefcase for Women 15.6 inch Laptop Handbag Work Bag Large Capacity Handbag Shoulder Bag Beige with Brown  ,$99.99
292,292 image.jpg,Canvas Shoulder Bag for Women Anti theft Retro Ethnic Cross Body Bag Purses for Women with Adjustable Strap  ,$26.91
293,293 image.jpg,Genuine Leather Hobo Handbags Designer Tote Shoulder Bag Large Crossbody Purses for Women  ,$149.99
294,294 image.jpg,"Cow Leather Small Crossbody Bags for Women Chain Purse, Ladies Mini Shoulder Bags Saddle Purse Handbags  ",$78.98
295,295 image.jpg,"Hobo Handbags Canvas Shoulder Bag - Unisex Retro Crossbody for Women Soft Designer Messenger Aesthetic Tote Travel Business School Office, Dark Gray, Dark Gray  ",$36.43
296,296 image.jpg,Woven Leather Bags for Women Knoted Women Handbag Designer Shoulder Bucket Purse Handmade Fashion Tote Hobo Bag Small  ,$72.91
297,297 image.jpg,Mens Duffle/Gym Bag  ,$36.82
298,298 image.jpg,"Women's Noelle Small Noel Tote, Shoulder Bag, One Size  ",$122.36
299,299 image.jpg,"Women Corduroy Tote Bag, Etercycle Casual Handbags Big Capacity Shopping Shoulder Bag with Pocket  ",$26.99
300,300 image.jpg,Small Crossbody Sling Backpack JIELISI Casual Chest Daypack Waterproof Unisex Shoulder Bag Outdoor Chest Sling Bag Shoulder Chest Bag Daypack for Women & Men Perfect for Traveling Hiking Cycling  ,$25.99
301,301 image.jpg,"Laptop Bag for Women, Water Resistant 15.6 Inch Laptop Tote Work School Shoulder Bag with Small Pouch by VONXURY  ",$51.89
302,302 image.jpg,Purses for Women Leather Shoulder Bags Designer Handbags Ladies Hobo Bag  ,$99.99
303,303 image.jpg,"Sports Gym Bag Folding with Dry & Wet Seperated Waterproof Weekend Travel Bag Overnight Bag for Women, Large Duffle Holdall Bag Shoulder Bag for Swim, Gym, Sports,Travel (Black New)  ",$28.99
304,304 image.jpg,Genuine Leather Women's Crossbody Shoulder Sling Bags/Satchel Bag/Cowhide Saddle Bag/Chest Bag/Shoulder Messenger Bag  ,$48.31
305,305 image.jpg,Geometric Luminous Crossbody Bags for Women Holographic Reflective Handbags Shoulder Bags  ,$79.99
306,306 image.jpg,"Purses and Handbags, Drawstring Bucket Bag, Women’s Shoulder Handbags, Mothers Day Gifts Purse, H1078  ",$39.99
307,307 image.jpg,"DOMISO 11.6-13 inch Laptop Bag Business Briefcase Water-resistant Notebook Messenger Shoulder Bag for 13"" MacBook Pro/13"" MacBook Air Retina/12.9"" iPad Pro/12.3"" Microsoft Surface Pro Pro 4 6,Blue  ",$27.99
308,308 image.jpg,Rhinestone Purse for Women Bling Glitter Handbags Shoulder Bags Evening Luxury Bags for Party Prom  ,$45.99
309,309 image.jpg,Leather Briefcase for Women 15.6 Inch Laptop Business Computer Ladies Stylish Work Handbags Shoulder Bag  ,$161.46
310,310 image.jpg,Women Top Handle Satchel Handbags Shoulder Bag Messenger Tote Bag Purse  ,$31.89
311,311 image.jpg,Leather Mens Messenger Bag CrossBody Bag for Men Tote Handbags Travel  ,$79.99
312,312 image.jpg,Genuine Leather Bucket Handbag Designer Hobo Shoulder Bags Tote Purses and Handbags  ,$129.99
313,313 image.jpg,Women's Shoulder Bag Fashion Purses and Handbags Multipurpose Crossbody Flapper Dumpling Pouch Clutch And Evening Bag  ,$37.08
314,314 image.jpg,Messenger Bag Men Shoulder Crossbody Laptop Business Bag Nylon for Travel Work (Black)  ,$34.99
315,315 image.jpg,Bucket Bags for Women Handbags Purse  ,$34.89
316,316 image.jpg,Laptop Bag 15.6 inch Business Briefcase for Men Travel Computer Bags Expandable Messenger Shoulder Durable Laptop Carrying Case for Travel/Work/School  ,$32.99
317,317 image.jpg,"Voova 360° Protective Laptop Bag Case 17 17.3 Inch with Shoulder Strap, Waterproof Slim Computer Sleeve for MacBook Pro 17, New Razer Blade Pro 17, HP Envy 17/Pavilion 17, Asus Dell Notebook, Gray  ",$33.99
318,318 image.jpg,Leather Backpack Purse for Women Fashion Shoulder Bag with Multiple Pockets Large  ,$127.22
319,319 image.jpg,Women’s Handbags Designer Purses Satchel Totes Structured Shoulder Bags  ,$79.99
320,320 image.jpg,Women Handbag Leather Designer Crossbody Tote Pures Shoulder Hobo Bucket Bag for Casual Work Daily  ,$59.99
321,321 image.jpg,The Women's Bag High-Grade Texture Fashion Temperament Niche One-Shoulder Armpit Hand-Held Crescent Bag  ,$39.81
322,322 image.jpg,"LONMEN 14 Inch Laptop Shoulder Bag,Computer Sleeve Carrying Case for 15 inch MacBook Pro 2019 / MacBook Pro Retina/Microsoft Surface Book 2 / Dell XPS 15/14"" Laptop/Chromebook/Ultrabook (Gray)  ",$28.99
323,323 image.jpg,Men's Crossbody Shoulder Bag Leather Men's Messenger Bag Retro Side Satchel PAD Bag for Men  ,$42.99
324,324 image.jpg,Canvas Medic Bag Crossbody Shoulder Bag with Leather Closing Straps  ,$28.71
325,325 image.jpg,Canvas Israeli Paratrooper Crossbody Shoulder Bag  ,$41.99
326,326 image.jpg,"MOSISO 360 Protective Laptop Shoulder Bag Compatible with MacBook Air/Pro,13-13.3 inch Notebook,Compatible with MacBook Pro 14 2023-2021 A2779 M2 A2442 M1,Matching Color Sleeve with Belt, Navy Blue  ",$35.99
327,327 image.jpg,Men's Crossbody Shoulder Bag Leather Men Messenger Bag Retro Side Satchel PAD Bag for Men (Black-81)  ,$39.99
328,328 image.jpg,Mini Purse Small Shoulder Bags for Women Trendy Small Hobo Bag Clutch Purses for Women  ,$59.88
329,329 image.jpg,Nylon Multi-Pocket Crossbody Purse Bags for Women Travel Shoulder Bag  ,$29.42
330,330 image.jpg,Crossbody Bag for Women Multi-Zipper Pocket Shoulder Bag Messenger Bag Waterproof Nylon Crossbody Purse Handbag  ,$21.78
331,331 image.jpg,Roomy Cell Phone Purse Wallet Canvas Small Crossbody Purse Bags with Shoulder Strap For Women teen girls  ,$18.99
