ID,Image,Title,Price
1,1 image.jpg,Women's D'Lites - Biggest Fan Sneakers  ,$86.97
2,2 image.jpg,Womens Carina Sneaker  ,$83.38
3,3 image.jpg,Womens Champion Originals Sneaker  ,$65.16
4,4 image.jpg,Women's Featured PU Leather Colorful Lace-Up Sneaker  ,$39.99
5,5 image.jpg,Men's Stan Smith Sneakers  ,$94.79
6,6 image.jpg,Women's Bayshore Slip on Shoe Fashion Sneaker  ,$33.97
7,7 image.jpg,Unisex-Adult Super Levitate Sneaker  ,$63.86
8,8 image.jpg,Womens Running Tennis Walking Shoes Fashion Sneakers Non Slip Resistant Platform Workout Slip on Casual Working Athletic Gym Sport Shoes for Jogging Hiking and Trail  ,$31.99
9,9 image.jpg,Womens Adidas ASTIR W Sneakers  ,$130.00
10,10 image.jpg,Womens Sheilahh Slip on Platform Sneaker Shoe Sneaker  ,$48.97
11,11 image.jpg,Womens Center II Fashion Sneaker  ,$67.95
12,12 image.jpg,Mens 50988  ,$50.00
13,13 image.jpg,Mens Energy Afterburn  ,$82.00
14,,,
15,15 image.jpg,Men's Classic Lace Up Casual Canvas Sneakers Shoes  ,$60.99
16,16 image.jpg,Women's Energycloud Lightweight Slip On Walking Running Shoes  ,$44.99
17,17 image.jpg,Women's Running Shoes Lightweight Comfortable Mesh Sports Shoes Casual Walking Athletic Sneakers  ,$39.99
18,18 image.jpg,Womens Loven Sneaker  ,$80.99
19,19 image.jpg,"47inch Shoe Laces, Flat White Shoe Laces Athletic Shoelaces for Sneakers Running Shoes Fits All Adult and Kids, 12 Colors  ",$9.98
20,20 image.jpg,"Propet Men's Stability X Strap Sneaker, Black, 11.5 5E US  ",$59.99
21,21 image.jpg,Womens Running Shoes Walking Non Slip Hiking Shoes Lightweight Breathable Lace Up Sneakers Women Tennis Gym  ,$40.99
22,22 image.jpg,Womens Women's Rawlins Casual Lace-up Sneakers Women's Rawlins Casual Lace-Up Sneakers  ,$113.83
23,23 image.jpg,"Elastic No Tie Shoelaces Half Round 1/4"", Stretch Tieless Shoe Laces Strings For Adults Kids Sneakers (1 Pair)  ",$6.88
24,24 image.jpg,Womens Summits Sneakers  ,$65.62
25,25 image.jpg,Womens Endorphin Shift 3 Running Shoe  ,$189.99
26,26 image.jpg,Womens TRACE60 W Sneaker  ,$90.00
27,,,
28,28 image.jpg,"No Tie Shoe Laces for Kids and Adults, Tieless Elastic Shoelaces for Sneakers  ",$10.99
29,29 image.jpg,Womens Sneaker Sneaker  ,$61.41
30,30 image.jpg,Womens Two Sneaker  ,$79.99
31,31 image.jpg,Womens Princess Sneaker  ,$69.99
32,32 image.jpg,Women's Nizza Platform Sneaker  ,$95.00
33,33 image.jpg,Men's Tazon 6 Fracture FM Sneaker  ,$112.00
34,34 image.jpg,"No Tie Shoe Laces for Adults and Kids, Elastic Shoelaces for Sneakers, Rubber Silicone Tieless Laces  ",$10.99
35,35 image.jpg,Womens Alpine Sneaker Hiking Shoe  ,$127.11
36,36 image.jpg,Womens Charged Assert 9 Running Shoe  ,$94.99
37,37 image.jpg,Women's Flex Appeal 3.0-First Insight  ,$73.66
38,38 image.jpg,Men's Casual Fashion Sneakers Leather Skate Shoes  ,$59.99
39,39 image.jpg,Womens Triple Kick Canvas Sneaker  ,$55.22
40,40 image.jpg,Womens Viv Classic Sneaker Sneaker  ,$96.95
41,41 image.jpg,Men's Slip On Fashion Sneakers Casual Lightweight Running Walking Tennis Shoes  ,$59.99
42,42 image.jpg,Mens Club MEMT Shoes Sneaker  ,$84.99
43,43 image.jpg,Shoes Women's Soft 7 Lace Fashion Sneakers  ,$201.59
44,44 image.jpg,Women's Outdoor Sports Shoes Casual Mesh Air Cushion Sneakers Breathable Running Shoes  ,$39.99
45,45 image.jpg,Men's Barefoot Shoes Minimalist Trail Running Shoes Zero Drop Wide Toe Box Five Fingers Protection Sneakers  ,$45.99
46,46 image.jpg,Boys Girls Running Shoes Kids Athletic Walking Sneakers for Toddler/Little Kid/Big Kid  ,$34.99
47,47 image.jpg,Kids Sneakers Boys Girls Athletic Running Tennis Sport Shoes Lightweight Comfy Shoes  ,$35.99
48,48 image.jpg,Boys Girls Running Shoes Kids Running Tennis Shoes Athletic Sneakers for Boys Girls Lightweight Breathable Walking Shoes Non-Slip Sneakers for Boys and Girls (Toddler/Little Kid/Big Kid)  ,$33.99
49,49 image.jpg,Women Walking Shoes Fashion Sneakers Athletic Casual Road Running Breathable WorkoutGym Tennis Lace Up Comfortable Lightweight Shoes  ,$39.99
50,50 image.jpg,Womens Rebound Layup Sneaker  ,$89.99
51,,,
52,52 image.jpg,Womens Ethyl Sneaker  ,$145.00
53,53 image.jpg,Mens 515 V3 Sneaker  ,$86.56
54,54 image.jpg,Waterproof Steel Toe Shoes for Men Lightweight Safety Sneakers Slip Resistant Puncture Proof Work Shoes  ,$59.90
55,55 image.jpg,Mens Moreno- Winsor Sneakers  ,$100.44
56,56 image.jpg,Women's Grand Court Sneakers  ,$77.99
57,57 image.jpg,Womens 420 V2 Sneaker  ,$90.31
58,58 image.jpg,"for Work Men's Nampa-Groton Food Service Shoe,Black  ",$69.99
59,59 image.jpg,Mens Softride Premier Slip on Sneaker  ,$69.60
60,60 image.jpg,Womens Air Running Shoes Women Sneakers Air Cushion Walking Tennis Shoes for Women  ,$64.00
61,61 image.jpg,Little Kids Tennis Running Shoes - Breathable Lightweight Athletic Walking Shoes Fashion Sneakers for Boys and Girls  ,$35.99
62,62 image.jpg,Men Running Shoes Tennis Shoes Walking Athletic Shoes Blade Fashion Sneakers  ,$49.93
63,63 image.jpg,CADIDLCheer Shoes for Women White Cheerleading Sneakers for Girls Youth Flat Training Shoes  ,$45.99
64,64 image.jpg,Women's Flex Appeal 4.0 Brilliant View Lace Up Sneaker  ,$69.99
65,65 image.jpg,Womens 33492 Sneaker  ,$69.99
66,66 image.jpg,Mens Pandora Sneaker  ,$86.50
67,67 image.jpg,Mens Go Run Consistent - Performance Running & Walking Shoe Sneaker  ,$59.97
68,68 image.jpg,Mens GO Walk Evolution Ultra-IMPEC Sneakers  ,$84.99
69,69 image.jpg,Go Walk Max Wide Sneaker  ,$66.90
70,70 image.jpg,Baby Sneakers Soft Breathable Infant Shoe Anti Slip First Walking Shoes for New Born Boys Girls  ,$24.99
71,71 image.jpg,Mens Charged Pursuit 3 Road Running Shoe  ,$58.39
72,72 image.jpg,Womens 574 Core Sneaker  ,$114.99
73,73 image.jpg,Women's Lounge Away Sneaker  ,$40.65
74,74 image.jpg,Women's Kickstart Premium Sneaker  ,$52.91
75,75 image.jpg,Girls Water Sports Shoes Athletic Barefoot Toddler Shoes Boys Breathable Sneakers  ,$24.99
76,76 image.jpg,Womens Street Lite Retro Sneaker  ,$99.97
77,77 image.jpg,Women's JGoldCrown Uno Lace Up Fashion Sneaker  ,$114.75
78,78 image.jpg,Unisex 2750 Cotu Classic Sneaker  ,$89.99
79,79 image.jpg,Mens Running Walking Tennis Gym Athletic Shoes Fashion Sneakers Casual Ligthweight Workout Sports Shoes Comfortable Breathable Slip on Shoes for Jogging  ,$44.99
80,80 image.jpg,"No Tie Shoelaces for Kids and Adults, Elastic Shoelaces for Sneakers  ",$8.99
81,81 image.jpg,Trail Running Shoes Men Hiking Shoes for Men Outdoor Walking Shoes Breathable Non-Slip Sneakers for Men All-Terrain Trekking Shoes Tennis Cross Training Shoes  ,$46.99
82,82 image.jpg,Womens Rory Shoes Fashion Sneaker  ,$54.99
83,83 image.jpg,Mens Bayliss Sneaker Sneaker  ,$192.82
84,84 image.jpg,Mens Clipper Sneaker  ,$53.51
85,85 image.jpg,Womens Triple Kick Sneaker  ,$63.50
86,86 image.jpg,Womens Flex Appeal 4.0 Sneaker  ,$69.99
87,87 image.jpg,Womens Classic Leather Shoe Sneaker  ,$20.52
88,88 image.jpg,Womens Uno - Bright Air Sneaker  ,$211.11
89,89 image.jpg,Mens Davis Square's Chukka Shoe  ,$89.95
90,90 image.jpg,Womens Alley Leather Sneaker  ,$57.85
91,91 image.jpg,Mens Track- Scloric Sneakers  ,$66.96
92,92 image.jpg,Women's ISLA Lightweight Sneaker  ,$58.45
93,93 image.jpg,Men's Q air Cushion Running Shoes Knitted Fabric Sneakers Bright Colors Suitable Woven for Young People Fashion  ,$52.52
94,94 image.jpg,Womens Lace-up Trainers Air Cushion Sneakers Walking Training Shoes Mesh Lightweight Breathable Sports Shoes  ,$39.99
95,95 image.jpg,Women's Slip Ons Walking Casual Loafers Canvas Lightweight Sneaker Comfortable Art Painted Travel Shoes Toledo  ,$115.00
96,96 image.jpg,Mens Soft 7 Lace Sneaker  ,$215.99
97,97 image.jpg,Unisex-Child Stan Smith (End Plastic Waste) Sneaker  ,$80.00
98,98 image.jpg,Womens Nova Sneaker  ,$97.87
99,99 image.jpg,Mens DELSON- Axton Sneakers  ,$53.50
100,100 image.jpg,Mens Moreno- EDERSON Fashion Sneakers  ,$86.97
101,101 image.jpg,Womens Microburst One Up Fashion Sneaker  ,$84.00
102,102 image.jpg,Mens Running Shoes Non Slip Sport Breathable Fashion Sneaker  ,$55.99
103,103 image.jpg,Womens Superstar Sneaker  ,$98.04
104,104 image.jpg,Women's Triple Kick Glitter Leather Sneaker  ,$104.56
105,105 image.jpg,Womens Carina Mid Sneaker  ,$216.89
106,106 image.jpg,Women's Wired Run Slip On Sneaker  ,$121.49
107,107 image.jpg,Womens Venice Pismo Sneakers - Pastel Lilac  ,$108.54
108,108 image.jpg,Men's Fashion Sneakers Casual Comfort Canvas Skate Shoes  ,$59.99
109,109 image.jpg,Unisex-Child Superstar Shoes Junior Sneakers  ,$48.06
110,110 image.jpg,Men's Smash v2  ,$80.28
111,111 image.jpg,Womens Possesion Sneaker  ,$109.99
112,112 image.jpg,Womens Maxima Sneaker  ,$101.89
113,113 image.jpg,Womens Bayshore Slip on Shoe Sneaker  ,$66.90
114,114 image.jpg,Womens Champion Kate Spade Sneaker  ,$63.58
115,115 image.jpg,"Womens Wedge Sneakers High Top Womens Sneakers with Wedge, Wedgies Sneakers, Wedge Shoes for Women  ",$112.99
116,116 image.jpg,"Women's Cl Renaissance Fashion Sneaker, 8.5 M US  ",$90.00
117,117 image.jpg,Mens Jazz Court Sneaker  ,$25.44
118,118 image.jpg,Womens Arizel Sneaker  ,$71.03
119,119 image.jpg,Girls Ultra Flex-Groovin Vibes Sneaker  ,$64.99
120,120 image.jpg,Mens Grand Crosscourt Ii Sneaker Sneaker  ,$105.38
121,121 image.jpg,Men's Roma Sneaker  ,$97.72
122,122 image.jpg,Mens Smash 2 Sneaker  ,$80.28
123,123 image.jpg,Womens Tessa Sneaker  ,$99.20
124,124 image.jpg,Mens Hull 3 Sneaker  ,$78.12
125,125 image.jpg,Continental80-Stripes Sneakers  ,$74.00
126,126 image.jpg,Mens Roaklyn Sneaker  ,$100.44
127,127 image.jpg,Mens REEBOKCLUBMEMT Casual Sneakers  ,$150.56
128,128 image.jpg,Mens Grand Crosscourt Modern Perforated Sneaker Sneaker  ,$89.95
129,129 image.jpg,"830 Men�s Basketball Shoes, Retro Sneakers for Indoor or Outdoor, Street or Court, Sizes 8 to 13  ",$148.33
130,130 image.jpg,Air Running Shoes for Women Comfortable Tennis Walking Shoes Women Sport Gym Sneakers .Size5.5-11  ,$45.99
131,131 image.jpg,Women's Exite Le9 Walking Shoe  ,$84.99
132,132 image.jpg,Men's Women's Safety Working Ultralight Shoes Industrial & Construction Anti-Puncture Breathable Steel Toes Shoes  ,$63.98
133,133 image.jpg,Women's Landon Sneaker  ,$66.69
134,134 image.jpg,Womens Fashion Lightweight Air Sports Walking Sneakers Breathable Gym Jogging Running Tennis Shoes US5.5-11 B(M)  ,$52.99
135,135 image.jpg,Men's VIGOR 2.0 - TRAIT Sneakers  ,$85.00
136,136 image.jpg,Womens Wander Up Sneaker  ,$102.95
137,137 image.jpg,Womens Cloudfoam Pure 2.0 Shoes  ,$73.00
138,138 image.jpg,Women's Clarion 2 Running Shoe  ,$82.49
139,139 image.jpg,Mens El Rey 2 Perf Sneaker  ,$89.99
140,140 image.jpg,Womens Puremotion Adapt Shoes Shoes  ,$79.99
141,141 image.jpg,Womens D'lux Walker-Infinite Motion Sneaker  ,$69.99
142,142 image.jpg,Womens Bobs Sparrow 2.0- Allegiance Crew Sneaker  ,$95.00
143,143 image.jpg,Womens Karmen Rebelle Sneaker  ,$94.99
144,144 image.jpg,Womens Morrison Fashion Sneaker  ,$132.46
145,145 image.jpg,Womens High-top Wedge Sneakers � Slip-on Shoes with Hidden Wedges Sneaker  ,$128.52
146,146 image.jpg,Womens FuelCore Nergize V1 Sneaker  ,$134.72
147,147 image.jpg,Women's Lightz Sneaker  ,$78.94
148,148 image.jpg,"The Madrid Eco-Knit Slip-On Sneakers, Casual Trendy Shoes for Women and Men  ",$160.81
149,149 image.jpg,Womens Selah Sneaker  ,$150.00
150,150 image.jpg,Womens Gills Sneaker  ,$84.16
151,151 image.jpg,Mens Kore City Walk Oxford Athletic Style Sneaker Lace Up Shoe Oxford  ,$73.56
152,152 image.jpg,Mens Cloudfoam Advantage Shoes Sneakers  ,$80.37
153,153 image.jpg,Men's Classic Fit-Delson-Camden  ,$86.97
154,154 image.jpg,Womens Kickback Leather Sneaker  ,$69.85
155,155 image.jpg,Womens Lear Sneaker  ,$45.17
156,156 image.jpg,Womens Grand Court SE Shoes Tennis Shoe  ,$87.08
157,157 image.jpg,Mens Street Lite Retro Sneaker  ,$168.99
158,158 image.jpg,Women's Ace Leather Sneaker  ,$55.23
159,159 image.jpg,Womens Slip on Sneakers Ultra Lightweight Breathable Fashion Sports Gym Jogging Athletic Walking Shoes  ,$12.87
160,160 image.jpg,Women's Hali Hidden Wedge Sneaker +Memory Foam  ,$68.26
161,161 image.jpg,Mens Faxon X Sneaker  ,$82.82
162,162 image.jpg,Womens Club C 85 Vintage Sneaker  ,$140.12
163,163 image.jpg,Womens Classic Leather Vegan Shoes Sneaker  ,$75.97
164,164 image.jpg,Men's Afterburn M. Fit Wonted Sneaker  ,$110.00
165,165 image.jpg,Water Shoes Women Men Quick Drying Swim Beach Aqua Shoes for Water Sport Diving Hiking Sailing Travel  ,$45.99
166,166 image.jpg,Womens Casual and Fashion Sneakers Casual and Fashion Sneakers  ,$79.98
167,167 image.jpg,Womens Twliams Sneaker  ,$89.99
168,168 image.jpg,Women's Jazzin Fable Fabric Sneaker  ,$69.31
169,169 image.jpg,Womens Elore Sneaker  ,$80.21
170,170 image.jpg,Womens 117209 Sneaker  ,$90.00
171,171 image.jpg,Womens Summits - Looking Groovy Sneaker  ,$66.89
172,172 image.jpg,Mens Royal Lo Sneaker  ,$18.15
173,173 image.jpg,Womens Center Leather Sneaker  ,$79.99
174,174 image.jpg,Womens Tia Sneaker  ,$59.99
175,175 image.jpg,Womens Stability Walker Sneaker  ,$107.00
176,176 image.jpg,womens Nina Lace-up Fashion Sneaker Sneaker  ,$61.21
177,177 image.jpg,Mens Changeover Ii Fashion Sneaker  ,$67.13
178,178 image.jpg,Unisex's Canvas Dansneaker  ,$88.90
179,179 image.jpg,Womens Fressian Sneaker  ,$79.99
180,180 image.jpg,Womens Soft 7 Monochromatic 2.0 Sneaker  ,$194.48
181,181 image.jpg,Mens Keaton Sneaker  ,$140.00
182,182 image.jpg,Womens Athleisure Sneaker  ,$105.44
183,183 image.jpg,"Women's Morrison Sneaker, Grey, 8.5 Wide US  ",$125.73
184,184 image.jpg,Womens Uno - Everywear Sneaker  ,$89.99
185,185 image.jpg,Women's Ecentrcq Fashion Sneaker  ,$133.47
186,186 image.jpg,Womens Carnaby Sneaker Sneaker  ,$102.01
187,187 image.jpg,Men's Running Walking Shoes Mesh Lightweight Breathable Casual Fashion Sneakers  ,$63.99
188,188 image.jpg,"Kids Running Shoes, Boys Girls Athletic Sneakers  ",$33.99
189,189 image.jpg,Womens Kaia Platform Sneaker  ,$81.34
190,190 image.jpg,Mens 574 Core Sneaker  ,$114.99
191,191 image.jpg,Womens Shorefront LTT Sneaker  ,$61.54
192,192 image.jpg,Womens Consistent Sneaker  ,$90.00
193,193 image.jpg,Mens Old School Low-Rider Iv Sneaker  ,$71.26
194,194 image.jpg,Mens Soft 7 City Tie Sneaker  ,$220.00
195,195 image.jpg,Womens Play Sneaker  ,$52.18
196,196 image.jpg,Womens See Me Sneaker  ,$107.14
197,197 image.jpg,Mens Striper Storm CVO Sneaker  ,$32.11
198,198 image.jpg,Women's Athletic Walking Shoes Casual Mesh-Comfortable Work Sneakers  ,$52.99
199,199 image.jpg,Men's Women's O-010 Black Leather CSA Approved Green Triangle Comfort Oxford LACE UP Slip Resistant Safety Shoes  ,$69.99
200,200 image.jpg,Women Running Shoes Non Slip Tennis Shoes Fashion Blade Sneakers Athletic Gym Shoes Casual Walking Shoes  ,$57.99
201,201 image.jpg,Womens Walking Shoes Athletic Blade Running Shoes Non Slip Breathable Lightweight Mesh Fashion Tennis Sneakers  ,$39.99
202,202 image.jpg,Mens Colle Tie Sneaker  ,$131.21
203,203 image.jpg,Women's Canvas Low Top Sneakers Lace Up Casual Fashion Shoes  ,$25.58
204,204 image.jpg,Womens Clay Sneaker  ,$65.34
205,205 image.jpg,Men's 623 V3 Casual Comfort Cross Trainer  ,$89.99
206,206 image.jpg,Kids Girls Lexi Sneaker  ,$80.00
207,207 image.jpg,"Women's Jump Kick Slip Leather Sneaker, Cognac, 8, Cognac, 8  ",$77.99
208,208 image.jpg,Womens Multix Sneaker  ,$65.69
209,209 image.jpg,Mens Running Shoes  ,$213.33
210,210 image.jpg,Men's Classic Harman Run  ,$126.10
211,211 image.jpg,Womens Cliff Sneaker  ,$119.50
212,212 image.jpg,Womens Chase 2 Tie Hydromax Sneaker  ,$110.60
213,213 image.jpg,Mens Street Tray Recru Sneaker  ,$149.99
214,214 image.jpg,Mens Forum MID Shoes  ,$107.33
215,215 image.jpg,Womens Rewind Run Sneaker  ,$76.85
216,216 image.jpg,Women's Lightweight Slip on Comfort Sneaker  ,$133.87
217,217 image.jpg,LT Waterproof Womens Hiking Shoes - for Walking  ,$99.99
218,218 image.jpg,Womens Essential Road Running Shoe  ,$80.00
219,,,
220,220 image.jpg,Kids Sneakers Girls Breathable Light Mesh Sport Shoes Running Shoes for Boys Black Blue Pink Little Kid/Big Kid  ,$35.99
221,221 image.jpg,The Waldo Knit Sneakers  ,$159.28
222,222 image.jpg,Mens Enzo 2 Running Shoe  ,$87.55
223,223 image.jpg,Womens OZELIA W Sneakers  ,$98.00
224,224 image.jpg,Womens Mamba Sneaker  ,$59.11
225,225 image.jpg,Unisex-Adult Intruder Casual Shoe  ,$109.99
226,226 image.jpg,Womens Low-top Sneakers Low-Top Sneakers  ,$160.00
227,227 image.jpg,Women's Nylite Plus Fashion Sneaker  ,$90.19
228,228 image.jpg,Women's Soletide Leather Sneaker  ,$90.00
229,,,
230,230 image.jpg,Mens Integrity Walker 3 Walking Shoe  ,$129.99
231,231 image.jpg,Men's Fashion High Top Leather Street Sneakers Sports Casual Shoes  ,$52.99
232,232 image.jpg,"Mens Running Shoes, Super Lightweight Breathable Walking Shoes Sneakers Black US7-12  ",$35.99
233,233 image.jpg,Kids Sneakers Boys Girls Athletic Running Tennis Sport Shoes  ,$25.99
234,234 image.jpg,Womens Walking Tennis Shoes Slip On Lightweight Comfort Casual Memory Foam Sneakers for Gym Running Work  ,$51.99
235,235 image.jpg,Women's Lightweight Athletic Running Shoes Breathable Sport Air Fitness Gym Jogging Sneakers  ,$40.91
236,236 image.jpg,Men's Fashion Sneakers Sport Athletic Tennis Walking Shoes  ,$57.99
