ID,Image,Title,Price
1,1 image.jpg,"TOPDesign 6-Pack Economical Cotton Tote Bag, Lightweight Medium Reusable Grocery Shopping Cloth Bags, Suitable for DIY, Advertising, Promotion, Gift, Giveaway, Activity  ",$19.99
2,2 image.jpg,"10 Pack Blank Canvas Tote Bags with Handles, Lightweight Reusable Grocery Shopping Cloth Bags for DIY, Gift, Activity, 8.7x10.2 Inch  ",$25.59
3,3 image.jpg,Reusable Grocery Bags - Homemell Heavy Duty Foldable Shopping Bags - Extra Strength Holds 100+ lbs - Large Size Black Canvas Collapsible Tote - 6 Pack  ,$39.99
4,4 image.jpg,"6/10/20/40 Pack Cotton Canvas Bag Blank Tote Canvas Bags Reusable Grocery Shopping Bags for DIY, Gift, Drawing  ",$22.99
5,5 image.jpg,"TOPDesign 12-Pack Economical Cotton Tote Bag, Lightweight Medium Reusable Grocery Shopping Cloth Bag, Suitable for DIY, Advertising, Promotion, Gift, Giveaway, Activity  ",$33.99
6,6 image.jpg,"Canvas Tote Bags for Women Handbag Tote Purse with Zipper Canvas Crossbody Bag for Office, Travel, School  ",$53.68
7,7 image.jpg,"Canvas Tote Bag Aesthetic,Cute Tote Bags with Metal Zipper Big Canvas Tote Bags for Women Girl Shopping School Library  ",$21.99
8,8 image.jpg,"Canvas Tote Bags for Women, Nicav Large Utility Tote Bags with Pockets Zip Top for Teacher Nurse School Work  ",$39.96
9,9 image.jpg,"Canvas Tote Bag Aesthetic, Reusable Grocery Shopping Bags with Inner Pocket, Zippered Shoulder Tote Bag for Women School, Washable, Durable and Feldable  ",$15.99
10,10 image.jpg,Laptop Bag for Women 15.6 Laptop Tote Bag PU Leather Shoulder Bags Waterproof Lightweight Work Bag Large Capacity Handbag Fashion Tote Bag for Business Office Work Travel Black  ,$48.99
11,11 image.jpg,"Premium Reusable Grocery Bags, Heavy Duty Tote Shopping Bag with Handles Economical for Daily Use, Party, Kitchen Storage  ",$22.00
12,12 image.jpg,"6 Packs Canvas Tote Bags, 16 x 13.4 Inch Reusable Grocery bags with Zipper, Heavy Duty Shopping Bags, Blank DIY Bags for Art Crafts Painting Embroidery Decoration  ",$33.89
13,13 image.jpg,"Canvas Tote Bag for Women, Girl Shoulder Bag Shopping Bag Beach Bag Handbags Hobo Crossbody Ladies Cross Book Bag  ",$21.99
14,14 image.jpg,"TOPDesign 5 | 12 | 24 | 48 Pack Economical Cotton Tote Bag, Lightweight Medium Reusable Grocery Shopping Cloth Bags, Suitable for DIY, Advertising, Promotion, Gift, Giveaway, Activity (5-Pack)  ",$30.80
15,15 image.jpg,Corduroy Totes Bag Women's Shoulder Handbags Big Capacity Shopping Bag  ,$15.98
16,16 image.jpg,Tote Bag for Women Minimalist Nylon Work Totes Laptop Shoulder Bag Purse Set with Wristlet Clutch Large Capacity  ,$126.28
17,17 image.jpg,"8 Pcs 18.5""x15""（47x38CM） Canvas Tote Bags Large Tote Shopping Bags with Handle Multipurpose, Fashiona.  ",$44.99
18,18 image.jpg,"EcoRight Canvas Tote Bag Aesthetic, Reusable Shopping Bag, Grocery & Beach Tote Bags for Women  ",$14.99
19,19 image.jpg,QTB Large Blank Heavy Duty Reusable Canvas Tote Shopping Bag  ,$11.99
20,20 image.jpg,Corduroy Tote Bag for Women Girl Shoulder Bag Shopping Bag Beach Bag Handbags For Work Lunch Travel School  ,$24.99
21,21 image.jpg,"Faylapa 6 Pack Canvas Tote Bags,Heavy Duty and Strong Shopping Grocery Bag Blank Cotton Bags for Decorating Crafts DIY (Style 1)  ",$27.09
22,22 image.jpg,Soft Faux Leather Tote Bag for Women with Large Zipper Compartment  ,$39.99
23,23 image.jpg,"Tote Bags for women 15.6 inch Laptop Tote Bags Large Work Bag womens Laptop Bags Teacher Bag Waterproof Lightweight Shoulder Bags Laptop Briefcase for Work Business Office, Black  ",$47.99
24,24 image.jpg,Bunny Canvas Tote Bag Funny Bunny Tote Bag Animal Lover Gift Bunny Bag For Women Girl Bunny Lover Gift Cute Bunny Gift (Bunny Tote Bag ca)  ,$18.89
25,25 image.jpg,Singer Music Tote Bag Western Bag for Women Cowgirl Country Gift Singer Album Gift Singer Merchandise Western Canvas Tote Bag  ,$18.89
26,26 image.jpg,"Laptop Bag for Women Computer Tote Bag Handbag Shoulder Bag Purse Business Work Briefcase Travel Bag, 15.6-inch  ",$53.99
27,27 image.jpg,"CafePress Japanese Iris & Butterflies Tote Bag Natural Canvas Tote Bag, Cloth Shopping Bag  ",$22.50
28,28 image.jpg,Canvas Tote Bag Double-Side Double Carry Multifunctional Cotton Canvas Tote Bag Reusable Handbag Storage Bag Fashionable Two-Color Double-Side Use Good for Shopping Trip School Beach Lunch(Strawberry)  ,$18.99
29,29 image.jpg,"Super Strong Large 12oz Cotton Canvas Tote Bag, Reusable Grocery Shopping Cloth Bags,Good for Shopping Trip School Beach Lunch, Sunflower Design (Green) CM  ",$18.99
30,30 image.jpg,Canvas Women Shoulder Bag Casual Tote Bag Top Handle Bag Cross-body Handbags  ,$34.99
31,31 image.jpg,Laptop Bag for Women 15.6 inch Leather Laptop Tote Bag Waterproof Work Bag for Office Travel Handbag Shoulder Bag Black  ,$49.99
32,32 image.jpg,"Canvas Tote Bag with Zipper, Eco-Friendly Large Travel Tote Bags for Women for Shopping, Work & Beach  ",$24.99
33,33 image.jpg,Large Capacity Work Tote Bags for Women's Waterproof Leather Purse and handbags ladies Waterproof Big Shoulder Bag  ,$44.98
34,34 image.jpg,"Tote Bag for Women Waterproof Leather Shoulder Bag Large Capacity Purses and Handbags with Zipper, 2 Pack  ",$29.99
35,35 image.jpg,"Laptop Bags for Women 15.6 inch Laptop Tote Bag PU Leather Large Work Tote Bag Waterproof Professional Business Office Work Bag Laptop Briefcase Women Travel Handbag Shoulder Bag, Black  ",$49.99
36,36 image.jpg,Mesh Beach Tote Womens Shoulder Handbag  ,$24.90
37,37 image.jpg,Kaxich 4 Pack Foldable Shopping Bags Reusable Eco-Friendly Grocery Tote Bags Shopper Bag Folding into Attached Pouch (Random Color)  ,$13.99
38,38 image.jpg,Canvas Bag with Magnetic Snap Large Size Simple Design Thick and Sturdy  ,$19.90
39,39 image.jpg,"Canvas Tote Bag Aesthetic Vintage, Cute Graphic Trendy Tote Bags with Zipper Pockets  ",$23.99
40,40 image.jpg,"EcoRight Canvas Tote Bag for Women for Beach, Shopping, Travel  ",$19.99
41,41 image.jpg,"Cotton Canvas Tote Bag with handles, Reusable Cloth Shopping Grocery Bag, Large, Heavy Duty  ",$15.99
42,42 image.jpg,The Reader Tarot Card Tote Bag Book Tote Bag Tarot Tote bag Reader bag Book Lover Gift Canvas Tote bag Bookworm Gift  ,$18.89
43,43 image.jpg,"6 Pack Canvas Tote Bag Heavy Duty 100% Cotton Natural Canvas Reusable Foldable Grocery Shopping Bag for DIY,Travel(37x33cm)  ",$23.99
44,44 image.jpg,The Tote Bags for Women - Large PU Leather Tote Bag Trendy Travel Tote Bag Handbag Top-Handle Shoulder Crossbody Bags  ,$41.99
45,45 image.jpg,Laptop Bag for Women 15.6 inch Laptop Tote Bag Leather Classy Computer Briefcase for Work Waterproof Handbag Professional Shoulder Bag Women Business Office Bag Large Capacity Black  ,$49.99
46,46 image.jpg,"4 Pack 12oz Heavy Natural Canvas tote bag 16"" W X 16"" H X 3.15"" Bottom Gusset,Tote shopping bag,Washable grocery tote bag, Craft canvas bag  ",$15.00
47,47 image.jpg,Oversize Vegan Leather Tote Women Weekender Bag Shopper Handbag Travel Purse  ,$39.90
48,48 image.jpg,Vintage Genuine Leather Tote Shoulder Bag Handbag Big Large Capacity  ,$80.99
49,49 image.jpg,Canvas Tote Bag for Women - Travel Tote Bag Purse with Zipper Fashion Shoulder Crossbody Bag Handbag  ,$36.97
50,50 image.jpg,Original Floral Water Resistant Large Tote Bag Shoulder Bag for Gym Beach Travel Daily Bags Upgraded  ,$35.99
51,51 image.jpg,2 Pack Canvas Tote Bag Reusable Grocery Bags Eco-Friendly Washable DIY Craft Tote Shopping Bag  ,$18.99
52,52 image.jpg,Work Tote Bags for Women - Trendy Personalized Oversized PU Leather Tote Bag Top-Handle Shoulder Crossbody Bags  ,$48.99
53,53 image.jpg,"Women Tote Bag Large Shoulder Bag Top Handle Handbag with Yoga Mat Buckle for Gym, Work, School  ",$54.31
54,54 image.jpg,Singer Album Inspired Tote Bag Music Song Idea Gift Women Canvas Tote Bag Singer Gift for Fan (HS BLU tote ca)  ,$20.89
55,55 image.jpg,20 Pieces Sublimation Tote Bags Screen Printing Blank Canvas Tote Bags Reusable Washable Polyester Grocery Bags for Decorating and DIY Crafting White  ,$49.99
56,56 image.jpg,"3 Packs Canvas Tote Bags, 16 x 13.4 Inch Reusable Grocery bags with Zipper, Heavy Duty Shopping Bags, Blank DIY Bags for Art Crafts Painting Embroidery Decoration  ",$22.99
57,57 image.jpg,"CafePress Tote Bag Natural Canvas Tote Bag, Cloth Shopping Bag  ",$20.50
58,58 image.jpg,"Corduroy Tote Bag, Women's Shoulder Purses for Office School Shopping  ",$21.99
59,59 image.jpg,"Lekereise Lunch Bags for Women, Leakproof Insulated Lunch Bag with Adjustable Shoulder Strap, Large Reusable Lunch Cooler Tote Bag for Work Picnic School Camping Beach Travel, 15L, Black  ",$29.99
60,60 image.jpg,"Large Utility tote bag,waterproof beach bag,foldable and reusable storage bag,shopping bag,picnic bag,etc.  ",$27.68
61,61 image.jpg,ZENPAC Sewn Black Reusable Gift Bags  ,$33.99
62,62 image.jpg,Nylon Large Lightweight Tote Bag Shoulder Bag for Gym Hiking Picnic Travel Beach Waterproof Tote Bags  ,$24.99
63,63 image.jpg,"Laptop Tote Bag, Middle Size Computer Messenger Teacher Bag with 15.6'' Padded Laptop Sleeve  ",$45.99
64,64 image.jpg,Laptop Bag For Women 15.6 Inch Large Computer Tote Bag Leather Professional Shoulder Bag Women Waterproof Business Office Work Bag Travel Handbag Black  ,$49.99
65,65 image.jpg,"Mesh Beach Tote bag, Oversized Lightweight Pool Grocery Storage Net Bag Handbag for Beach Picnic Shopping Camping Grocery  ",$20.99
66,66 image.jpg,"Maxlite 5 Lightweight Underseat Carry-On Travel Tote Bag, Black, 18-Inch  ",$94.99
67,67 image.jpg,"Canvas Bags Heavy Natural Canvas Tote Bags with Long Handles Grocery Bags (15.7"" x 13.7"" x 4"", 12 oz)  ",$11.99
68,68 image.jpg,Reusable Grocery Bags Set Durable Heavy Duty Tote Bag Collapsible Grocery Shopping Box Bag with Reinforced Bottom  ,$29.99
69,69 image.jpg,Canvas Tote Bag Multifunctional Cotton Canvas Tote Bag Reusable Handbag Storage Bag Fashionable Two-color Double-side use (pink)  ,$14.99
70,70 image.jpg,Carhartt Vertical Open Tote Black  ,$50.99
71,71 image.jpg,"Corduroy Tote Bag, Fashion Corduroy Crossbody Messenger Shoulder Tote Bag, Tote Bag with Zipper & Outer Pocket  ",$9.99
72,72 image.jpg,"4 Pack Reusable Shopping Bag, Foldable Grocery Bags Washable Shopping Tote Bags Foldable in a Pouch Eco Tote Polyester Shopping Bag for Daily Shopping Loading, 4 colors (random color)  ",$14.99
73,73 image.jpg,"SMIBUY 12 Pcs Blank Canvas Tote Bags, 13.8 X 15.8 X 4 inch Heavy Duty 12oz Tote Bags Bulk, Cotton Shopping Bags with Handle & Bottom Gusset Perfect for Promotion Branding and Gift (Natural)  ",$48.99
74,74 image.jpg,womens Favorite Tote  ,$40.00
75,75 image.jpg,Women Satchel Handbag Purse Ladies Leather Vintage Top Handle Tote Handbag  ,$40.99
76,76 image.jpg,"Foldable Reusable Grocery Shopping Tote Bags, 6 Pack Eco-friendly Travel Recycle Shopping Bags Folding to fits in Pocket, Waterproof and Machine Washable  ",$17.99
77,77 image.jpg,"XL Plus Insulated Grocery Bags by NZ home, Reusable Grocery Tote, Soft Cooler Bag, Hot & Cold Takeout or Food Delivery Bag, Lightweight, Sturdy Zipper, Foldable, Stands Upright (2 Pack, Orange), Orange, XL Plus  ",$35.99
78,78 image.jpg,Laptop Bag for Women 15.6 inch Women Leather Briefcase Business Tote Bags for Women  ,$46.99
79,79 image.jpg,Crossbody Purses for Women Shoulder Handbags Waterproof Nylon Travel Bag Pocketbooks  ,$27.90
80,80 image.jpg,"CafePress Honey Bees Tote Bag Natural Canvas Tote Bag, Cloth Shopping Bag  ",$22.50
81,81 image.jpg,"Utility Water Resistant Tote Bag with 13 Exterior & Interior Pockets, Top Zipper Closure & Thick Bottom Support, for Working Women, Teachers, Nurses, Accountants (Baroque Carnation)  ",$39.99
82,82 image.jpg,"Cotton Tote Bag, Multiple pockets Reusable Grocery Shopping Canvas Bag, Suitable for Travel, Shopping, Activity  ",$25.99
83,83 image.jpg,"Canvas Zipper Tote Bag, 3 Pcs KOOLMOX 12oz Heavy Duty Zippered Canvas Tote Bag with Long Handles and 3.9'' Bottom, Machine Washable & Reusable, Canvas Bags for Crafts, Groceries Shopping, 17x13x3.9''  ",$23.49
84,84 image.jpg,"Tote Bags for Women, Water Resistant 15.6 Inch Laptop Shoulder Bag Purses and Handbag with Coin Purse 2pc Set for Work,School,Shopping, Beach Black VONXURY  ",$56.89
85,85 image.jpg,"Canvas Bags Heavy Natural Canvas Tote Bags with Long Handles Reusable Grocery Bags (15.7"" x 13.7"", 12 oz)  ",$14.99
86,86 image.jpg,Large Personalized Reusable Fabric Beach Tote Bag  ,$16.99
87,87 image.jpg,"Laptop Bag for Women 15.6 Inch Computer Large Tote Bag Organizer Leather Shoulder Bag Travel Briefcase for Work Waterproof Messenger Bag, Black  ",$49.99
88,88 image.jpg,Canvas Tote Bag Aesthetic Tote Bag with Zipper Interior Pocket Shoulder Tote Bags for Women School Shopping  ,$25.86
89,89 image.jpg,"Canvas Tote Bag 15.5""H X13"" W X 3"" Bottom Gusset,Heavy Natural Tote Shopping Bag,Washable Grocery Tote Bag, Grocery Shopping Shoulder Bags,DIY Craft Canvas Bag,Paint, Decoration for People-5 Pieces  ",$28.88
90,90 image.jpg,Cloele Corduroy Tote Bag for Women Girls Kids Shoulder Bag with Inner Pocket for Work Beach Lunch Travel and Shopping Grocery(Green)  ,$22.99
91,91 image.jpg,"Woven Tote Bag, Women Macaron Soft Leather Weave Handbag Purse Wrist Bag Large Capacity Work Shopping Travel Daily  ",$96.80
92,92 image.jpg,"5 Pack Large Foldable Reusable Grocery Tote Bags Shopping Bags Flap with Snap Button,Reusable Shopping Bag Foldable Washable Heavy Duty Waterproof Grocery Tote Bags  ",$21.98
93,93 image.jpg,Laptop Bag for Women 15.6 Inch Tote Bags Waterproof Lightweight Leather Computer Laptop Totes Women Business Office Work Bag Briefcase Large Travel Handbag Shoulder Bag Black  ,$50.99
94,94 image.jpg,"Cotton Canvas Totes Bags, 3PCS Segarty 16.5x13 inch Bulk Blank Canvas Bag  ",$21.99
95,95 image.jpg,Evercat Cambridge Tote  ,$26.76
96,96 image.jpg,"6 Pack Reusable Shopping Bag, Eco Friendly Foldable Grocery Bags, 6 Styles Large Heavy Duty Washable Tote Bags  ",$21.99
97,97 image.jpg,Floral Canvas Tote Bag Botanical Shopping Bag Aesthetic Flower Tote Bag Canvas Grocery Bag for Women Girl Trendy School Tote  ,$16.63
98,98 image.jpg,"2022 New Women's Tote Handbags, Crescent Bags Purses for Women, Fashion Underarm Bag Top-Handle Bags  ",$47.99
99,99 image.jpg,"Canvas Tote Bags, 12Oz Cotton Canvas Bags Heavy Duty Cotton Bags with Handles & Bottom…  ",$35.99
100,100 image.jpg,"Canvas Tote Bag with Zipper, 6 Packs Segarty Cotton Bags with Handles, 12Oz Thick Reusable Washale Grocery Shopping Bags Plain Bags for Women Teacher Kids DIY Art Crafts Painting Embroidery Printing  ",$37.49
101,101 image.jpg,"Laptop Bags for Women 15.6 inch Laptop Tote Bag PU Leather Large Work Tote Bag Waterproof Lightweight Professional Business Office Work Bag Laptop Briefcase Women Travel Handbag, Black  ",$49.99
102,102 image.jpg,"Women Corduroy Tote Bag, Etercycle Casual Handbags Big Capacity Shopping Shoulder Bag with Pocket  ",$24.99
103,103 image.jpg,"Botanical Shopping Bag Canvas Tote Bag Aesthetic Zippered Tote Bag with Interior Pocket Shoulder Tote Bags for Women Girl, Reusable, with zip, 41*37*10cm  ",$13.99
104,104 image.jpg,"Utility Water Resistant Tote Bag with 13 Exterior & Interior Pockets, Top Zipper Closure & Thick Bottom Support, for Working Women, Teachers, Nurses, Accountants (Peony)  ",$39.99
105,105 image.jpg,Foldable Zipper Closure Large Tote Bag Machine Washable Nylon Water Resistant Shopping Travel Gym Toy Bag Sandproof Beach Bag  ,$18.99
106,106 image.jpg,15.6 Inch Genuine Leather Laptop Bag for Women Shoulder Bag Large Work Tote with Padded Compartment (Dark Brown)  ,$85.99
107,107 image.jpg,10 Pieces Sublimation Tote Bags Sublimation Blank Polyester Tote Bags Sublimation Canvas Bag Washable Reusable Grocery Bags for DIY Crafting and Decorating  ,$36.89
108,108 image.jpg,"Canvas Tote Bag - Extra Large Shopping Beach Totes Bags Reusable Big Grocery Bag 28"" x 8"" x 16""  ",$21.99
109,109 image.jpg,"6Pcs Reusable Canvas Tote Bags Bottom Gusset Heavy Tote Shopping Bag Washable Grocery Tote Bag /12 Coloured Pen,Blank Canvas Bags for Grocery Bags,Book Bags,Shopping Bags,Craft DIY (15.5''x13''X3'')  ",$26.88
110,110 image.jpg,Laptop Bag for Women 15.6 Inch Leather Laptop Tote Bag Waterproof Work Shoulder Bag Lightweight Tote Bag Business Office Bag  ,$48.99
111,111 image.jpg,Crossbody Bag for Women with Tassel Ladies Soft PU leather Purses and Handbag Pocketbooks  ,$34.90
112,112 image.jpg,"CafePress Reading Girl ATOP Books Tote Bag Natural Canvas Tote Bag, Cloth Shopping Bag  ",$22.50
113,113 image.jpg,"Gift Bags Bulk - 12 Pack Small Rainbow Assorted Color Fabric Gift Bags with Handles, Solid Color Mini Reusable Tote Bags for Kids Birthday Party, Goodie & Favor Bags, Crafting, Christmas Wrap - 8x4x10  ",$24.99
114,114 image.jpg,"CafePress Bicycles Big and Small Tote Bag Natural Canvas Tote Bag, Cloth Shopping Bag  ",$27.00
115,115 image.jpg,Women's Hobo Bag Canvas Shoulder Bag Casual Crossbody Messenger Large Capacity Handbag Tote Travel Bag lightweight Purse  ,$28.66
116,116 image.jpg,"TOPDesign 5 | 12 | 24 Pack Economical 16 inch x15 inch White Cotton Tote Bag, Lightweight Medium Reusable Grocery Shopping Cloth Bags, Suitable for DIY, Advertising, Promotion, Giveaway, Activity (5-Pack)  ",$22.99
117,117 image.jpg,womens Evercat Jane Tote  ,$40.14
118,118 image.jpg,"Canvas Craft Tote Bags - 10 Pack 13""x10"" Fabric Blank Tote Bags, Natural Cotton for DIY Crafts, Gift Bag and Wedding, Birthday, Shopping, or Reusable Grocery Bag  ",$33.89
119,119 image.jpg,"Large Puffer Tote Bag for Women,Winter Soft Quilted Shoulder Bag Lightweight Nylon Down Purses Satchel Handbag  ",$36.97
120,120 image.jpg,"Floral Canvas Tote Bags with Zipper for Woman,Morning Glory Reusable Shopping Bag Cute Grocery Bag Aesthetic Trendy School Tote Bag for Women Girl  ",$18.99
121,121 image.jpg,"Maxlite 5 Lightweight Underseat Carry-On Travel Tote Bag, Dusty Rose, 18-Inch  ",$94.99
122,122 image.jpg,Women Shoulder bags Purse Casual Hobo Top Handle Totes Handbags Ladies Crossbody Shopping Bags  ,$31.99
123,123 image.jpg,Canvas Tote Bag for Women Girls Kids School Shoulder Bag with Zipper Work Beach Lunch Travel and Shopping Grocery Bag  ,$21.99
124,124 image.jpg,Large Quilted Tote Bag for Women Lightweight Down Cotton Padded Plaid Shoulder Bag Large Puffer Tote Bag (White)  ,$18.05
125,125 image.jpg,"Canvas Totes Blank, 12Oz Durable Canvas Bags Cotton Bag with Handles & Wide Bottom…  ",$21.47
126,126 image.jpg,Burlap Tote Bags X-Large with Inner Zipper Pocket and Cotton Handles Jute Tote Bag for Bridesmaid Wedding Gift DIY  ,$52.89
127,127 image.jpg,Tote Bag for Women Beach Bag Portable Waterproof Handbag Reusable Grocery Bags for Travle Gym Shopping School  ,$25.88
128,128 image.jpg,unisex-adult Signal Tote  ,$26.17
129,129 image.jpg,LARGE BEACH BAG Water Resistant Lightweight 20 inch Women Oversize Tote Bag for Gym Beach Travel Pool Yoga Nurse  ,$35.99
130,130 image.jpg,"Andes Heavy Duty Canvas Tote Bag, Handmade from 12-ounce 100% Natural Cotton, Perfect for Shopping, Laptop, School Books (4 Cats at Home)  ",$18.99
131,131 image.jpg,"Beach Tote Bag, Camping Beach Bag ,Oversized Pool Mesh Tote Bag Beach Tote Bag for Beach Picnic Shopping Camping Grocery  ",$23.99
132,132 image.jpg,Hummingbird Memorial Gift Hummingbird Canvas Tote Bags Hummingbirds Visit from Heaven Reusable Shopping Bags  ,$19.09
133,133 image.jpg,"Lunch Bag for Women - Reusable Adult Lunch Box, Boite a Lunch Femme, Cooler Insulated Bag, Large Lunch Tote Bag, Suitable for Work, Family, Picnic, School, Outdoor, Camping, BBQ, Party, (Grey)  ",$20.79
134,134 image.jpg,Women Tote Bag Handbags PU Leather Fashion Large Capacity Hobo Shoulder Bags with Adjustable Shoulder Strap  ,$68.99
135,135 image.jpg,Multi-Pocket Shoulder Bag Nylon Tote Bag Large-Capacity Lightweight Travel Bags Handbag For Women  ,$36.99
136,136 image.jpg,"20Pcs Canvas Tote Bags Bulk, Natural Cotton Grocery Shopping Cloth Bags with Handles, Reusable Blank Plain Canvas Bags and Zipper Cosmetic Bags for DIY Advertising Gift Giveaway Activity  ",$48.99
137,137 image.jpg,Mesh Beach Bag Extra Large Beach Bags and Totes Tote Backpack Toys Towels Sand Away For Holding Beach Toys Children' Toys Market Grocery Picnic Tote  ,$14.99
138,138 image.jpg,Women's Tote  ,$360.48
139,139 image.jpg,"Sublimation Blanks Canvas Tote Bags Bulk,8 Pack 14""×16"" Polyester Reusable Shopping Canvas Bag for Heat Press Crafts  ",$25.88
140,140 image.jpg,The Leather Medium Tote Bag  ,$536.09
141,141 image.jpg,Frog Tote Bag For Women Frog Mushroom Lover Gift Funny Frog Mushroom Gift Animal Lover Gift Frog Themed Gift  ,$18.89
142,142 image.jpg,Blank Tote Bags Super Durable Reusable Grocery 12 Pack Shopping Bag Linen Natural Cloth Large Tote Bags Machine Washable Women Fashionable Crafts White Bag Suitable for DIY Gift Activity Beige  ,$38.89
143,143 image.jpg,Augbunny Durable 100% Cotton 12oz Canvas Heavy Duty Extra Large Grocery Bag Beach Tote Shopping Bag Multi Purpose Tote.  ,$18.99
144,144 image.jpg,TOBGB Album Idea Gifts Singer Album Version Tote Bag Singer's Merchandise Song Inspired Shopping Bag Singer Support Gift (Trapeze Tote ca)  ,$18.89
145,145 image.jpg,"Canvas Tote Bag with Zipper, 12oz Heavy Duty Cotton Canvas Tote Bag with Handles…  ",$39.99
146,146 image.jpg,"5 Pack Cotton Canvas Tote Bags,Fashionable Two-Tone Bags for Crafts,Reusable Grocery Shopping Cloth Bags DIY Your Creative Designs  ",$33.99
147,147 image.jpg,"6 Pack Burlap Tote Bags,Reusable Large Jute Tote Beach Bags with Handles for Shopping Craft Embroidery Painting Decoration DIY,Trip,Wedding Party,16”x12.5”x5.9”  ",$39.88
148,148 image.jpg,"Canvas Tote Bag for Women, Reusable Grocery Bags, Cute Tote Bags Aesthetic for Shopping, Beach, School  ",$20.99
149,149 image.jpg,YUHOCB Puffer Tote Bag for Women Shoulder Bag Winter Down Padding Large Medical Bag for Travel Office Shoping  ,$36.97
150,150 image.jpg,"Canvas Bags Canvas Tote Bags with Long Handles Reusable Grocery Bags (16""x15"",5oz)  ",$41.99
151,151 image.jpg,"6 Pack Large Cotton Canvas Tote Bag,Reusable Shopping Grocery Bag,Fashionable Cloth Bag for Decorating Crafts DIY  ",$35.89
152,152 image.jpg,unisex-adult Foldaway Packable Tote Sling Bag  ,$34.25
153,153 image.jpg,"12 Pack Blank Canvas Tote Bags Bulk Shopping Bag for Crafts with 1 Piece of PTFE Teflon Sheet DIY Reusable Grocery Bag, 15 X 16 Inch, Off-white, Large  ",$38.99
154,154 image.jpg,"Canvas Tote Bags - Bulk 8 Pack 10""x12.6"" Fabric Blank Tote Bags, Natural Cotton for DIY Crafts, Gift Bag and Wedding, Birthday, Promotion Giveaways, or Reusable Grocery Bag  ",$27.89
155,155 image.jpg,"Women's L.12.12 Concept Large Shopping Bag, Nf1888po Top Handle Handbag, 35 x 30 x 14 cm  ",$74.99
156,156 image.jpg,Household Essentials 2212-1 Krush Canvas Utility Tote | Reusable Grocery Shopping Bag | Laundry Carry Bag | Black  ,$27.24
157,157 image.jpg,"4 Packs Canvas Tote Bags, 16 x 13 Inch Economical Cotton Tote Bag, Lightweight Medium Reusable Grocery Shopping Cloth Bag, Suitable for DIY, Advertising, Promotion, Gift, Giveaway, Activity  ",$13.99
158,158 image.jpg,"Carhartt Legacy Women's Tote East/West, Carhartt Brown  ",$91.99
159,159 image.jpg,"Jute Tote Bags Set of 8, DIY Blank Burlap Tote with Sturdy Handle, Reusable Lined Shopping Bags Grocery Bags Gift Tote Beach Tote for Wedding Bridal Party (9.8""x4.3""x11.8"" )  ",$39.99
160,160 image.jpg,The Colorblocked Tote Bag  ,$315.00
161,161 image.jpg,"8 Reusable canvas Tote Bags Bottom Gusset Heavy Tote Shopping Bag Washable Grocery Tote Bag,Multi-purpose Blank Canvas Bags Use for Grocery Bags,Book Bags,Shopping Bags,Craft DIY,Gift(15.5''x13''X3'')  ",$33.88
162,162 image.jpg,The Tote Bags for Women - Personalized Leather Tote Bags Mini Top-Handle Crossbody Tote Bag Handbag for Travel Work  ,$40.99
163,163 image.jpg,Corduroy Tote Bag for Women Small Satchel Shoulder Crossbody Bag Hobo Bag for Work School Travel 2023  ,$27.99
164,164 image.jpg,Canvas Women Tote Shoulder Bag Casual Retro Top Handle Satchel Handbags Shopping Bag Tote Purses  ,$32.78
165,165 image.jpg,"CafePress Small Hands Tote Bag Natural Canvas Tote Bag, Cloth Shopping Bag  ",$22.50
166,166 image.jpg,Purses for Women Handbags Satchel Shoulder Tote Bags  ,$41.99
167,167 image.jpg,Canvas Tote Bag Women's Shoulder Handbags Fashion Tote Purse Shopper Work Bag  ,$31.78
168,168 image.jpg,"Utility Water Resistant Tote Bag with 13 Exterior & Interior Pockets, Top Zipper Closure & Thick Bottom Support, for Working Women, Teachers, Nurses, Accountants (Grey)  ",$35.99
169,169 image.jpg,Purses For Women Vegan Leather Purses and Handbags Large Ladies Tote Shoulder Bag  ,$79.99
170,170 image.jpg,"EquinEssential Tote, Size 12"" x 10"" x 15"", Black  ",$91.73
171,171 image.jpg,Lite Tote (lightweight zip tote bag)  ,$85.00
172,172 image.jpg,Canvas Tote Bag for Women Aesthetic Cute Tote Bags Inspirational Gifts for Women Beach Bags Reusable Grocery Bags  ,$29.99
173,173 image.jpg,Book Tote Bag for Book Lovers if You can Read this I was Forced to Put My Book Down Bag Bookish Gifts Book Shopping Bag  ,$20.73
174,174 image.jpg,Canvas Messenger Bag Large Hobo Crossbody Bag with Multiple Pockets Canvas Shoulder Tote Bag for Women and Men  ,$33.99
175,175 image.jpg,"Canvas Tote Bag Aesthetic, 2PCS Cute Tote Bags with Metal Zipper Big Canvas Reusable Tote Bags for Women Girl Shopping School Library 14.96 X 3.15 X 13.78 inch  ",$15.59
176,176 image.jpg,Laptop Bags for Women 15.6 Inch Laptop Tote Bag Waterproof Womens Work Bag Lightweight Travel Handbag Classy Shoulder Bag Large Capacity Professional Leather Briefcase for Business Office Work，Brown  ,$49.99
177,177 image.jpg,Flamingo Gifts Flamingo Tote Bag Flamingo Lover Gifts Pink Flamingo Shopping Bags Be a Flamingo Inspirational Gifts  ,$20.08
178,178 image.jpg,Reusable Grocery Bags 12 Pack Shopping Bags Foldable Tote Bags Bulk Large Washable Shopping Totes Durable Portable Grocery Bags for Groceries Supermarket Camping Travel  ,$25.99
179,179 image.jpg,"Simpli-Magic Canvas Tote Bags, 13"" x 15"", Pack of 15, Natural  ",$61.98
180,180 image.jpg,"Burlap Gift Bags Bulk Reusable Plain jute tote Bags for Shopping Craft Embroidery Painting Decoration DIY,Wedding Party  ",$26.99
181,181 image.jpg,"Sport Travel Duffle Bag Large Gym Tote Bag for Women, Weekender Bag Carry on Bag for Airplane, Ladies Beach Bag Overnight Bag Waterproof Hospital Bag Luggage Bag with Wet Bag  ",$34.99
182,182 image.jpg,Q611 Canvas Zippered Tote Bag with Top Zipper Closure Flap Pouch Pocket  ,$21.99
183,183 image.jpg,"MOSISO Women Laptop Tote Bag (15-16 inch) 3 Layer Compartments, Rose Quartz  ",$65.99
184,184 image.jpg,"Lunch Bag for Men, Double Deck Expandable Insulated Lunch Bag, Large Tactical Lunch Tote Bag, Durable Leakproof Lunch Cooler Bag for Adult Work School Picnic, 30-can (20L), Black  ",$35.99
185,185 image.jpg,"EASYFUN Adult Lunch Box for Men & Women Insulated Large Lunch Bag with Adjustable Shoulder Strap, Leak Proof Reusable Lunch Cooler Tote Bag (Black Red)  ",$18.99
186,186 image.jpg,Womens Briefcase Leather Laptop Bag for Women Stylish Messenger Shoulder Handbag 15.6 Inch Computer Tote Work Bag  ,$189.99
187,187 image.jpg,"42L Extra Large Utility Tote Bag, Oxford Fabric Reusable Folding Grocery Bags with Handles and Pockets, 2 Pack  ",$33.88
188,188 image.jpg,"Canvas Book Tote with Interior Pocket, Stack of Classics  ",$38.00
189,189 image.jpg,"Simpli-Magic Canvas Tote Bags for Crafts, Shopping, Groceries, Books, Beach, Diaper Bag & Much More, 13”x15”, Black, 12 Count  ",$52.42
190,190 image.jpg,TOBGB Gifts For Fan Singer Inspired Gifts I Just Wanna Stay In That Lavender Haze Lyrics Shopping Bag Album Idea Tote Bag  ,$18.89
191,191 image.jpg,"20 Pack Large Glossy Gold Reusable Grocery Bags Shopping Tote Bag with Handle Present Bag Gift Bag for Weddings, Birthdays, Party, Event  ",$25.99
192,192 image.jpg,Michael Michael Kors Logo Jet Set Large Multi Function Pocket Front Leather Tote Bag Natural / Cherry  ,$652.19
193,193 image.jpg,TOBGB Singer Album Name Idea Shopping Bag Romance Song Lyrics Tote Bag Singer Merchandise Gifts for Music Lover (Lanterns Lit Tote ca)  ,$18.89
194,194 image.jpg,"6 Pcs Canvas Tote Bag with Bottom Gusset Heavy Duty Tote Shopping Bag,Washable Grocery Bag,Crafting Bag White Cloth Bag with Handles(16x13x5"")  ",$24.99
195,195 image.jpg,"The Tote Bags for Women, Fluffy Tote Bags Top-Handle Crossbody Handbag Trendy Plush Tote Bag for Travel Work  ",$43.98
196,196 image.jpg,Corduroy Tote Bag Womens Reusable Handbag Casual Shoulder Bag Shopping Bag Large Size Travel Tote Black  ,$17.99
197,197 image.jpg,"22"" Extra Large Zippered Shopping Tote Grocery Bag with Outer Pocket in Black  ",$21.00
198,198 image.jpg,Canvas Tote Bag for Women Girls Reusable Grocery Bags Cotton Shopping Bag Durable Book Bag for College Work  ,$15.99
199,199 image.jpg,"Sublimation Blanks Canvas Tote Bags Bulk,4 Pack 14""×16"" Reusable Shopping Canvas Bag for Heat Press Crafts  ",$18.88
200,200 image.jpg,"Canvas Tote Bag Aesthetic, Reusable Grocery Shopping Cloth Bags,Good for Shopping Trip School Beach Lunch, Sunflower Design  ",$18.99
201,201 image.jpg,Music Lover Gift Song Lyrics Gift Singer's Merchandise Music Album Gift for Fan (Version Tote Bag)  ,$18.99
202,202 image.jpg,"Canvas Book Tote, Large Shoulder Bag, Cute Tote for Beach or School  ",$72.00
203,203 image.jpg,Women's Retro Large Size Canvas Shoulder Bag Hobo Crossbody Handbag Casual Tote  ,$19.05
204,204 image.jpg,"DEAYOU 8 Pack Jute Burlap Tote Bags, Burlap Gift Totes with Handles, Jute Beach Bags Reusable Lined Grocery Totes for Bridesmaid, DIY, Shopping, Pool, Wedding, 9.8''x11.8''x3.9'', Natural  ",$33.99
205,205 image.jpg,"Large Utility Tote Bag, Foldable Collapsible Tote for Storage Pool BeachShopping picnic laundry gym and Luggage  ",$24.88
206,206 image.jpg,unisex-adult North/South  ,$79.99
207,207 image.jpg,Tote Bag for Women Large Canvas Shoulder Purse for Travel Work Handbag Multi Pockets  ,$35.59
208,208 image.jpg,"Canvas Tote Bags,Beach Tote Grocery Bag Shopping Bag Multi Purpose Tote Heavy Duty Canvas Bags for Home School Daily leisure  ",$26.90
209,209 image.jpg,"6 Pack Reusable Grocery Tote Bags - Hold 44+ lbs (20 KG) - Large Durable Shopping Grocery Bag Multi-purpose Foldable Bags With Reinforced Handles, Thick Plastic Support Bottom (Black)  ",$25.99
210,210 image.jpg,"6 Pack Reusable Shopping Bag, Eco Friendly Waterproof Foldable Grocery Bags, 6 Styles Large 22LBS Heavy Duty Washable Nylon Tote Bags  ",$17.99
211,211 image.jpg,Canvas Tote Fun Print 100% Cotton Durable Grocery Bag (3 Pack)  ,$19.99
212,212 image.jpg,"Canvas Tote Bags - 10 Pack 13""x10"" Reusable Shopping Grocery Bag Blank, Cotton Bags for DIY, Advertising, Promotion, Gift, Giveaway, Activity  ",$30.99
213,213 image.jpg,HOMESPON Large Waterproof Travel Beach Bag Reusable Grocery Bag with Pockets Lightweight shoulder bag for Hiking Picnic Gym  ,$28.99
214,214 image.jpg,Women Tote Bags PU Leather Cute Crossbody Travel School Office Beach Shoulder Handbags Hobo Satchel with Zipper  ,$58.75
215,215 image.jpg,"Glossy Reusable Grocery Bag, 20 Pieces Pink Non Woven Tote Bag with Handles, Fashionable Bridesmaid Gift Bag, Durable Shopping Bag for Wedding, Bachelorette Birthday Party Event  ",$32.00
216,216 image.jpg,Women Backpack Purse Leather Anti-theft Travel Backpack Fashion Shoulder Handbag Brown  ,$64.99
217,217 image.jpg,Women Handbag Leather Designer Crossbody Tote Pures Shoulder Hobo Bucket Bag for Casual Work Daily  ,$59.99
218,218 image.jpg,"Personalized Initial Jute/Canvas Beach Bag, Monogrammed Gift Tote Bag for Women  ",$29.99
219,219 image.jpg,"CafePress Shakespeare Insults Tote Bag Natural Canvas Tote Bag, Cloth Shopping Bag  ",$20.50
220,220 image.jpg,Women Canvas Handbag Shoulder bags Casual Multi-Pocket Top Handle Tote Crossbody Shopping Bags  ,$37.96
221,221 image.jpg,"Gelugee Black Tactical Lunch Box for Men, Insulated Waterproof Reusable Lunch Bag Lunchbox, Durable Military Cooler Bag with Adjustable Shoulder Strap, Lunch Tote for Adults to Work Picnic  ",$48.99
222,222 image.jpg,Purses and Handbags for Women Top Handle Satchel Shoulder Ladies Crossbody Bags  ,$61.01
223,223 image.jpg,Pixie Mood Valentina 13.5 x 9 Vegan Leather Expandable Small Tote Bag  ,$150.43
224,224 image.jpg,Women's Cotton Utility Oversized Tote Travel Bag  ,$181.99
225,225 image.jpg,"KPL Sel De Mer Upcycled Canvas and leather Hand Bag Cowhide Tote Bag shopping bag carry on leather bag, White/ Green  ",$37.11
226,226 image.jpg,Girl TV Show Inspired Gift Girl TV Show Fan Reusable Canvas Tote Bag Handbag TV Show Merchandise Shopping Bag  ,$18.89
227,227 image.jpg,Women Leather Briefcase 15.6 inch Laptop Handbag Vintage Shoulder Tote Bag Work Purses  ,$89.99
228,228 image.jpg,"Reversible Tote Bag for Women, Leather Purses and Handbags, Hobo Satchel Shoulder Bag Large with Pouch, H1842  ",$59.88
229,229 image.jpg,"10 Pack Natural Tote Bag with Zipper 16.9 x 13.4 Inch Blank Reusable Grocery Shopping Cloth Bag Shoulder Bag for Women Teacher DIY Art Advertising Promotion Gift Giveaway Activity, White  ",$41.00
230,230 image.jpg,"Laptop Tote Bag Women 15.6 Inch Shoulder Bag Handbag Multi Use Blue Outlet Deals, Brown, One_Size  ",$33.99
231,231 image.jpg,"10 Pack Reusable Grocery Shopping Bags, SZUAH Foldable Shopping Bags Grocery Tote with Attached Pouch,Machine Washable Eco-Friendly.  ",$27.99
232,232 image.jpg,"CafePress Thank You Have A Nice Day Tote Bag Natural Canvas Tote Bag, Cloth Shopping Bag  ",$22.50
233,233 image.jpg,"CafePress Honey Bunny Tote Bag Natural Canvas Tote Bag, Cloth Shopping Bag  ",$20.50
234,234 image.jpg,Large Vegan Leather Tote - Womens Slouchy Shoulder Bag with Open Top  ,$67.10
235,235 image.jpg,Piano Keys Handbag Reusable Grocery Bag Shoulder Shopping Bag Tote Bag for Music Teacher Girls Gift Bag  ,$9.89
236,236 image.jpg,Tote Bags Large Tote Handbag for Women Work Tote With Zipper Black Laptop Tote Shoulder Bag With Pocket  ,$39.99
237,237 image.jpg,TOBGB Singer Tote Bag Album Idea Gifts Karma is a Cat Purring in My Lap Lyrics Inspired Tote Bag Singer Merchandise (Cat Tote CA)  ,$17.89
238,238 image.jpg,"Large Grocery Shopping Box Bags,Tote Bag with Long Handles,Foldable, Durable  ",$35.99
239,239 image.jpg,TOBGB Cornelia Street Lyrics Inspired Tote Bag Music Lover Gift Song Lyrics Gift (Cornelia st 16 tote CA)  ,$18.89
240,240 image.jpg,"Black Canvas Tote Bag,Cute Cat Tote Beach Bags Aesthetic for Women As Gift,Reusable Shopping Bags with Interior Pocket (35 x 40CM)  ",$14.99
241,241 image.jpg,MKF Shoulder Bag for Women & Wallet Purse Set: PU Leather Tote Handbag – Top-Handle Stylish Satchel Pocketbook  ,$85.82
242,242 image.jpg,"40 Pack Glossy Gold Grocery Bags, Reusable Non-Woven Shopping Bags with Handle, Grocery Tote Bags, Shiny Present Bags Gift Bags for Birthday, Wedding, Party - (10 x 8 Inch)  ",$35.99
243,243 image.jpg,"Tri-Color Canvas Blank Shopping Tote Bags for Crafts, Gift Bags, Wedding Favors Bags, Welcome Bags, Goody Bags, Lunch Bags and More, 10""W x 16""H x 3.2""D, Pack of 6  ",$35.89
244,244 image.jpg,Worldlyda Women Canvas Tote Purse Handbags Crossbody Shoulder Bag Casual Work School Shopper Hobo Top Handle Handbag  ,$35.98
245,245 image.jpg,"Canvas Tote Bags with Bottom Gusset, 6X Segarty Large and Heavy Duty 12Oz Blank Cotton Cloth Reusable Bags for DIY Crafts, Shopping, Groceries, Books, Welcome Bag, Diaper Bag, Beach (20''x15''x7.7'')  ",$36.99
246,246 image.jpg,Women's Rachel Tote Purse Handbag  ,$130.99
247,247 image.jpg,"3 Pack Canvas Van Gogh Tote Bag,Aesthetic Reusable Shoulder Handbag for Girl Women,Starry Night Sunflower Almond Blossom  ",$22.99
248,248 image.jpg,"Vintage Library Canvas Tote Bag with Pockets, Paris Bookstore Aesthetic Shoulder Tote Bag Lightweight Reusable Tote Bag for Shopping Grocery School Travel  ",$18.99
249,249 image.jpg,Briefcase for Women 15.6 Inch Laptop Leather Slim Business Messenger Bag Shoulder Tote Handbags  ,$189.99
250,250 image.jpg,"FuninCrea Diamond Painting Shopping Bag with Handle, DIY 5D Reusable Diamond Painting Tote Bag Eco-Friendly Special Shaped Crystal Art Canvas Bag for Woman (002)  ",$14.99
251,251 image.jpg,Women Laptop Tote Bag for Work Lightweight Splice Canvas 15.6 Inch Handbag Purse  ,$45.96
252,252 image.jpg,"Tokyo Tote Compact – (Laptop Bag, Tote Bag, 12L)  ",$149.00
253,253 image.jpg,"Canvas Tote Bag for Women, Kiss Kitty Folable Reusable Grocery Bag Lightweight Washable Natural Cotton Tote Bags for Shopping  ",$20.99
254,254 image.jpg,Heavy Duty 100% Cotton Canvas Zipper Beach Shoulder Grocery Tote Bag With Outer Pocket 2-pack  ,$26.99
255,255 image.jpg,Women's Vintage Genuine Leather Tote Large Shoulder Bag Handbag Cross Body Bag  ,$110.99
256,256 image.jpg,"5 Packs Canvas Tote Bag, Blank Bulk Washable Grocery Shopping Gift Bags for DIY Art Painting Decoration (16''x13'')  ",$24.99
257,257 image.jpg,Women Large Puffy Tote Bag Quilted Down Cotton Padding Shoulder Bag Winter Warm Lightweight Handbag with Zip  ,$51.97
258,258 image.jpg,Singer Album Inspired Tote Bag Music Song Idea Gift Women Canvas Tote Bag Singer Gift for Fan (HS House gr ca)  ,$16.89
259,259 image.jpg,"10 Pack Reusable Grocery Bags, Large 50LBS Cute Foldable Reusable Grocery Nylon Shopping Tote Bags, Machine Washable Durable  ",$23.99
260,260 image.jpg,Large Foldable Tote oxford cloth Reusable Grocery Bag  ,$19.99
261,261 image.jpg,"Women Large Quilted Puffer Tote Bag, Winter Soft Shoulder Bag, Cotton Padded Down Handbag Puff Bag Pillow Shopper Bag  ",$58.75
262,262 image.jpg,"Women's Canvas Tote Bags 4 Pieces, Reusable Grocery Bag, Cute Tote Bag for Shopping, Beach, College  ",$18.00
263,263 image.jpg,Women's Avalon Small Tote Bag  ,$54.90
264,264 image.jpg,Beach Bags Totes Beach Totes Water Resistant Totes Beach Tote Bag Gym Bag Large Tote Bag Shoulder Bags (Red Starfish&Sea-Horse BG-CA)  ,$29.99
265,265 image.jpg,Purses and Handbags for Women Leather Designer Tote Large Ladies Work Shoulder Bucket Bag  ,$57.99
266,266 image.jpg,"Travel Gym Bag for Women, LANBX Tote Bag Carry on Luggage Sport Duffle Weekender Overnight Bags with Wet Pocket  ",$32.99
267,267 image.jpg,"Insulated Lunch Bag for Women - Reusable Leakproof Lunch Box, Portable Cooler Lunch Bag with Adjustable Shoulder Strap - Durable Freezable Lunch Tote Bag for Work School Picnic Hiking Camping Beach  ",$31.99
268,268 image.jpg,"Sublimation Blanks 14''X16'' Reusable Canvas Tote Bag, Lightweight Grocery Shopping Bag for Heat Transfer Printing  ",$20.88
269,269 image.jpg,Large Capacity Handbag Linen Cotton Flower Embroidery Retro Exquisite Doodle Fashion Shopping Bag  ,$39.00
270,270 image.jpg,"True Fabrications 6 Bottle Non Woven Tote, Blue, Large  ",$16.77
271,271 image.jpg,TOBGB Willow lyrics Gift Music Lover Tote Bag Song Lyrics Gift Singer's Merchandise (Willow tote CA)  ,$18.89
272,272 image.jpg,"TOPDesign 24-Pack Economical Cotton Tote Bag, Lightweight Medium Reusable Grocery Shopping Cloth Bag, Suitable for DIY, Advertising, Promotion, Gift, Giveaway, Activity  ",$55.99
273,273 image.jpg,"Gelugee Brown Tactical Lunch Box for Men, Insulated Waterproof Reusable Lunch Bag Lunchbox, Durable Military Cooler Bag with Adjustable Shoulder Strap, Lunch Tote for Adults to Work Picnic  ",$48.99
274,274 image.jpg,Women's Tara Leather Shopper Tote Purse Handbag  ,$279.99
275,275 image.jpg,"Clear Bag Stadium Approved, Security Approved Clear Tote Bag,12"" x 12"" x 6""  ",$24.98
276,276 image.jpg,"Canvas Handbag, Flower Pattern Handbag, Shoulder Bag, Tote Bag, Reusable Grocery Shopping Bag. (Black)  ",$16.99
277,277 image.jpg,ACOTAR Inspired Gift Rhysand Azriel Cassian Tote Bag A Court of Thorns and Roses Shopping Bag Bat Boys Fan Club Gift  ,$18.89
278,278 image.jpg,Women Briefcase Laptop Bag 15.6 Inch Leather Stylish Tote Bag Shoulder Handbag Computer Bag Black Brown  ,$39.99
279,279 image.jpg,"Women's Vikky Tote, Shoulder Bag  ",$129.63
280,280 image.jpg,"Canvas Tote Bags for Women, Cute Aesthetic Beach Books Tote Bag with Inner Pockets,Reusable Grocery Shopping Bags (35 x 40CM)  ",$16.99
281,281 image.jpg,Tote Bag for Women Handbags and Purses Waterproof Durable Tote Purse Large PU Leather Shoulder Bags 2pcs Set  ,$27.99
282,282 image.jpg,Women's Cotton Small Vera Tote Bag Handbag  ,$112.93
283,283 image.jpg,Canvas Tote Bags with Inner Pocket Reusable Grocery Bags Heavy Duty Shopping Bags for Women with Week Day Prints  ,$16.99
284,284 image.jpg,Canvas Tote Bag for women girls Aesthetic un verano Bunny sin ti Cloth Tote Shopping Bags School Shoulder Bag Reusable Bag  ,$25.75
285,285 image.jpg,Women's Microfiber Small Vera Tote Bag  ,$139.50
286,286 image.jpg,"Reusable Shopping Bag, 4 Pack Foldable Grocery Bags Washable Shopping Tote Bags Foldable in a Pouch Eco Tote Polyester Shopping Bag for Daily Shopping Fits in Pocket Waterproof and Lightweight  ",$12.39
287,287 image.jpg,Corduroy Tote Bag Womens Reusable Handbag Casual Shoulder Bag Shopping Bag Large Size Travel Tote Blue  ,$17.99
288,288 image.jpg,Initial Canvas Totes  ,$24.74
289,289 image.jpg,"2 Pcs Reusable Large Canvas Tote Bags with Separate Packaging,Multi-purpose Blank Canvas Bags Use for Grocery Bags,Book Bags,Shopping Bags,Gift Bags  ",$23.89
290,290 image.jpg,"Santa Barbara Design Studio Tote Bag Hold Everything Collection Black and White 100% Cotton Canvas with Genuine Leather Handles, Large, Poolside  ",$65.12
291,291 image.jpg,"2Pcs Canvas Tote Bag, Cute Tote Bags with Zipper, Big Canvas Tote Bags for Women Girl Shopping School Library  ",$18.97
292,292 image.jpg,"6 Pack Heavy Duty Thick Canvas Tote Bags with Bottom Gusset 16 x 14 x 4 inch Durable 12oz Eco-Friendly Shopping Bag, Washable Reusable Crafting Bag - BONUS 10 Fabric markers（ Random Color for Markers）  ",$30.88
293,293 image.jpg,Tote Bag Rush  ,$65.00
294,294 image.jpg,"I Work Hard So My Cat Can Have A Better Life Tote Bag with Interior Pocket, Travel Shopping Bag Shoulder Bag Mother's Day Birthday Christmas Gifts for Cat Lovers, Pet Lovers, Girls, Women, White  ",$21.91
295,295 image.jpg,"Large Capacity Multi-Pocket Handbag,Canvas Tote Bags for Women, Canvas Handmade Bag Multi-compartment Vintage Canvas Tote Bag  ",$26.99
296,296 image.jpg,Dragon Fly Inn Canvas Tote Bag TV Show Inspired Shopping Bag for Fans (Dragon Fly Inn ShoppingCA)  ,$17.89
297,297 image.jpg,"Tosnail 12 Pack Large Foldable Reusable Grocery Tote Bags Shopping Bags - Black, Blue, Green  ",$26.99
298,298 image.jpg,"Women's Leather Woven Tote Handbag,Handmade Large Capacity Shoulder Bags Travel Bag Shopper Bag Hobo Bag  ",$112.96
299,299 image.jpg,Personalized Initial Tote Bag Monogram  ,$17.99
300,300 image.jpg,"Women's Avenue Tote, Apple, One Size  ",$126.81
301,301 image.jpg,"Reusable Canvas Shopping Bags, Multi-Purpose Economy Natural Cotton Grocery Tote Bag for DIY, Gift, Giveaway  ",$12.99
302,302 image.jpg,"Teamoy Knitting Needles Holder Case(up to 14 Inches), Rolling Organizer for Straight and Circular Knitting Needles, Crochet Hooks and Accessories, Peony -NO ACCESSORIES INCLUDED  ",$25.99
303,303 image.jpg,"2 Pack Vacuum Sealer Bags for Food Saver, 11"" x 50'ft Rolls BPA Free, Commercial Grade Sous Vide Bags, Full Mesh External Vacuum Sealer Bags for All Vacuum Sealers  ",$24.99
304,304 image.jpg,"CafePress Beagle Multi Tote Bag Natural Canvas Tote Bag, Cloth Shopping Bag  ",$22.50
305,305 image.jpg,"Gelugee Camo Tactical Lunch Box for Men, Insulated Waterproof Reusable Lunch Bag Lunchbox, Durable Military Cooler Bag with Adjustable Shoulder Strap, Lunch Tote for Adults to Work Picnic  ",$48.99
306,306 image.jpg,Women Canvas Tote Handbags Casual Shoulder Work Bag Crossbody Bag with Sunshine Embroidery  ,$30.48
307,307 image.jpg,"3pcs Extra Large 26.5 gal Storage Bags with Strong Handle, Travel Duffel Clothes Bags for Moving  ",$30.99
308,308 image.jpg,"Cotton Tote Bag - Reusable Cloth Bag, Lightweight Cotton Shopping Bag, Versatile Cotton Tote Bag  ",$28.89
309,309 image.jpg,2 Ikea Frakta Shopping Bags 10 Gal Blue Tote Multi Purpose Durable Material  ,$8.99
310,310 image.jpg,"Cinar Tote Bag, Canvas Tote Bag For Women With Cat Print, Aesthetic Stuff, Bags For Women  ",$18.18
311,311 image.jpg,Women Vintage Genuine Leather Shoulder Tote Bag Large Work Purse Handbag  ,$80.99
312,312 image.jpg,10 Pack Canvas Tote Bags Cotton Grocery Totes Navy Blue and Natural Large Shopping Totes Bags Reusable Canvas Bags Bulk with Handle for Women Men Kitchen DIY Multipurpose Totes Set  ,$40.89
313,313 image.jpg,"3 Pack Reusable Canvas Tote Bags, Blank Canvas Bags,White Grocery Bags, 12Oz Heavy Duty Fabric Bags, Tote Bags for Shopping  ",$16.59
314,314 image.jpg,Women's The Soft Box 23 Bag  ,$494.90
315,315 image.jpg,"SMIBUY 6 Pcs Blank Canvas Tote Bags with Inner Pocket, 13.8 X 15.8 X 4 inch 12oz Tote Bags Bulk with Handle & Bottom Gusset Perfect for promotion branding & gift (Natural)  ",$31.99
316,316 image.jpg,Simpli-Magic Canvas Tote Bags  ,$132.80
317,317 image.jpg,TV Show Canvas Tote Bags TV Shows Gift Dress Like Lorelai Think Like Rory Drink Like Emily Cook Like Sookie Rock Like Lane Talk Like Paris Canvas Tote Bags (C.Rory Canvas)  ,$16.99
318,318 image.jpg,Tote Bag Waterproof Nylon Multi Pocket Shoulder Bags Laptop Work Bag Teacher Purse and Handbags for Women & Men  ,$35.99
319,319 image.jpg,2 Pack Monogram Tote Bags for Women - Burlap Jute Reusable Gift Favors Bag with handles for Bridesmaid Grocery Shopping  ,$26.99
320,320 image.jpg,"Teamoy Sewing Machine Case on Wheels, Rolling Sewing Machine Tote with Wheels and Bottom Wood Pad, Compatible with Singer, Brother and Most Majority Machines and Accessories, Gray Dots  ",$96.99
321,321 image.jpg,"CafePress Balls to Bingo Tote Bag Natural Canvas Tote Bag, Cloth Shopping Bag  ",$22.50
322,322 image.jpg,Men's Tote Bag Laptop A4 Shoulder Bag Waterproof Lightweight Top Handle Bag for Business Travel Work Gym School  ,$22.99
323,323 image.jpg,10x15 inches Cotton Drawstring Bags - Reusable Produce Bags Pack of – Multipurpose Double Drawstring Muslin Bags for Everyday Use - Natural (Pack of 12)  ,$29.99
324,324 image.jpg,Initial Canvas Tote Bag  ,$28.17
325,325 image.jpg,"5 Bags | Jute Burlap Tote Bags with Handle | 100% Natural Eco-friendly Reusable Grocery Bag | Beach bag | Totes for bridesmaids | by Yogi's Gift®, White, Large, 5  ",$49.72
326,326 image.jpg,"Yomitek Insulated Lunch Bag, Insulated Cooler Bag, Reusable Lunch Box Cooler Tote with Shoulder Strap, Waterproof Lunchbox Bag for Men Women Kids to School Office Work Picnic Fishing Camping, Gray  ",$15.99
327,327 image.jpg,Leakproof Lunch Bag for Men 12L Double Deck Waterproof Large Lunch Bags for Women Mens Lunch Bag for Work Reusable Lunch Bags for Men Insulated Lunch Bags for Women Womens Lunch Bag for Work Lunch Tote Box with Adjustable Strap  ,$20.99
328,328 image.jpg,"Insulated Lunch Bag for Men, Reusable Lunch Box Large Cooler Tote Bag, Thermal Cooler Bag with Adjustable Shoulder Strap for Work, School, Outdoor, 15L, Black  ",$29.99
329,329 image.jpg,Travel Tote Bag Gym Bags Carry on Duffels Weekender Large Capacity Grey  ,$30.99
