ID,Image,Title,Price
1,1 image.jpg,Plus Size Tops for Women Lace Blouse Waffle Knit Long/Short Sleeve Shirts  ,$29.99
2,2 image.jpg,Women's UPF 50+ Sun Protection T-Shirt Long Sleeve Half-Zip Pullover Athletic Tops Hiking Runing Golf Shirts  ,$29.99
3,3 image.jpg,Plus Size Tops for Women Short/Long Sleeve V Neck Button Up Shirt Waffle Knit Tie Front Tunic Blouse  ,$31.99
4,4 image.jpg,Womens Summer Shirt V Neck Casual Tshirts Short Puff Sleeve Tops for Women Solid Color S-XXL  ,$35.99
5,5 image.jpg,Womens Button Down V Neck Shirts Short/Long Sleeve Office Casual Business Plain Blouses Tops  ,$34.99
6,6 image.jpg,Womens Short Sleeve Blouse Business Casual Dressy Tops Ribbed Summer Stylish Work Shirts  ,$30.99
7,7 image.jpg,Womens Crewneck Tunic Fashion Casual Going Out Tops Blouses Lace Long Sleeve T-Shirts  ,$19.97
8,8 image.jpg,Women's Long Sleeve Lace Tops Casual Loose Blouses T Shirts Tunic Tops  ,$24.99
9,9 image.jpg,Womens Long Sleeve Tops Lapel Zipper Casual Sweatshirt Loose Pullover Shirts Activewear Running Jacket  ,$38.99
10,10 image.jpg,Turtle Neck Tops for Women Ribbed Women's Long Sleeve Slim Fit Mock Turtleneck Basic Stretchy Lightweight Layering Tops  ,$24.99
11,11 image.jpg,Women's Notch-V Neck Long Sleeve Roll-Up Sleeve Zip Up Casual Shirt Blouse Tops  ,$30.99
12,12 image.jpg,Women Tank Tops Round Neck Sleeveless Cami Shirt Slim Solid Ribbed Tank Top  ,$20.39
13,13 image.jpg,Womens White Blouse V Neck Ruffle Sleeve Flowy Shirts Dressy Casual Cute Summer Tops  ,$33.99
14,14 image.jpg,Womens Summer T Shirts Loose Fit Cap Sleeve Side Split Summer Tops with Pocket S-XXL  ,$34.99
15,15 image.jpg,Womens Summer Hollowed Out Shoulder 3/4 Sleeve Tops Loose Fit Shirts  ,$29.99
16,16 image.jpg,Womens Tank Tops Pleated V Neck Sleeveless Summer Shirts Loose Casual Tank Tops Blouse S-XXL  ,$33.99
17,17 image.jpg,Women’s Sexy One Shoulder Cutout Front Backless Sleeveless Tank Top Bodysuits  ,$29.55
18,18 image.jpg,Womens 2-Pack Slim-Fit Tank  ,$18.70
19,19 image.jpg,Queen.M Women's Basic Solid Bodysuit Single Breasted Long Sleeve Bodycon Jumpsuit Stretchy Romper Leotard Tops  ,$28.99
20,20 image.jpg,Bodysuit for Women Tummy Control Shapewear Seamless Sculpting Thong Body Shaper Tank Top  ,$59.99
21,21 image.jpg,Womens Long Sleeve T Shirts Color Block Sweaters Casual Loose Fit Shirts Blouses  ,$32.99
22,22 image.jpg,Womens Tops Summer Cap Sleeve T-Shirt Loose Fit Tank Tops  ,$26.79
23,23 image.jpg,Women’s Long/Short Sleeve Tops Lace Shirt Casual Loose T Shirts Blouses  ,$28.99
24,24 image.jpg,Womens 2022 T Shirts Petal Sleeve V Neck Casual Tees Summer Basic Tops  ,$28.89
25,25 image.jpg,Women's Summer 2 Piece Outfits Round neck Crop Basic Top Cropped Wide Leg pants Set Jumpsuits  ,$45.99
26,26 image.jpg,Women's Round Neck Casual Long Sleeve Sweatshirt Solid Color Loose Fit Pullover Shirt  ,$31.99
27,27 image.jpg,Women's Long Sleeve Color Block Sweatshirts Pullover Casual Tunic Tops  ,$29.99
28,28 image.jpg,Tunic for Women Shirts Long Sleeve Tops for Girls Light Weight Soft with Pockets  ,$32.99
29,29 image.jpg,Women's Satin Shirt Off Shoulder Tops Silk Blouse Short Sleeve Casual Tunic Tops  ,$27.99
30,30 image.jpg,Women's Surplice Ruched Plunge Neck Deep-V Long Sleeve Blouse T Shirts Tops  ,$30.58
31,31 image.jpg,Womens Casual Chiffon Dressy Top Scoop Neck 3/4 Sleeve Double Layers Flowy Blouse Shirt  ,$29.99
32,32 image.jpg,Women's Summer Round Neck Sleeveless Blouse Loose Casual Flowy Chiffon Tank Tops for Women  ,$28.99
33,33 image.jpg,Women's Under Scrub Tee V-Neck Long Sleeve T-Shirt-3-Pack  ,$39.99
34,34 image.jpg,Womens Short Sleeve Summer Henley V-Neck Tunic Tops Casual Henley Shirts Blouse  ,$29.99
35,35 image.jpg,Women's Scoop-Neck Tank Top  ,$16.06
36,36 image.jpg,Lace Bodysuit Snap Crotch Lingerie for Women Deep V Lingerie Bodysuit  ,$27.99
37,37 image.jpg,Womens Work Blouse Dressy Business Casual Tops Long Lantern Sleeve V Neck Office Fall Shirt  ,$31.99
38,38 image.jpg,Womens Summer Casual Short Puff Sleeve Tops V Neck Trendy Dressy Clothes Loose Work Tunic Shirts  ,$29.99
39,39 image.jpg,Women Sexy V Neck Lace Trim Summer Cami Tank Tops  ,$29.99
40,40 image.jpg,Womens Cross Back Active Tank Tops Workout Yoga Exercise Gym Racerback Tops for Women  ,$25.99
41,41 image.jpg,"Crop Top for Women, Summer Tops, Womens Tops, Cotton, Scoop Neck, Short Sleeve Plus Size Tops Women Girls  ",$19.99
42,42 image.jpg,5 Pieces Basic Camisole Adjustable Camisole Spaghetti Strap Tank Top for Women and Girl  ,$27.99
43,43 image.jpg,Sequin Halter Tops for Women Sleeveless Dressy Sparkle Tank Camisole Tops Party Club Cocktail Vest Shirt  ,$36.99
44,44 image.jpg,Women's Casual Sweet & Cute Loose Shirts Balloon Sleeve V-Neck Blouses Tops  ,$30.99
45,45 image.jpg,Summer Womens Top Casual Short Sleeve T-Shirt Round Neck Ruffle Sleeve Blouse  ,$26.38
46,46 image.jpg,Women's Mesh Crop Top Short/Long Sleeve See Through Shirt Sexy Sheer Cropped Tee  ,$19.99
47,47 image.jpg,Amilia Women's Basic Solid Cami Spaghetti Double Layer Crop Tank Top  ,$33.99
48,48 image.jpg,Womens Black Shirt Dressy Blouses for Work Long Sleeve V Neck Chiffon Fall Going Out Tops  ,$31.99
49,49 image.jpg,Women Casual Loose Lace Sleeveless Chiffon V Neck T-Shirt Tunic Blouse Tank Tops S-2XL  ,$28.89
50,50 image.jpg,Women Plus Size Swimsuit Lace Tankini Top with Bikini Brief Swimwear  ,$45.99
51,51 image.jpg,Women's Off Shoulder Sweater Casual Long Sleeve Crew Neck Tops Loose Pullover Knit Jumper  ,$24.99
52,52 image.jpg,Long Sleeve T-Shirt Yoga Crop Tops Seamless Hollow Out Tight Fitness Workout for Women  ,$26.99
53,53 image.jpg,Women's Button Down Shirts Casual Long Sleeve Business Work Blouse Tops V Neck  ,$27.19
54,54 image.jpg,Women's Basic Long Sleeves Mesh Sheer Top  ,$24.99
55,55 image.jpg,Women's Long Sleeve See Through Mesh Sheer Top Blouse Shirt  ,$24.99
56,56 image.jpg,Women's Classic-Fit Long-Sleeve Crewneck T-Shirt (Available in Plus Size)  ,$14.80
57,57 image.jpg,Womens Casual V Neck Shirts Cuffed Sleeves Chiffon Blouses Loose Solid Henley Work Tops  ,$31.99
58,58 image.jpg,Women's 2 Piece Flounce Sunflower Printed Top with Boyshorts Tankini Swimsuits  ,$39.99
59,59 image.jpg,Women's Short Sleeve Tunic Tops Sweatshirts Round Neck Loose Fit Pullover T Shirt  ,$29.99
60,60 image.jpg,Women Short Sleeve Loose Casual Bottons Down Blouses Shirts Tops  ,$24.99
61,61 image.jpg,Women Tie Dye Sweatshirt Casual Long Sleeve Drawstring Pullover Hoodie Tops with Pocket  ,$52.38
62,62 image.jpg,Womens Long Sleeves Tops Casual Round Neck Smocked Cuff Sleeves Tunics Shirts  ,$24.08
63,63 image.jpg,Women Casual Loose T-Shirt Tunic Blouse Tops  ,$22.99
64,64 image.jpg,Women's Basic Mock Neck Long Sleeve Fitted Crop T Shirt Top  ,$22.68
65,65 image.jpg,Womens Compression Scoop Neck Cami - Tummy and Waist Control Body Shapewear Camisole  ,$27.99
66,66 image.jpg,Womens V Neck Button Down Shirt Casual Roll Up Long Sleeve Tops and Blouses with Pockets  ,$27.99
67,67 image.jpg,Women's Off One Shoulder Tops Long Sleeve Pullover Slouchy Baggy Sweater  ,$38.99
68,68 image.jpg,Women's Shirred V-Neck Summer Tops Short Sleeve Casual Solid Tee Shirts Blouses S-XXL  ,$33.99
69,69 image.jpg,Women's Long Sleeve Tunic Tops Casual Pullover Loose Fit T Shirs Light Weight Sweatshirts  ,$18.99
70,70 image.jpg,Women's Halter Neck Sleeveless Sexy Tank Tops/Crew Neck Long Sleeve Bodysuit  ,$34.82
71,71 image.jpg,Womens Seamless Round Neck Long Sleeve Top  ,$23.39
72,72 image.jpg,Womens Summer V-Neck Spaghetti Strap Tank Tops Casual Sleeveless Shirts  ,$24.99
73,73 image.jpg,Womens 2-Pack Classic Fit 100% Cotton Sleeveless Tank Top  ,$21.60
74,74 image.jpg,Womens French Terry Fleece Crewneck Sweatshirt  ,$23.10
75,75 image.jpg,Women's Satin Camisole Sexy V Neck Cami Top Loose Sleeveless Tank Blouse  ,$23.99
76,76 image.jpg,Women's Pullover Sweater Cute Puff Short Sleeve Tops Pullover Shirt Lightweight Knit Sweater Blouse  ,$30.59
77,77 image.jpg,Sequin Tops for Women V-Neck 3/4 Bell Sleeve Cut-Out Shiny Sparkly Glitter Party Tops  ,$45.99
78,78 image.jpg,Womens Workwear Core Stretch Mock Wrap Scrubs Shirt  ,$25.40
79,79 image.jpg,Crochet Cover Ups for Swimwear Women Bathing Suit Cover Up  ,$34.99
80,80 image.jpg,Women’s V Neck Button Down Sleeveless Summer Tank Tops Casual Shirts Blouses  ,$21.99
81,81 image.jpg,Women's 4-Pack Slim-Fit Camisole  ,$35.60
82,82 image.jpg,Womens Lightweigh Sweatshirts Crewneckt Thin Sweaters Fall Tops Solid Color Tunic Long Sleeve Shirts(S-2XL)  ,$24.99
83,83 image.jpg,Womens V-Neck Top  ,$21.99
84,84 image.jpg,Women's Summer Tops Criss Cross Split Front Loose Tshirt Casual Short Sleeve Blouse Tee Shirts S-XXL  ,$35.99
85,85 image.jpg,Womens Casual Waffle Knit V Neck Long Sleeve Tshirt Shirt Tops Blouse  ,$30.99
86,86 image.jpg,Women's 2-Pack Classic-Fit Short-Sleeve V-Neck T-Shirt  ,$23.10
87,87 image.jpg,Women's 2-Pack Slim-fit Thin Strap Tank  ,$24.00
88,88 image.jpg,Women Summer Halter Tank Tops Sleeveless Basic Cami Top Knit Ribbed Shirts  ,$24.99
89,89 image.jpg,Women's Casual Long Sleeves Cotton Workout T-Shirt Sports Boat Neck Top  ,$36.00
90,90 image.jpg,Women Plus Size Shirt Long Sleeve Floral Print Tops Pleated Casual V Neck Tunic Top  ,$36.99
91,91 image.jpg,Womens Waistcoat Vest Vintage Steampunk Dress Jacquard Jacket  ,$41.99
92,92 image.jpg,Chiffon Cami V Neck Tank Tops for Women Loose Fit Flowy Spaghetti Strap Camisole Summer Casual Sleeveless Shirts  ,$27.99
93,93 image.jpg,Women Solid Sweatshirt T-Shirt Long Sleeve Pullover Tunic Tops Casual Pockets Blouses  ,$22.99
94,94 image.jpg,Womens Square Neck Ruffle Strap Ribbed Sleeveless Tank Tops Long Sleeve Bodysuits  ,$36.25
95,95 image.jpg,Womens Summer V-Neck Shirt Cold Shoulder Short Sleeve Tops  ,$33.99
96,96 image.jpg,Womens Casual  ,$48.39
97,97 image.jpg,Womens Seamless Crop Tube Top  ,$13.29
98,98 image.jpg,Womens Hater Tank Top Summer Loose Sleeveless Shirt  ,$23.88
99,99 image.jpg,Women's Tank Top Camisole Long Length Layering Tank Tops Camis 3 Pack S~XL  ,$37.99
100,100 image.jpg,Womens Sweater Tops Sweetheart Neck Ribbed Bustier Corset Knit Long Sleeve Pullover Sweater Top  ,$39.99
101,101 image.jpg,Women's Under Scrub Tee Crew Neck Long Sleeve T-Shirt  ,$22.95
102,102 image.jpg,Women Sexy Black Mesh Sheer Lace Short Sleeve Bodysuit Leotard Clubwear Top  ,$32.89
103,103 image.jpg,Women's Lace Casual Camisole Cami Crop Tank Tops Lingerie Bustier Spaghetti Strap Crop Top  ,$31.41
104,104 image.jpg,Women Shirts Sleeveless Summer Tunic Loose Fit Tank Tops  ,$24.89
105,105 image.jpg,Womens Bell Sleeve Tops Cold Shoulder Tie Knot Striped Shirts Blouses  ,$37.99
106,106 image.jpg,Women's Scrubs Bravo 5 Pocket V-Neck Top  ,$25.40
107,107 image.jpg,Womens Summer Cold Shoulder Tops V Neck Short Sleeve Front Knot T Shirts Blouse  ,$30.99
108,108 image.jpg,Women's 2 Pieces Long Sleeve Lounge Set Ribbed Crop Top + Palazzo Pants Casual Loose Knit Outfits Set  ,$52.99
109,109 image.jpg,Summer Casual Loose Round Neck Chiffon Flowy Tops Blouses for Women  ,$25.49
110,110 image.jpg,Womens Hollow T Shirt Ruffle Short Sleeve V Neck Tops 2023 New  ,$26.99
111,111 image.jpg,Womens Short Sleeve/Long Sleeve Square Neck T Shirts Tops Tees  ,$32.68
112,112 image.jpg,Women's Short Sleeve T-Shirt Loose Casual Puff Sleeve Shirt Ladies Clothing Summer Tops and Blouse  ,$28.90
113,113 image.jpg,Tank Tops for Women Crop Ribbed Basic Sexy Cleavage Summer Sleeveless Plus Button-Down Shirts Women Tops  ,$22.99
114,114 image.jpg,Women's Long/Short Sleeve Shirts Color Block Crewneck Sweaters Casual Tunic Tops  ,$31.99
115,115 image.jpg,Crop Tops for Women Ribbed Women Tops Summer Tops Basic Stretchy Lightweight Button-Down Tops Button-Down Shirts  ,$24.99
116,116 image.jpg,Crop Tops for Women Workout Tank Shirts Cropped Sleeveless Gym Clothes Yoga High Neck Crop Top Pack  ,$29.87
117,117 image.jpg,Womens Long Sleeve Color Block Pullover/Cardigan Sweaters Striped Tops Casual Hoodies Sweatshirts Jackets  ,$28.29
118,118 image.jpg,Women's Short-Sleeve V-Neck Tunic  ,$18.30
119,119 image.jpg,Women's Full Zip Jersey Hoodie  ,$28.40
120,120 image.jpg,Women Two Piece Outfits Pajamas Set Long Sleeve Pullover Tops and Long Pants Sweatsuits Tracksuits  ,$41.64
121,121 image.jpg,Womens Long Sleeve Sweatshirt Solid Color Casual Tunic Tops Sweater  ,$33.99
122,122 image.jpg,Womens Relaxed Fit Sleeveless Muscle Tank  ,$21.60
123,123 image.jpg,Womens Mini-Ribbed Cotton Tank  ,$14.89
124,124 image.jpg,Women's Cool Stretch V-Neck Top and Cargo Pant Set  ,$39.95
125,125 image.jpg,Women's Sequin Sparkle Halter Tank Tops Keyhole Knot Neck Slim Fit Cocktail Top  ,$39.99
126,126 image.jpg,Women Blouses Summer Short Sleeve Tunic Tops Casual Chiffon Zip Half Placket Shirt  ,$28.99
127,127 image.jpg,2023 Women's Tops Short Sleeve/Long Sleeve Lace Trim O-Neck A Line Tunic Blouse  ,$25.99
128,128 image.jpg,Women’s Scoop Neck Short Sleeve Sexy Slim Fit Stretchy Casual Tops Bodysuit Jumpsuit  ,$23.99
129,129 image.jpg,Chiffon Blouse Women Loose Casual Long Sleeve Tops Layered Dress Shirts  ,$37.99
130,130 image.jpg,Women's Active Long Sleeve Sports Running Tee Top Seamless Leisure T-Shirt  ,$39.00
131,131 image.jpg,Ribbed Halter Crop Top Ruched Lace-up Cropped Cami Bandana Top Stitching Cropped Tank Top  ,$31.99
132,132 image.jpg,Women's Waffle Knit Tunic Tops Loose Long Sleeve Button Up V Neck Henley Shirts  ,$29.99
133,133 image.jpg,Women's Off The Shoulder Tops Long Sleeve Shirts Chiffon Blouses Flattering Pom Pom Top  ,$33.99
134,134 image.jpg,Women's Tech Short Sleeve V-Neck - Solid  ,$31.21
135,135 image.jpg,Womens 3/4 Sleeve Boatneck T-Shirt  ,$18.30
136,136 image.jpg,2 Pcs Crop Tank Tops Spaghetti Strap Crop Camisole Longline Tank for Women  ,$16.99
137,137 image.jpg,Womens Tops Long Sleeve Blouses Casual Crewneck T-Shirts Fashion Tunics with Pockets to Wear with Leggings  ,$31.99
138,138 image.jpg,Plus Size Tunic Top 3/4 Sleeve Lace Crewneck Loose Casual Blouse Flowy Plus Size T Shirt for Women(L-5X)  ,$29.99
139,139 image.jpg,Silk Camisole Tops for Women Cowl Neck Camis Satin Tank Top Sexy Spaghetti Strap Sleeveless Loose Blouse  ,$23.99
140,140 image.jpg,Womens Tunic Tops Long Sleeve Square Neck Puff Sleeve Shirts Casual Fall Sweatshirts  ,$31.99
141,141 image.jpg,Women's 3/4 Sleeve Tunic Tops Double Layers Mesh Blouse Pleated Stretch Shirts Scoop Neck Flowy Tops  ,$33.99
142,142 image.jpg,Women's Workout Tank Tops Sleeveless Athletic Sport Shirts Gym Running Yoga Tops  ,$26.99
143,143 image.jpg,Womens Leopard Color Block Tunic Tops Cute Long Sleeve Shirts Casual Sweatshirts  ,$23.99
144,144 image.jpg,Womens Stretch Cotton Raglan Sleeve Tee  ,$24.07
145,145 image.jpg,4 Pack Cotton Crop Racerback Tank Tops for Women Basic Workout Crop Tanks Sleeveless Cropped Sport Shirts  ,$28.49
146,146 image.jpg,Women Half Sleeve Cropped T Shirt Tops Round Neck Crop Casual Summer Basic Tees Tshirt  ,$25.39
147,147 image.jpg,Women's Round Neck T Shirts Basic Bodysuits Jumpsuits  ,$30.00
148,148 image.jpg,Women's Sleeveless Long Sleeve Shirts Ruffle Casual Blouse Tunic Tops Solid Color  ,$32.99
149,149 image.jpg,Women Seamless Shapewear Slimming Basic Tank Tops Camisole Tummy Control Waist Cincher Vest Compression Body Shaper  ,$25.99
150,150 image.jpg,Women’s Knit Sleeveless V Neck Tank Tops Ladies Solid Color Tunic Shirt Camisole Tops with Buttons Down  ,$26.99
151,151 image.jpg,Women's Tops Puff Sleeve Loose Fit Casual Blouse Ladies Lace Trim V-Neck Long Sleeve T-Shirt  ,$29.90
152,152 image.jpg,Womens Summer Flowy Tank Tops Sexy Halter Embroidery Neck Sleeveless Casual Tee Shirts Tank S-XXL  ,$33.99
153,153 image.jpg,Women's Casual V Neck Cuffed Sleeves Shirt Polka Dot Blouse Top  ,$31.99
154,154 image.jpg,Women's Lace Bodysuit Tummy Control Shapewear Sleeveless V-Neck Tops Backless Camisole Jumpsuit Full Body Shaper  ,$31.99
155,155 image.jpg,Womens Soft V Neck 3 4 Sleeve Tunic Top Striped Henley Shirts Blouses  ,$31.99
156,156 image.jpg,Women's High Low Long Sleeve Loose T-Shirt Dress With Pockets  ,$66.88
157,157 image.jpg,Women's Standard Lightweight Turtleneck Sweater  ,$29.90
158,158 image.jpg,Women's Casual Long Sleeve Shirts Buttons Up Tunic Ruffle Blouse Flowy Tops  ,$27.99
159,159 image.jpg,Women's Petal Short Sleeve Shirts Cute Summer Tops V Neck Casual T-Shirts Loose Fit Blouses  ,$28.99
160,160 image.jpg,Womens Tops Casual Square Neck Puff Long Sleeve T Shirts Loose Fit S-XXL  ,$19.99
161,161 image.jpg,Womens Ruffle Tassel Sweater Long Sleeve Crewneck Casual Pullover Jumper Knit Sweaters Tops  ,$39.74
162,162 image.jpg,Women Casual Summer Shirts Ruched V Neck Short Sleeve Tunic Tops Blouses S-XXL  ,$34.99
163,163 image.jpg,Women's Button Down Henly Shirts Long Sleeve V Neck Drawstring Sweatshirt Hoodie Tunic Tops  ,$35.99
164,164 image.jpg,Women's Shirt-Tail Tank Top  ,$20.54
165,165 image.jpg,ICTIVE Womens Cross Backless Workout Tops for Women Racerback Tank Tops Open Back Running Tank Tops Muscle Tank  ,$28.98
166,166 image.jpg,Womens Sport Cool Dri Performance Long Sleeve T-Shirt  ,$24.08
167,167 image.jpg,Tank Tops for Women Trendy Summer V Neck Loose Flowy Casual Sleeveless Shirts  ,$24.99
168,168 image.jpg,Women's Long Sleeve T Shirt Casual V Neck Button Solid Henley Tops Blouse Tee  ,$34.99
169,169 image.jpg,Women's Comfy Soft Casual Cold Shoulder Long Sleeve Side Twist Knotted Tops Blouse  ,$28.99
170,170 image.jpg,Women's Golf Shirts Color Block Polo Shirt Tennis Athletic Shirts Quick Dry  ,$35.99
171,171 image.jpg,Women's Turtleneck Bodysuit Sheer Mesh Shirt Tops Stretchy Mesh Fitted Shirt Top  ,$27.99
172,172 image.jpg,Women's Sheer Mesh Sleeveless Floral Lace Spaghetti Strap Cami Bodysuit Tops  ,$39.67
173,173 image.jpg,Women's Basic Round Neck Long Sleeve Crop Top  ,$22.99
174,174 image.jpg,Women's 2022 Puff Long Sleeve Tunic Tops Casual Loose V Neck Blouses Shirts  ,$21.99
175,175 image.jpg,"Women's Workout Yoga Tops Sheer Mesh Gym Exercise Shirts Flowy Tank Top, Sheer Black, Medium  ",$39.95
176,176 image.jpg,Women's Scoop Neck Long Sleeve Ultrathin Modal Thermal Underwear Shirt/Top  ,$19.99
177,177 image.jpg,Womens Smooth As Tennessee Whiskey Sweet As Strawberry Wine Shirt Ring Hole Sexy V-Neck Tank Tops Country Music Tee  ,$28.26
178,178 image.jpg,Womens Long Sleeve Knit Underscrub Tee  ,$20.07
179,179 image.jpg,V Neck Tank Tops for Women Summer Sleeveless Basic Cami Top Shirt Casual Sleeveless Shirts Loose Fit White S-2XL  ,$26.99
180,180 image.jpg,Women's Studio Racerback Tank  ,$15.20
181,181 image.jpg,Athletic Tank Tops for Women Sleeveless Workout Cool T-Shirt Running Short Tank Crop Tops  ,$22.99
182,182 image.jpg,Womens Camisole Silk Satin Tank Tops V Neck Casual Cami Sleeveless Blouses Summer Basic Tank Shirt  ,$27.99
183,183 image.jpg,Sexy Bodysuit for Women Zipper Mock V Neck Sleeveless Short Sleeve Long Sleeve Tops T Shirts Jumpsuit  ,$32.72
184,184 image.jpg,"3-Pack Women’s V-Neck Quick Dry T-Shirts, Workout Tops  ",$31.49
185,185 image.jpg,Womens Essentials All Day Elbow Length V-Neck T-Shirt  ,$18.06
186,186 image.jpg,Women's Summer Short Sleeve Mock Neck Casual Blouse Tops  ,$29.79
187,187 image.jpg,Women's Loose V Neck Cami Tank Tops Casual Sleeveless Shirt  ,$64.02
188,188 image.jpg,Women's Sexy Lace V Neck Clubwear Top Sheer Mesh Long Sleeve Bodysuit  ,$27.49
189,189 image.jpg,"Women's Bow Self Tie Scalloped Cut Out Short Sleeve Elegant Office Work Tunic Blouse Top, Black, X-Large  ",$29.73
190,190 image.jpg,Womens Contemporary  ,$35.55
191,191 image.jpg,Women's PU Leather V Neck Spaghetti Strap Cami Crop Top  ,$27.58
192,192 image.jpg,Women's Lightweight Long Sleeve Workout Shirts Pullover Turtleneck Tops with Thumbholes  ,$36.00
193,193 image.jpg,Womens Wonderwork Women's V-Neck Scrub Top  ,$22.60
194,194 image.jpg,Women's Classy Asymmetrical Neck Long Sleeve Ribbed Slimming Thong Bodysuit Tops  ,$64.71
195,195 image.jpg,Womens Henley Shirts Ladies Long Sleeve Tunic Top V Neck Flower Blouse Top  ,$32.99
196,196 image.jpg,Womens Plus Size Tunic 3/4 Sleeve Loose Fit T Shirt Casual Blouse Flowy Tunics for Leggings  ,$29.99
197,197 image.jpg,Womens Ruffle 3/4 Sleeve Mesh Blouses Loose Flowy Tops Stretchy Shirts  ,$38.99
198,198 image.jpg,Women's Basic Mock Neck Slim Fitted Long Sleeve Pullovers Tee Tops  ,$61.26
199,199 image.jpg,Women's Sleeveless Mesh Floral Lace Scallop V Neck Backless Tank Top Blouse  ,$36.90
200,200 image.jpg,Women's Casual Striped Tee Shirt Long Sleeve Round Neck Top  ,$39.20
201,201 image.jpg,Women's Casual High Neck Sleeveless Solid Crop Halter Tank Top  ,$22.76
202,202 image.jpg,Women Puff Sleeve Tops Tunics Dressy Peplum T-shirt Square Neck Casual Shirts  ,$55.43
203,203 image.jpg,Women's Plus Size Tech Stretch Racerback Tank Top  ,$20.70
204,204 image.jpg,Womens Summer Tops Double Ruffle Short Sleeve V Neck T-Shirts Casual Loose Fit Tops S-XXL  ,$34.99
205,205 image.jpg,Women's Henley Button Up T Shirt Casual Basic Short Sleeve Summer Tops Blouse S-XXL  ,$34.99
206,206 image.jpg,Womens Half Sleeve Summer Blouse Crewneck Tops Lace Floral Textured Shirts S-XXL  ,$37.99
207,207 image.jpg,Womens Tank Tops Pleated V Neck Sleeveless Summer Shirts Loose Casual Tunic Blouses S-3XL  ,$33.99
208,208 image.jpg,Womens Casual Scoop Neck Dressy Blouses 3/4 Sleeve Chiffon Business Work Blouse Tops  ,$26.99
209,209 image.jpg,Women's Turtleneck Tops Long Sleeve Slim Fit Cotton Lightweight Thermal Base Layer Shirts  ,$26.99
210,210 image.jpg,womens Valerie Cutaway Neck Racerback Rib Knit Tank Top  ,$24.90
211,211 image.jpg,Women's Standard Open-Neck French Terry Fleece Tunic  ,$24.30
212,212 image.jpg,Women's Ruffle Spaghetti Strap Camisole Sleeveless Peplum Tops  ,$42.99
213,213 image.jpg,Women's Floral Sheer Eyelash Lace Up Bustier Cami Top Tie Shoulder Bralette  ,$30.42
214,214 image.jpg,Women Blouses Long Sleeve Lace V Neck Jacquard Pom Shirts Casual Tunic Tops S-XXL  ,$36.99
215,215 image.jpg,Women's Pearl Sheer Mesh Long Sleeve Tops Blouse  ,$29.77
216,216 image.jpg,Womens Summer Shirt V Neck Casual Tshirts Puff Sleeve Tops for Women Solid Color XS-3XL  ,$51.75
217,217 image.jpg,Women's Sleeveless Sparkle Sequin Cami Crop Top Spaghetti Strap Party Tops  ,$75.25
218,218 image.jpg,Women's Square Neck Short Sleeve Long Sleeve Tops Bodysuit Jumpsuit  ,$23.50
219,219 image.jpg,womens Plus-size  ,$30.78
220,220 image.jpg,Women's Long Sleeve Crew Neck Elbow Patches Color Block Shirt Top  ,$27.99
221,221 image.jpg,Women's Casual Long Sleeve Solid Crop Top Mock Neck Slim Fitted Cropped Shirts  ,$23.98
222,222 image.jpg,Blouses for Women Puff Long Sleeve Square Neck Shirts Off The Shoulder Floral Ladies Tops and Blouses  ,$36.99
223,223 image.jpg,Women's Summer Tops T Shirts Casual Ruffle Short Sleeve Curved Hem Round Neck Blouse  ,$22.99
224,224 image.jpg,Men's V-Neck Scrub Top  ,$24.53
225,225 image.jpg,Women's Solid Casual Summer Side Shirring Scrunched Built-in Bra Tube Top Black S  ,$18.16
226,226 image.jpg,Women Long/Short Sleeve V Neck Curved Hem Tunic Tops T Shirts  ,$28.98
227,227 image.jpg,Womens Short/Long Sleeve V Neck Henley Shirt Casual Button Blouses Tunic Tops  ,$26.99
228,228 image.jpg,womens Mock Wrap Top  ,$37.47
229,229 image.jpg,Womens High Neck Longline Sports Bra Padded Sleeveless Workout Crop Top Yoga Tank Tops  ,$32.99
230,230 image.jpg,Womens Button Up Denim Shirt Lightweight Oversized Jean Jacket Long Sleeve Blouse Tops  ,$41.99
231,231 image.jpg,Women's Sweetheart Neck Mesh Puff Sleeve Slim Fitted Tee Top  ,$28.09
232,232 image.jpg,Womens Summer Tops Sexy Casual Deep V Neck Short Sleeve Cut Out T Shirts Blouse  ,$30.99
233,233 image.jpg,Adar Addition Go-Basic Scrub Set for Women - Slim V-Neck Scrub Top & Skinny Cargo Scrub Pants - A9200 - Black - M  ,$82.49
234,234 image.jpg,Women's Lace Short Sleeve Mock Neck Keyhole Back Slim Fit Blouse Tops  ,$38.46
235,235 image.jpg,Lady 3/4 Sleeve Dress Shirt  ,$53.51
236,236 image.jpg,Women's 2022 Long Sleeve Tops Casual Loose V Neck Blouses Striped Sheer Mesh Patchwork Shirts  ,$27.99
237,237 image.jpg,Women's Puff Sleeve Casual Solid Top Pullover Keyhole Back Blouse  ,$32.27
238,238 image.jpg,Womens 3/4 Bell Sleeve Fashion V Neck Lace Patchwork Blouse Casual Loose Shirt Tops  ,$31.99
239,239 image.jpg,Women's Sheer Lace Cami Crop Top Stretch Spaghetti Strap Crop Cami Bra  ,$26.36
240,240 image.jpg,"Women's 3 Pack Long Sleeve Workout Running Shirts, UPF 50+ Sun Protection Shirts, Athletic Exercise Gym Yoga T-Shirts  ",$39.99
241,241 image.jpg,Women's Running Shirt Long Sleeve Shirt Quick Dry Half-Zip Workout Tops Crop Athletic  ,$39.00
242,242 image.jpg,Women's Sleeveless Square Neck Ribbed Knit Tank Crop Top  ,$33.18
243,243 image.jpg,Women's Long Sleeve Solid Lightweight Sweatshirt Split Hem Tops Spring Autumn  ,$32.99
244,244 image.jpg,Women's Scrubs Charlie 5 Pocket Y-Neck Wrap Top  ,$18.05
245,245 image.jpg,Womens T-Shirt Minnie Mouse  ,$27.85
246,246 image.jpg,Women's Striped Long Sleeve Crewneck Casual Loose Oversized Knitted Pullover Sweater Tops  ,$31.78
247,247 image.jpg,Women's Vest - Stand Collar Lightweight Zip Quilted Vest for Women  ,$33.99
248,248 image.jpg,Womens Jersey Long-Sleeve Scoop-Neck Swing Tunic  ,$23.40
249,249 image.jpg,Women's Casual Mock Neck Blouse Rib Knit Tops Long Sleeve Shirts with Cutout Details  ,$35.99
250,250 image.jpg,Women Long Sleeve V Neck Solid Lace Lightweight Sweatshirt T Shirt Tops  ,$21.25
251,251 image.jpg,Women's Lace Sleeve Shirts Summer Casual Tops Crew Neck Trendy Blouse Tees  ,$29.99
252,252 image.jpg,Womens Live. Love. Color Scoop Neck Tank 9002  ,$19.77
253,253 image.jpg,Summer Sexy Womens V-Neck Cap Sleeve Cami Tank Tops Dressy Casual Tee T-Shirt Loose Fit Shirts  ,$29.88
254,254 image.jpg,Womens Ruched Cowl Neck Tank Tops Sleeveless Stretch Blouse with Side Shirring  ,$28.99
255,255 image.jpg,Basics 373 Women's Becca Scrub Top  ,$31.71
256,256 image.jpg,Womens Women's 4 Pocket Notch Neck Scrub Top  ,$33.82
257,257 image.jpg,Womens Summer Off The Shoulder Tops Casual Sexy Short Sleeve Front Twist Knot T Shirts Dolman Blouses  ,$28.99
258,258 image.jpg,Essential Solid Open Front Maxi Long Knitted Cardigan Sweater for Women  ,$31.99
259,259 image.jpg,Women's Sleeveless Golf Tennis Shirt Collarless Sport Tees V-Neck Athletic Tank Tops  ,$29.99
260,260 image.jpg,Women's Wonderflex Verity Scrub Top  ,$32.01
261,261 image.jpg,ICTIVE Workout Tops for Women Loose fit Racerback Tank Tops for Women Mesh Backless Muscle Tank Running Tank Tops  ,$28.98
262,262 image.jpg,Women Sequin Top Sexy V Neck Long Sleeve Glitter Peplum Blouse Clubwear  ,$45.99
263,263 image.jpg,Womens Plus Size Tank Top  ,$17.10
264,264 image.jpg,Women 3/4 Roll Sleeve Shirts Notch V Neck Flowy Plaid Tunic Blouses  ,$36.99
265,265 image.jpg,Women's Plus Size Henley Shirts V Neck Button Tunic Tops Short Sleeve Tunics 1X-4X  ,$32.89
266,266 image.jpg,womens standard 2-pack Tech Stretch Racerback Tank Top  ,$25.30
267,267 image.jpg,Women's Blouse Tops Loose V Neck 3/4 Bell Sleeve Shirt  ,$25.99
268,268 image.jpg,Women's Casual Sleeveless Strappy Backless Rib Knit Camisole Bodysuit  ,$38.30
269,269 image.jpg,Women's Short-Sleeve Scoopneck Swing Tee  ,$18.40
270,270 image.jpg,"3 Pack Women's Crew Neck Long Sleeve Athletic Tops, UPF 50+ Sun Protection Shirts, Quick Dry Loose Comfy Casual Tops  ",$39.99
271,271 image.jpg,Women's Plus Short Sleeve Round Neck Blouse Casual Leopard Print Top  ,$15.20
272,272 image.jpg,Women's Solid Basic Tee Round Neck Short Sleeve Slim Fit T-Shirt Tops  ,$25.85
273,273 image.jpg,Sexy Short Sleeve Top for Women Solid Slim Fitted Shirt Tee Basic Crew Neck Crop Top Blouse  ,$24.82
274,274 image.jpg,Summer Tops Women Tank Tops for Women Ribbed/Waffle Women Tops Basic Sexy Cleavage Summer Sleeveless Tops  ,$19.99
275,275 image.jpg,Women Dressy Short Sleeve Popular Lace Trim Blouse Tops  ,$32.99
276,276 image.jpg,Womens Ladies Ribbed Thick Strap Low Cut Tight Slim Fitted Sporty Workout Tank Tops  ,$22.99
277,277 image.jpg,Women's Full Zip UPF 50+ Sun Protection Jacket Hoodie Lightweight Camo Hiking Shirt Long Sleeve Tennis UV Tops Pockets  ,$32.99
278,278 image.jpg,Women’s Half Zip Sweatshirt Crewneck Sweatshirt Zipper Casual Sweatshirt Loose Pullover Shirts  ,$22.99
279,279 image.jpg,Women's Casual Halter Neck Rib Knit Backless Vest Crop Tank Tops  ,$58.45
280,280 image.jpg,Women's Satin Button Down Shirt V Neck Long Sleeve Casual Work Blouse Tops with Pocket  ,$34.99
281,281 image.jpg,Womens Short Sleeve T-Shirt Ruched Irregular Hem Slim Fit Stretch Summer Tops S-XXL  ,$35.99
282,282 image.jpg,Crop Tank Top for Women Workout Shirts Cropped Tanks Sleeveless Gym Clothes Yoga High Neck Crop Top Pack  ,$38.97
283,283 image.jpg,Women's Sheer Fishnet Top Sexy Short Sleeves Net T Shirts Crop Top XS-XXL  ,$21.58
284,284 image.jpg,Women's Lantern Sleeve High Low Asymmetrical Hem Tops Blouse Shirt Dress  ,$49.99
285,285 image.jpg,Womens Turtleneck  ,$23.92
286,286 image.jpg,Womens Tank Tops Summer Casual Loose Flowy Ruffle Layered Cami Tops Sleeveless Scoop Neck Racerback Shirts  ,$28.99
287,287 image.jpg,Women's Waffle Knit Tops Long Sleeve Cold Shoulder Pullover Sweater Casual Blouse T Shirts  ,$29.99
288,288 image.jpg,Women's Faux Leather Sleeveless Square Neck PU Leather Crop Tank Tops  ,$32.90
289,289 image.jpg,Cotton Ribbed Tank Tops for Women Slim Fit Scoop Neck  ,$17.95
290,290 image.jpg,Women's Knit Tunic Long Sleeve V-Neck Loose Casual Pullover T-Shirt Tops S-XXL  ,$19.99
291,291 image.jpg,Women's Ruffle Short Sleeve V Neck Chiffon Shirts Casual Summer Top Tee Shirt S-XXL  ,$36.99
292,292 image.jpg,Women Casual V-Neck T-Shirts Loose Puff Short-Sleeve Tops Tunic Blouse S-XXL  ,$35.99
293,293 image.jpg,Tube Tops for Womens Stretchy Sexy Crop Tops Undershirts Strapless Camisoles Shirt Bandeau 3 Pack  ,$26.20
294,294 image.jpg,Women's Mesh Long Sleeve Mock Neck Ruffle Hem Slim Fit Peplum Blouse  ,$26.99
295,295 image.jpg,Women's Plus Size V Neck Tunic Tops Summer Casual T-Shirt  ,$29.99
