ID,Image,Title,Price
1,1 image.jpg,Women's Plus Size V Neck Tunic Tops Summer Casual T-Shirt  ,$29.99
2,2 image.jpg,Womens Summer Tops Double Ruffle Short Sleeve V Neck T-Shirts Casual Loose Fit Tops S-XXL  ,$34.99
3,3 image.jpg,Women's Henley Button Up T Shirt Casual Basic Short Sleeve Summer Tops Blouse S-XXL  ,$34.99
4,4 image.jpg,Women's Short Sleeve Round Neck T Shirt Front Twist Tunic Tops Casual Loose Fitted  ,$33.99
5,5 image.jpg,Sweaters for Women Fall Casual Pullover Crew Neck Dolman Batwing Long Sleeve Knit Tops Shirts with Buttons  ,$36.99
6,6 image.jpg,Tunic for Women Shirts Long Sleeve Tops for Girls Light Weight Soft with Pockets  ,$32.99
7,7 image.jpg,Women's Standard French Terry Fleece Quarter-Zip Top  ,$24.60
8,8 image.jpg,Womens Casual Chiffon Dressy Top Scoop Neck 3/4 Sleeve Double Layers Flowy Blouse Shirt  ,$28.99
9,9 image.jpg,Womens Summer Short Sleeve Tops Casual Lace Tunic Tops Loose Fit T Shirts  ,$29.99
10,10 image.jpg,Women's V Neck Spaghetti Tank Tops Loose Sexy Casual Sleeveless Shirts Blouses Adjustable Strap Camisoles  ,$24.99
11,11 image.jpg,Women's Casual V Neckline Self Tie Short Sleeve Work Blouse Tunic Tops  ,$30.01
12,12 image.jpg,Womens Summer T Shirts Loose Fit Cap Sleeve Side Split Summer Tops with Pocket S-XXL  ,$34.99
13,13 image.jpg,Women's Summer 2 Piece Outfits Round neck Crop Basic Top Cropped Wide Leg pants Set Jumpsuits  ,$45.99
14,14 image.jpg,Plus Size Tops for Women Lace Blouse Waffle Knit Long/Short Sleeve Shirts  ,$29.99
15,15 image.jpg,Women’s Sleeveless Casual Tank Top Front Pleated Back Closure Simple Loose T-Shirts  ,$26.99
16,16 image.jpg,2022 Fall Womens Tops Casual V-Neck Soft Long Sleeves Tunic Shirt Basic Split Blouse with Side Zipper  ,$31.58
17,17 image.jpg,Women's Sleeveless Golf Tennis Polo Shirts Zip Up Workout Tank Tops  ,$36.20
18,18 image.jpg,Womens Tank Tops Pleated V Neck Sleeveless Summer Shirts Loose Casual Tank Tops Blouse S-XXL  ,$33.99
19,19 image.jpg,Women's Pullover Sweater Cute Puff Short Sleeve Tops Pullover Shirt Lightweight Knit Sweater Blouse  ,$30.59
20,20 image.jpg,Women's Sleeveless Criss Cross Casual Tank Tops Basic Blouse  ,$25.98
21,21 image.jpg,Women Casual Summer Shirts Ruched V Neck Short Sleeve Tunic Tops Blouses S-XXL  ,$34.99
22,22 image.jpg,Womens Summer Shirt V Neck Casual Tshirts Short Puff Sleeve Tops for Women Solid Color S-XXL  ,$35.99
23,23 image.jpg,Tank Tops for Women Cami Sleeveless Loose Fitted Tshirt Front Twist Tunic Tops Casual  ,$27.99
24,24 image.jpg,Women's Satin Camisole Sexy V Neck Cami Top Loose Sleeveless Tank Blouse  ,$23.99
25,25 image.jpg,Women Tank Tops Round Neck Sleeveless Cami Shirt Slim Solid Ribbed Tank Top  ,$20.39
26,26 image.jpg,Women's Summer Round Neck Sleeveless Blouse Loose Casual Flowy Chiffon Tank Tops for Women  ,$28.99
27,27 image.jpg,Womens 2-Pack Slim-Fit Tank  ,$19.50
28,28 image.jpg,Summer Womens Top Casual Short Sleeve T-Shirt Round Neck Ruffle Sleeve Blouse  ,$27.98
29,29 image.jpg,Women's Scoop-Neck Tank Top  ,$14.62
30,30 image.jpg,Women's Short-Sleeve V-Neck Tunic  ,$18.00
31,31 image.jpg,Womens Tank Tops V Neck Pleated Sleeveless Summer Shirts Loose Casual Blouses  ,$24.99
32,32 image.jpg,Womens Lightweigh Sweatshirts Crewneckt Thin Sweaters Fall Tops Solid Color Tunic Long Sleeve Shirts(S-2XL)  ,$24.99
33,33 image.jpg,Women's Casual Round Neck Basic Pleated Top Cap Sleeve Curved Keyhole Back Blouse  ,$33.18
34,34 image.jpg,Womens Short Sleeve Chiffon Shirt Tops Flutter Loose Casual Blouse  ,$26.50
35,35 image.jpg,Women's 2 Piece Outfit Off The Shoulder Crop Top Wide Leg Pants Set  ,$66.23
36,36 image.jpg,Women's Casual U-Neck Cami Butterfly Graphic Vest Rib-Knit Tank Crop Top  ,$30.06
37,37 image.jpg,Women's Puff Sleeve Casual Solid Top Pullover Keyhole Back Blouse  ,$33.59
38,38 image.jpg,Womens Summer V-Neck Shirt Cold Shoulder Short Sleeve Tops  ,$32.99
39,39 image.jpg,Women's Sexy Off Shoulder Tee Top Short Sleeve V Neck Ribbed Knit T Shirt  ,$30.42
40,40 image.jpg,Women Summer Short/Long Sleeve V Neck T Shirts Basic Tee Tops  ,$32.98
41,41 image.jpg,Women's Sleeveless Strappy Tank Square Neck Double Layer Workout Fitness Casual Basic Crop Tops  ,$31.27
42,42 image.jpg,Womens Tank Tops V Neck Basic Solid Color Casual Flowy Summer Sleeveless  ,$19.99
43,43 image.jpg,Women's Casual Plaid Batwing Short Sleeve Knot Front Loose Blouse Tops Shirts  ,$37.36
44,44 image.jpg,Women's Two Piece Ruffle Trim Cami Crop Top and Wrap Skirt Set  ,$54.06
45,45 image.jpg,Women's Puff Half Sleeve Mock Neck Keyhole Back Slim Fit Blouse Tops  ,$28.33
46,46 image.jpg,Silk Camisole Tops for Women Cowl Neck Camis Satin Tank Top Sexy Spaghetti Strap Sleeveless Loose Blouse  ,$25.99
47,47 image.jpg,ICTIVE Workout Tops for Women Loose fit Racerback Tank Tops for Women Mesh Backless Muscle Tank Running Tank Tops  ,$28.98
48,48 image.jpg,Women's Shirred V-Neck Summer Tops Short Sleeve Casual Solid Tee Shirts Blouses S-XXL  ,$33.99
49,49 image.jpg,Womens Long Sleeve Short Sleeve Lace Hem Trim Shirts A-Line Tunic Tops  ,$14.99
50,50 image.jpg,Plus Size Sweatshirts for Women Casual Long Sleeve Round Neck Shirts Tunic Tops for Leggings M-4XL  ,$36.99
51,51 image.jpg,Womens Sport Cool Dri Performance Long Sleeve T-Shirt  ,$24.08
52,52 image.jpg,Amilia Women's Basic Solid Cami Spaghetti Double Layer Crop Tank Top  ,$26.99
53,53 image.jpg,Womens 2 Pieces Outfits Deep V Neck Crop Top Side Slit Drawstring Wide Leg Pants Set Jumpsuits  ,$42.99
54,54 image.jpg,2023 Women's Tops Short Sleeve/Long Sleeve Lace Trim O-Neck A Line Tunic Blouse  ,$27.99
55,55 image.jpg,Women's Plus-Size Morgan Short Sleeve Polo Shirt  ,$22.99
56,56 image.jpg,Womens V Neck Summer Sleeveless Tank Tops Ribbed Button Casual Henley Shirts Cami Tees S-XXL  ,$33.99
57,57 image.jpg,"Women's Tops Short Sleeve Lace Trim Crew Neck Tunic Blouse, S-2XL  ",$28.04
58,58 image.jpg,Womens Tops Summer Cap Sleeve T-Shirt Loose Fit Tank Tops  ,$26.79
59,59 image.jpg,Women Casual V-Neck T-Shirts Loose Puff Short-Sleeve Tops Tunic Blouse S-XXL  ,$35.99
60,60 image.jpg,Womens Ruffle 3/4 Sleeve Mesh Blouses Loose Flowy Tops Stretchy Shirts  ,$38.99
61,61 image.jpg,Womens Summer Top Ruched Trim Button Down Neck Pleated Sleeveless Tank Top S-XXL  ,$35.99
62,62 image.jpg,Women's Shirt-Tail Tank Top  ,$20.54
63,63 image.jpg,Activewear Running Workout Clothes Yoga Racerback Tank Tops for Woman  ,$9.99
64,64 image.jpg,Women's V Neck Botton up Bolero Shrugs for Dresses Sheer Lace Crochet 3/4 Sleeve Knit Cropped Cardigan Sweater  ,$36.99
65,65 image.jpg,Women's Short Sleeve T-Shirt Loose Casual Puff Sleeve Shirt Ladies Clothing Summer Tops and Blouse  ,$28.90
66,66 image.jpg,Women's Cute Tank Tops Criss Cross Back Loose Hollow Out Camisole Shirt  ,$20.99
67,67 image.jpg,Womens Women's Short Sleeve Nano-t V-Neck Tee  ,$17.07
68,68 image.jpg,Womens Half Sleeve Summer Blouse Crewneck Tops Lace Floral Textured Shirts S-XXL  ,$37.99
69,69 image.jpg,Womens V Neck Off Shoulder Long Batwing Sleeve Asymmetric Hem Casual Pullover Sweater Knit Tops  ,$55.67
70,70 image.jpg,Women's Long Sleeve Baseball Tee Shirt Crew Neck Colorblock Striped Tops  ,$24.99
71,71 image.jpg,Women's Sheer Long Sleeves Flower Embroidery Lace Top  ,$31.99
72,72 image.jpg,Women's Cotton Basic Sleeveless Racerback Sports Crop Tank Top  ,$18.83
73,73 image.jpg,Women's Checked Plaid Tunic Tops Turtleneck Shirt Dress with Pockets  ,$90.75
74,74 image.jpg,Women's Casual Square Neck Long Sleeve Fitted Solid Tee Shirts Tops  ,$34.58
75,75 image.jpg,Women's Summer Floral Tunic Tops Casual Blouse Short Sleeve Buttons Up T-Shirts  ,$24.98
76,76 image.jpg,Plus Size Tops for Women Short/Long Sleeve V Neck Button Up Shirt Waffle Knit Tie Front Tunic Blouse  ,$32.99
77,77 image.jpg,Women Tunic Tops Short Sleeve Shirts Ladies Summer Button Up Pleated Floral Blouse  ,$30.99
78,78 image.jpg,Womens Long Sleeve V Neck T-Shirt Striped Sheer Mesh Raglan Tees Loose Casual Tops  ,$28.99
79,79 image.jpg,Women's 2 Piece Flounce Sunflower Printed Top with Boyshorts Tankini Swimsuits  ,$39.99
80,80 image.jpg,Cardigan Sweaters for Women Boho Color Block Open Front Long Sleeve Knit Sweater Tops  ,$30.99
81,81 image.jpg,Womens Fall Long Sleeve Casual Tunic Tops Crew Neck T Shirts Loose Fit Front Twist Knot Blouse  ,$32.99
82,82 image.jpg,Women's Naked Feeling Soft Workout Tank Tops Racerback High Neck Athletic Shirts with Built in Bra  ,$39.00
83,83 image.jpg,Women Elegant Ruffle Trim Butterfly Sleeve Blouse Round Neck Work Shirt Top  ,$34.58
84,84 image.jpg,Womens 2-Pack Classic Fit 100% Cotton Sleeveless Tank Top  ,$21.60
85,85 image.jpg,Womens Summer V-Neck Spaghetti Strap Tank Tops Casual Sleeveless Shirts  ,$24.99
86,86 image.jpg,Women's Long/Short Sleeve Shirts Color Block Crewneck Sweaters Casual Tunic Tops  ,$31.99
87,87 image.jpg,Women's Casual Crisscross Sleeveless Form Fitting Tank Halter Top  ,$23.91
88,88 image.jpg,Women's Slim Fit Deep V Neck Sleeveless Crop Tank Top  ,$26.18
89,89 image.jpg,Womens Hater Tank Top Summer Loose Sleeveless Shirt  ,$23.88
90,90 image.jpg,Womens Shiny Sequin Party Cropped Strapless Bandeau Stretch Tube Top  ,$38.99
91,91 image.jpg,Women's Casual Round Neck Summer Short Sleeve Scallop T-Shirt Top Blouse  ,$33.46
92,92 image.jpg,Crop Tops for Women Ribbed Women Tops Summer Tops Basic Stretchy Lightweight Button-Down Tops Button-Down Shirts  ,$24.99
93,93 image.jpg,Women's Long-Sleeve Stripe Turtleneck  ,$17.60
94,94 image.jpg,Women's Round Neck T Shirts Basic Bodysuits Jumpsuits  ,$30.00
95,95 image.jpg,Women's Striped Button Down Shirts Casual Long Sleeve Stylish V Neck Blouses Tops with Pockets  ,$34.99
96,96 image.jpg,Womens Long Sleeve Tops Lapel Zipper Casual Sweatshirt Loose Pullover Shirts Activewear Running Jacket  ,$38.99
97,97 image.jpg,Women's V Neck Swiss Dot Chiffon Tops Bubble Long Sleeve Casual Solid Blouses Shirts  ,$22.99
98,98 image.jpg,4 Pack Cotton Crop Racerback Tank Tops for Women Basic Workout Crop Tanks Sleeveless Cropped Sport Shirts  ,$28.49
99,99 image.jpg,"2023 Summer Women Casual Shirt, V-Neck Loose Tunic Top for Leggings, Split 3/4 Sleeves Chiffon Blouse  ",$30.99
100,100 image.jpg,Women's Short-Sleeve Scoopneck Swing Tee  ,$20.60
101,101 image.jpg,Women's Scrubs Bravo 5 Pocket V-Neck Top  ,$20.00
102,102 image.jpg,Basic Tank Tops for Women Undershirt Tanks Tops Lightweight Camis Tank Tops 4 Pack  ,$36.99
103,103 image.jpg,"Women's Summer Sleeveless Tanks V Neck Casual Tshirt Tops Comfy Loose Fitting Blouse, S-2XL  ",$12.99
104,104 image.jpg,Women's Long Sleeve Button Down Lotus Ruffled Work Shirt Chiffon Blouse Tops  ,$53.81
105,105 image.jpg,Women's Comfy Casual Long Sleeve Side Twist Knotted Tops Blouse  ,$23.99
106,106 image.jpg,Women’s Blouses Casual Cap Sleeves Front Pleated Round Neck Keyhole Back Chiffon Dressy Top  ,$27.99
107,107 image.jpg,Womens 3/4 Sleeve Boatneck T-Shirt  ,$18.90
108,108 image.jpg,Womens Button Down Shirts V Neck Long Sleeve Office Casual Business Plain Blouse Tops with Pocket  ,$34.99
109,109 image.jpg,Womens Jacquard Pom Cap Sleeve Summer Tops Casual Button Down V Neck Tshirt Blouse S-XXL  ,$36.99
110,110 image.jpg,Women 3/4 Roll Sleeve Shirts Notch V Neck Flowy Plaid Tunic Blouses  ,$36.99
111,111 image.jpg,Women's Color Block Solid Color Round Neck Tunic Tops Casual Shirts Light Weight Sweatshirt(S-3XL)  ,$33.99
112,112 image.jpg,Womens Button Down V Neck Shirts Short/Long Sleeve Office Casual Business Plain Blouses Tops  ,$34.99
113,113 image.jpg,Women's Tank Tops Summer Sleeveless Basic Cami Top Shirt Slim Knit Ribbed Racerback Blouses S-XXL  ,$33.99
114,114 image.jpg,Women's V-Notch Pullover Fleece Sweatshirt  ,$24.08
115,115 image.jpg,Women Elegant Cowl Neck Sleeveless Tee Shirts Solid Work Blouse Tops Black  ,$31.02
116,116 image.jpg,Workout Tank Tops for Women Gym Exercise Athletic Loose fit Yoga Tops Mesh Racerback Sports Shirts  ,$20.99
117,117 image.jpg,Women's Sleeveless Letter Print Strappy Rib-Knit Cami Crop Top  ,$35.59
118,118 image.jpg,Womens Summer Tank Tops Lace Shirts Blouses Vintage Elegant V Neck Sleeveless Tunic Tank Top  ,$27.19
119,119 image.jpg,Workout Tops for Women Open Back Athletic Yoga Shirts Tie Back Tanks Gym Workout Clothes  ,$19.99
120,120 image.jpg,"Baseball Tank Top Women Funny Heart Baseball Graphic Workout Tanks Cute Casual Sleeveless Tee Shirts, Blue, Medium  ",$22.44
121,121 image.jpg,Sequin Halter Tops for Women Sleeveless Dressy Sparkle Tank Camisole Tops Party Club Cocktail Vest Shirt  ,$39.99
122,122 image.jpg,Women's Leopard V Neck Cold Shoulder Tops Puff Sleeve Blouse Button Down Shirt Tops  ,$48.00
123,123 image.jpg,Women's Satin Silk Long Sleeve Blouse Button Down Shirt Casual Top  ,$51.78
124,124 image.jpg,Womens Jacquard Pom Summer Top Tshirt Casual 3/5 Sleeve Button V Neck Tunic Top Blouse S-XXL  ,$38.99
125,125 image.jpg,Women's Striped Collar Blouse Short Ruffle Sleeve Babydoll Shirt Top  ,$30.16
126,126 image.jpg,Blouse for Women Casual Button Down Shirt Short/Long Sleeve Tshirt V Neck Dressy Tops Summer Office Business Plain  ,$28.99
127,127 image.jpg,Womens Tops Tunics Short Sleeve Pleated Front Blouses Summer Elastic Fitted Shirts  ,$32.99
128,128 image.jpg,Women's Zip Up Hoodie Long Sleeve Hooded Drawstring Sweatshirts Coat with Pocket  ,$29.99
129,129 image.jpg,Womens Short Sleeve T-Shirt Ruched Irregular Hem Slim Fit Stretch Summer Tops S-XXL  ,$35.99
130,130 image.jpg,Womens Tank Tops Pleated V Neck Sleeveless Summer Shirts Loose Casual Tunic Blouses S-3XL  ,$33.99
131,131 image.jpg,"Swimsuit Cover Ups, Women's Bathing Suit Coverups Dress Bikini Beach Tunic Top  ",$30.99
132,132 image.jpg,Women's Off Shoulder Knit Long Sleeve Crop Top  ,$29.43
133,133 image.jpg,Tank Tops for Women Crop Ribbed Basic Sexy Cleavage Summer Sleeveless Plus Button-Down Shirts Women Tops  ,$23.99
134,134 image.jpg,Womens Originals V-Neck Top  ,$24.06
135,135 image.jpg,Women Lace Patchwork Ruffle Trim T-Shirt Square Neck Short Sleeve Slim Fit Harajuku Gothic Grunge Tee Top  ,$35.87
136,136 image.jpg,Women Button Down Blouse Long Sleeve T Shirts Casual Henley Tunic Tops  ,$29.85
137,137 image.jpg,Women's 2 Packs Ribbed Knit Mock Neck Sleeveless Casual Basic Crop Tank Top  ,$28.54
138,138 image.jpg,Womens Cross-Flex Media Scrub Top  ,$41.46
139,139 image.jpg,Adar Underscrubs for Women - Long Sleeve Underscrub Comfort Tee  ,$26.99
140,140 image.jpg,Womens Short Sleeve T Shirts Henley Summer Cotton Plus Size Tunic Tops  ,$29.99
141,141 image.jpg,Women's Roll-up Long Sleeve Round Neck Layered Chiffon Flowy Blouse Top  ,$19.79
142,142 image.jpg,Women's V Neck Chiffon Blouse Solid Color Shirts Lantern Long Sleeve Shirts Casual Workwear Tunics Fall Tops  ,$35.99
143,143 image.jpg,"Crop Top for Women, Summer Tops, Womens Tops, Cotton, Scoop Neck, Short Sleeve Plus Size Tops Women Girls  ",$19.99
144,144 image.jpg,Women's Ladder Cut Out Short Sleeve Fitted Crop Tee Shirt Top  ,$32.60
145,145 image.jpg,Women‘s Summer Cold Shoulder Tops Mesh Panel 3/4 Bell Sleeve Tees Adjustable Spaghetti Strap Loose Fit Shirts  ,$28.99
146,146 image.jpg,Women's Active Tank  ,$22.73
147,147 image.jpg,Fishnet Crop Top Womens Short Sleeve Tops Cosplay Shirt See Through Blouse Party  ,$20.99
148,148 image.jpg,Adar Pro Scrubs for Women - Elevated V-Neck Scrub Top  ,$46.49
149,149 image.jpg,Womens Sweaters Crewneck Tunic Fashion Casual Going Out Tops and Blouses Lace Long Sleeve T Shirts  ,$33.98
150,150 image.jpg,Women's Wonderflex Verity Scrub Top  ,$23.78
151,151 image.jpg,Women's Bathing Suit Cover Ups Long Sleeve Crochet Swim Beach Cover Up Top  ,$49.49
152,152 image.jpg,Women Office Blouse Bow Tie Neck Long Sleeve Shirts Work Tops  ,$29.99
153,153 image.jpg,Women's Plus Size Henley Shirts V Neck Button Tunic Tops Long Sleeve Tunics  ,$32.89
154,154 image.jpg,Womens Mini-Ribbed Cotton Tank  ,$14.86
155,155 image.jpg,Women's Casual Tie Back Dolman Sleeve Mock Neck Blouse Top  ,$49.58
156,156 image.jpg,Women’s Sexy One Shoulder Cutout Front Backless Sleeveless Tank Top Bodysuits  ,$38.18
157,157 image.jpg,Women's Plus Elegant Leopard Chiffon Button Down Bow Tie Blouse Top Shirts  ,$30.72
158,158 image.jpg,Oversized T Shirts for Women Tunic Tops to Wear with Leggings Batwing Long Sleeve Sweaters Loose Tops  ,$39.99
159,159 image.jpg,Womens Tank Tops V Neck Henley Shirts Swing Flowy Button up Casual Loose Blouses Summer Top S-XXL  ,$33.99
160,160 image.jpg,Women's 2 Piece Outfits Ruched Shirred Crop Cami Top and Belted Mini Skirt Set  ,$48.07
161,161 image.jpg,Women’s Casual Shirt Summer Short Sleeve Round Neck T-Shirt Basic Tee Tunic Top Fit Loose  ,$24.99
162,162 image.jpg,Womens Casual V Neck Loose 3/4 Bell Sleeve Chiffon Blouse Shirt Pleated Flowy Tunic Tops  ,$26.98
163,163 image.jpg,Womens Plus Size Tunic 3/4 Sleeve Loose Fit T Shirt Casual Blouse Flowy Tunics for Leggings  ,$33.99
164,164 image.jpg,Women's Long Sleeve O Neck Casual Knit Sweater Color Block Blouse  ,$34.99
165,165 image.jpg,Women's Flower Print Lace Cap Sleeve Pleated Floral Blouses Chiffon Work Top  ,$46.94
166,166 image.jpg,Womens Floral Tie Front Chiffon Blouses V Neck Batwing Short Sleeve Summer Tops Shirts  ,$34.99
167,167 image.jpg,Women's Blouse Satin Silk Shirts Button Down Shirts Casual Loose Long Sleeve Office Work Tunic Tops  ,$39.99
168,168 image.jpg,Women's Sheer Mesh Sleeveless Floral Lace Spaghetti Strap Cami Bodysuit Tops  ,$46.91
169,169 image.jpg,Women's Classic-Fit Long Sleeve Button Down Poplin Shirt  ,$27.20
170,170 image.jpg,Lace Camisoles for Women V Neck Cami Undershirt Adjustable Spaghetti Strap Tank Top  ,$35.99
171,171 image.jpg,Womens High Neck Longline Sports Bra Padded Sleeveless Workout Crop Top Yoga Tank Tops  ,$32.99
172,172 image.jpg,Women's Basic Long Sleeve Crew Neck Crop Pullover Top Sweatshirt  ,$39.76
173,173 image.jpg,Women’s Sweatshirt Letter Print Long Sleeve Loose Cotton Pullover Shirt Top  ,$33.56
174,174 image.jpg,Women's Waffle Knit Tunic Tops Loose Long Sleeve Button Up V Neck Henley Shirts  ,$29.99
175,175 image.jpg,Women's Long Sleeve Flare Tunic Tops Comfort Blouse Loose Fitting Tops Casual Cute Tshirt  ,$33.99
176,176 image.jpg,Women's Solid Long Sleeve Round Neck Crop T Shirt Top  ,$19.51
177,177 image.jpg,Amazon Brand - Daily Ritual Women's Jersey Rib Trim Drop-Shoulder Short-Sleeve Scoop-Neck Tunic Shirt  ,$30.40
178,178 image.jpg,Tops for Women Basic V-Neck T-Shirt Petal Sleeve Elegant Casual Tunic Tops  ,$33.99
179,179 image.jpg,Women's 2-Pack Slim-fit Thin Strap Tank  ,$24.00
180,180 image.jpg,Women's Under Scrub Tee Crew Neck Long Sleeve T-Shirt  ,$22.95
181,181 image.jpg,Womens Pleat Stretch Mesh Blouses Short Sleeve Breathable Flowy Shirts  ,$39.69
182,182 image.jpg,Women's 2022 Puff Long Sleeve Tunic Tops Casual Loose V Neck Blouses Shirts  ,$21.99
183,183 image.jpg,Women Sports Bra Yoga Tank Longline Padded Workout Crop Tank Top Fitness Workout Running Top  ,$27.99
184,184 image.jpg,Women’s Sexy Twist Front Knitted Tube Top Strapless Solid Ruched Rib-Knit Crop Top Tank Top  ,$33.46
185,185 image.jpg,Women's Wonderflex Patience Scrub Top  ,$21.88
186,186 image.jpg,Lace Bodysuit Snap Crotch Lingerie for Women Deep V Lingerie Bodysuit  ,$29.99
187,187 image.jpg,Womens Soft V Neck 3 4 Sleeve Tunic Top Striped Henley Shirts Blouses  ,$31.99
188,188 image.jpg,Women's Bishop Sleeve Glitter Sexy Sheer Mesh Crop Blouse Top  ,$33.18
189,189 image.jpg,Women's Ruched Satin One Shoulder Sleeveless Shirt Blouse Tee Top  ,$33.46
190,190 image.jpg,Plus Size Tunic Top 3/4 Sleeve Lace Crewneck Loose Casual Blouse Flowy Plus Size T Shirt for Women(L-5X)  ,$29.99
191,191 image.jpg,Womens Women's Plus Size Long Sleeve Tee  ,$21.41
192,192 image.jpg,Women's Solid Criss Cross Halter Sleeveless Tee Shirt Top  ,$50.73
193,193 image.jpg,Sexy Crop Tops for Women Sleeveless Deep V Neck Workout Tops Plunge Ring Cleavage Cropped Tank Top  ,$28.59
194,194 image.jpg,Womens V Neck Polo Shirts Short Sleeve Collared Summer Tops Loose Casual Tunic Blouses with Pocket S-XXL  ,$36.99
195,195 image.jpg,Women's Elegant Round Neck Rolled Short Sleeve Satin Silk Blouse Tops  ,$29.88
196,196 image.jpg,Sleeveless Golf Polo Shirt for Women V-Neck Raceback Tennis Tank Top Workout Sport T-Shirt  ,$29.99
197,197 image.jpg,Women's Sheer Mesh Cut Out Tops Blouse Bishop Long Sleeve Mock Neck Shirt  ,$39.54
198,198 image.jpg,Womens Roxy Bubble Sleeve Denim Shirt  ,$90.73
199,199 image.jpg,Womens Bow Tie Neck Chiffon Blouse Long Sleeve Casual Office Work Shirts Tops  ,$37.99
200,200 image.jpg,Women's Work Tops Chiffon Shirt Semi Sheer Keyhole Neck Elegant Blouse  ,$32.99
201,201 image.jpg,Womens Casual Scoop Neck Dressy Blouses 3/4 Sleeve Chiffon Business Work Blouse Tops  ,$26.99
202,202 image.jpg,Sport Women's Cool DRI Performance Tee  ,$18.73
203,203 image.jpg,Womens Mock Wrap Top  ,$27.75
204,204 image.jpg,Tank Tops for Women Trendy Summer V Neck Loose Flowy Casual Sleeveless Shirts  ,$27.99
205,205 image.jpg,Women's Plus-Size Cooldri Tank  ,$23.95
206,206 image.jpg,Long Sleeve Workout Tops for Women Dry Fit Yoga Athletic Running T Shirt Womens Long Sleeve Moisture Wicking Tee Shirt  ,$38.99
207,207 image.jpg,Womens 2-Pack Classic-fit Short-Sleeve Crewneck T-Shirt  ,$23.90
208,208 image.jpg,Blouses for Women Blouse Short Sleeve Womens Work Blouses Swiss Dot Shirt Tops for Women S-XXL  ,$19.99
209,209 image.jpg,Womens Summer Tops Kimono Cardigan Floral Beach Cover up Casual Jackets Shirts  ,$24.99
210,210 image.jpg,Women's Golf Polo Shirts Sleeveless Zip up Collarless Athletic UPF 50+ Tennis Tank Tops Quick Dry  ,$29.99
211,211 image.jpg,Womens 3/4 Bell Sleeve Fashion V Neck Lace Patchwork Blouse Casual Loose Shirt Tops  ,$31.99
212,212 image.jpg,Womens Summer Cold Shoulder Tops V Neck Short Sleeve Front Knot T Shirts Blouse  ,$30.99
213,213 image.jpg,Womens Casual  ,$27.77
214,214 image.jpg,Long Sleeve Crop Tops for Women Sienna Twist Deep V Workout Crop T Shirt Top  ,$50.59
215,215 image.jpg,"Women's 2023 Spring Summer Off The Shoulder Tops Swiss Dot 3/4 Bell Sleeves Casual Chiffon Blouse Ruffle Tunic Top(Large, Lake Blue)  ",$61.01
216,216 image.jpg,Women's Knit Tunic Long Sleeve V-Neck Loose Casual Pullover T-Shirt Tops S-XXL  ,$26.99
217,217 image.jpg,Women's Sparkle Sequin Tops Shimmer Glitter Slim Keyhole Neck Cocktail Party Tunic Tops  ,$59.99
218,218 image.jpg,Women's Scrubs Charlie 5 Pocket Y-Neck Wrap Top  ,$23.07
219,219 image.jpg,Womens Crop Tank Top Y2k Tops Ribbed Crewneck Sleeveless Basic Tees  ,$20.57
220,220 image.jpg,Womens Casual Boho Floral Print V Neck Long Puff Sleeve Loose Fit Blouses Dressy Shirts Tops  ,$45.99
221,221 image.jpg,Sexy Vest for Women Summer Sleeveless Tank Tops Loose Fit V Neck T Shirts Fashion Floral Print Retro Blouses  ,$14.09
222,222 image.jpg,Womens Modern Gingham Short Sleeve Dress Shirt  ,$43.99
223,223 image.jpg,Women's Basic Long Sleeve Pullover Drawstring Hoodie Sweatshirt with Pockets  ,$30.29
224,224 image.jpg,ICTIVE Womens Cross Backless Workout Tops for Women Racerback Tank Tops Open Back Running Tank Tops Muscle Tank  ,$28.98
225,225 image.jpg,Women's Lace Embroidery Semi Sheer Vintage Puff Sleeve Top  ,$31.49
226,226 image.jpg,Ribbed Workout Tank Tops for Women with Built in Bra Tight Racerback Scoop Neck Athletic Top  ,$28.45
227,227 image.jpg,Women's Floral Embroidery Sheer Mesh Camisole Sleeveless Sexy Crop Cami Top  ,$23.87
228,228 image.jpg,Women's Crew Neck Short Sleeve Tops Slim Fit Bodysuit Casual Shirts Stretchy Basic Jumpsuits  ,$23.96
229,229 image.jpg,Women's Plus Size Tops Short Sleeve Flowy Shirts Casual Blouses Tunic Tops L-4XL  ,$34.99
230,230 image.jpg,Womens Summer T-Shirts V Neck Puff Short Sleeve Casual Tops Tunic Basic Blouse for Women  ,$24.99
231,231 image.jpg,Women's Blouse Tops Loose V Neck 3/4 Bell Sleeve Shirt  ,$26.99
232,232 image.jpg,Women's Scrubs Four Way Stretch Sporty V-Neck Top  ,$23.87
233,233 image.jpg,Womens Long Sleeve Mama Graphic Shirts Casual Crewneck Sweatshirt Loose Pullover Tops  ,$39.64
234,234 image.jpg,Women's Velvet Sequin Top Crew Neck Short Sleeve Party Clubwear Blouse  ,$34.99
235,235 image.jpg,Womens Button Down Shirts V Neck Long Sleeve Office Casual Business Plain Satin Blouse Tops  ,$23.99
236,236 image.jpg,Women's Formal Work Wear White Simple Shirt  ,$28.99
237,237 image.jpg,Women's Satin Chain Halter Neck Shirred Back Draped Crop Cami Top  ,$30.40
238,238 image.jpg,Essential Solid Open Front Maxi Long Knitted Cardigan Sweater for Women  ,$39.99
239,239 image.jpg,Women's Leopard Print Halter Top Shirt Casual Button Sleeveless Vest  ,$31.40
240,240 image.jpg,Women's Elegant Sleeveless Satin Blouses Cowl Neck Pearl Trim Cami Tank Tops  ,$31.19
241,241 image.jpg,2 Pack Women's Crop Top Long Sleeve Athletic Workout Shirts Cropped Sweatshirts Gym Yoga Top Seamless with Thumb Hole  ,$32.99
242,242 image.jpg,Women’s Slim Fitted Mock Turtleneck Tops Long Sleeve Lightweight Base Layer Shirts  ,$20.99
243,243 image.jpg,Women Y2K Striped Knit Bandeau Top Sexy Strapless Sleeveless Twist Front Hollow Out Backless Tube Crop Top Party  ,$31.53
244,244 image.jpg,Womens Plus Size Waffle Knit Tunic Tops V-Neck Short Sleeve Blouse Shirts Navy Blue  ,$47.35
245,245 image.jpg,Women's UPF 50+ Sun Protection Long Sleeve Shirts SPF UV Lightweight Quick Dry Hiking Outdoor Running T-Shirts  ,$29.99
246,246 image.jpg,Womens Lace V Neck Tank Top Summer Loose Sleeveless Shirt Blouses  ,$23.99
247,247 image.jpg,Women's V Neck Lace Trim Casual Tank Tops Sleeveless Chiffon Blouses Shirts  ,$28.99
248,248 image.jpg,Women's Square Neck Long Sleeve Bodysuit Slim Fit Sexy Body Suit Basic Jumpsuit Shirts  ,$29.96
249,249 image.jpg,Women Casual Sleeveless High Turtleneck/Mock Neck Tank Tops Slim Fit Stretchy Leotard Bodysuits  ,$35.81
250,250 image.jpg,Women's Short Sleeve V Neck Tops Casual Tunic Blouse Loose Shirt  ,$25.00
251,251 image.jpg,Women's V-Neck Top  ,$22.99
252,252 image.jpg,Women's Tech Stretch Long-Sleeve T-Shirt  ,$24.90
253,253 image.jpg,"Womens Short Sleeve Button Down Shirts Low Cut Sexy Scoop Neck Fitted Ribbed Knit Henley Tops, S-2XL  ",$30.99
254,254 image.jpg,Cotton Workout Crop Tank Top for Women Racerback Yoga Tank Tops Athletic Sports Shirts Exercise Undershirts 4 Pack  ,$38.70
255,255 image.jpg,Womens Buffalo Flannel Plaid Shirt Long Sleeve Button Down Oversized Blouses Tops  ,$34.99
256,256 image.jpg,2022 Spring Summer New Women's Tunics Round Neck Blouses Ladies Casual Cute Cat Animal T-shirts  ,$35.59
257,257 image.jpg,Womens Casual Tunic Boat Neck Long Sleeve Shirts Fall Winter Blouses Solid Color S-2XL  ,$28.99
258,258 image.jpg,Women's Drape Front Open Cardigan Long Sleeve Irregular Hem  ,$35.77
259,259 image.jpg,Women Short/Long Sleeve Shirts V-Neck Button Tunics Casual Tops Blouses  ,$28.85
260,260 image.jpg,Women's Patchwork Color Block Crop Top Tees Long Sleeve Round Neck Ribbed Knit T Shirt  ,$51.56
261,261 image.jpg,Women Workout Sets 2 Pieces Seamless Tank Crop Tops Leggings Exercise Outfits Tracksuit  ,$42.99
262,262 image.jpg,Women's Long Sleeve Tops Casual Shirts Pleated Round Neck Loose Fit Fall Tee Blouses  ,$26.99
263,263 image.jpg,Women's Half Zip Pullover Long Sleeve Cropped Sweatshirt Fleece Lined High Neck Sweater Tops  ,$63.23
264,264 image.jpg,Womens Crewneck Tunic Fashion Casual Going Out Tops Blouses Lace Long Sleeve T-Shirts  ,$19.97
265,265 image.jpg,Womens Tops Long Sleeve V Neck Casual Soft Solid Color with Pocket Basic Tee  ,$35.87
266,266 image.jpg,Women's Criss Cross Sheer Mesh Crop Tee Top Short Sleeve Tie Front Round Neck T Shirt  ,$22.81
267,267 image.jpg,Womens Straight  ,$50.10
268,268 image.jpg,Tank Tops for Women Summer V Neck T Shirts with Pocket Sleeveless Vest Basic Split  ,$29.99
269,269 image.jpg,womens standard Patterned Studio Relaxed-fit Crewneck T-shirt  ,$17.10
270,270 image.jpg,Women's Long Sleeve Color Block Sweatshirts Pullover Casual Tunic Tops  ,$29.99
271,271 image.jpg,Women's Sleeveless Notched Neck Shirt Scallop Trim Solid Blouse Tops  ,$31.19
272,272 image.jpg,Women's Casual V Neck Tops 3/4 Sleeve Tie Knot Blouses Solid Button Down Shirts， S-2XL  ,$35.99
273,273 image.jpg,Women's Striped Notched V Neck Ruffle Cap Sleeve Blouse Tops  ,$27.56
274,274 image.jpg,Women's Lantern Sleeve High Low Asymmetrical Hem Tops Blouse Shirt Dress  ,$44.99
275,275 image.jpg,Womens Casual T-Shirts Short Sleeves Ruffle Front Solid Color Blouse Tunic Tops  ,$32.99
276,276 image.jpg,Dandelion Sweatshirt Women Funny Wildflower Sweatshirt Casual Long Sleeve Pullover Fall Vacation Shirt Tops  ,$23.91
277,277 image.jpg,Women's Off Shoulder Tops Casual Short Batwing Sleeve Summer Loose T Shirt Tunic Blouse  ,$33.66
278,278 image.jpg,Vintage Fairy Print Long Sleeve Crop Top for Women Rhinestone Graphic T-Shirts Round Neck 90S Grunge Tees  ,$15.53
279,279 image.jpg,Women's Sequins Halterneck Summer Short Vest Tank Tops  ,$45.57
280,280 image.jpg,Women's Summer Casual Short Sleeve V-Neck T-Shirt Tunic Tops Blouse Shirts  ,$23.98
281,281 image.jpg,Women's Summer Crop Top Solid Short Sleeve Cotton T-Shirt Twist Front Tee Blouses Basic Scoop Neck Tunic Tops  ,$15.99
282,282 image.jpg,Women's Elegant Work Office Blouse Long Sleeve Pleated Tie Neck Top Shirt  ,$35.99
283,283 image.jpg,Women Dressy Short Sleeve Popular Lace Trim Blouse Tops  ,$32.99
284,284 image.jpg,Women's Long Sleeve Quarter Zip Crop Tops Fleece Lined V Neck Fitted Sexy Cropped Shirts  ,$33.04
285,285 image.jpg,Women's Classic-Fit Long-Sleeve Crewneck T-Shirt (Available in Plus Size)  ,$14.40
286,286 image.jpg,Womens Wonderwork Women's V-Neck Scrub Top  ,$22.60
287,287 image.jpg,Women's 2 Pieces Outfits Short Sleeve Top Shorts Joggers Tracksuit Biker Shorts Sets  ,$37.99
288,288 image.jpg,Beach Heartbeat Tank Tops for Women Summer Sleeveless Love Graphic Print T Shirt Boating Gifts Vacation Muscle Shirt  ,$26.51
289,289 image.jpg,Womens Flower Print Tunic Top Ladies Crew Neck Long Sleeve Shirts Loose Fit Blouse Top  ,$30.99
290,290 image.jpg,Womens Stretch Cotton Raglan Sleeve Tee  ,$20.50
291,291 image.jpg,Women's Casual Sweet & Cute Loose Shirts Balloon Sleeve V-Neck Blouses Tops  ,$31.99
292,292 image.jpg,Womens Casual Long Sleeve Round Neck Pocket T Shirts Blouses Tunic Sweatshirt Tops with Pocket  ,$34.99
293,293 image.jpg,Women's Sexy Summer Basic Solid Sleeveless Stretch Crop Tank Top  ,$31.22
294,294 image.jpg,Womens Fall Long Sleeve Tunic Tops Casual Crew Neck T Shirts Twist Front Blouse  ,$29.99
295,295 image.jpg,Womens Chiffon Blouse Tops Summer Swiss Dot Tunics Crewneck Short Sleeve T Shirt Blouses  ,$33.99
296,296 image.jpg,Womens Tops V Neck Soft Henley Shirts Floral Flowy Button up Casual Loose Blouses Summer Tank Top S-XXL  ,$33.99
297,297 image.jpg,Womens Origins Lima Scrub Top  ,$24.16
298,298 image.jpg,Womens Brushed Tech Stretch Long-Sleeve Crew  ,$24.30
299,299 image.jpg,Adar Pro Scrubs for Women - Sweetheart V-Neck Scrub Top  ,$46.49
300,300 image.jpg,Womens Summer Tank Tops Casual T Shirts Sleeveless V Neck Loose Fit Blouses with Lace  ,$27.99
301,301 image.jpg,Women’s Turtleneck Sweater Cable Knitted Solid Pullover Top  ,$28.88
302,302 image.jpg,Women's Casual Chiffon Blouses Summer Cap Sleeve V Neck Swiss Dot Ruffle Babydoll Shirts Flowy Tunic Tops  ,$27.99
303,303 image.jpg,Women’s Long Sleeve Tops Lace Casual Loose Blouses T Shirts  ,$25.99
304,304 image.jpg,Womens French Terry Fleece Crewneck Sweatshirt  ,$23.10
305,305 image.jpg,Women's 2 Pieces Outfits One Shoulder Smocked Crop Top & High Waist Long Skirt Dress Set with Pockets  ,$64.08
306,306 image.jpg,"Women's Summer Sleeveless Tanks V Neck Casual Tshirt Tops Comfy Loose Fitting Blouse, S-3XL  ",$25.97
307,307 image.jpg,Womens Tech Solid Tank Top  ,$35.87
308,308 image.jpg,Denim Shirt Women 3/4 Sleeve Tie Front Knot Denim Shirt Cardigan Chambray Jean Crop Top for Women  ,$39.49
309,309 image.jpg,Women's Waffle Knit Tops Casual Long Sleeve Blouses Slim Fit Button Down V Neck Henley Shirts  ,$32.99
310,310 image.jpg,Women's Short Sleeve T-Shirts Quick Dry Athletic Running Tshirt V Neck Workout Yoga Shirts Casual Tee  ,$25.98
311,311 image.jpg,Womens Summer Sleeveless Chiffon Tank Tops Blouse Loose Casual V Neck Blouses Shirt  ,$30.99
312,312 image.jpg,Women's Short Sleeve Casual Crewneck Side Split Fashion T Shirts  ,$28.99
313,313 image.jpg,3/4 Sleeve Shirts for Womens Tops Plus Size Tunic Casual Loose Fit Blouse Swing Basic Clothes  ,$33.99
314,314 image.jpg,Women's Lightweight Open-Front Cardigan Sweater  ,$25.20
315,315 image.jpg,Women's Vintage Velvet T-Shirt Casual Long Sleeve Top  ,$28.68
316,316 image.jpg,"Women's V Neck Long Sleeve Tops Lace Casual Loose Blouses T Shirts, S-2XL  ",$15.99
