ID,Image,Title,Price
1,1 image.jpg,Womens White Blouse V Neck Ruffle Sleeve Flowy Shirts Dressy Casual Cute Summer Tops  ,$34.84
2,2 image.jpg,Women Short Sleeve Loose Casual Bottons Down Blouses Shirts Tops  ,$24.99
3,3 image.jpg,Women's Summer Tops Short Sleeve Shirts Casual T-Shirts Henley Tunic Tops Blouse with Pockets  ,$26.99
4,4 image.jpg,Women Shirts Sleeveless Summer Tunic Loose Fit Tank Tops  ,$24.89
5,5 image.jpg,Women's Summer Tops T Shirts Casual Ruffle Short Sleeve Curved Hem Round Neck Blouse  ,$22.99
6,6 image.jpg,Turtle Neck Tops for Women Ribbed Women's Long Sleeve Slim Fit Mock Turtleneck Basic Stretchy Lightweight Layering Tops  ,$24.99
7,7 image.jpg,Summer Casual Loose Round Neck Chiffon Flowy Tops Blouses for Women  ,$25.49
8,8 image.jpg,Women's Summer Round Neck Sleeveless Blouse Loose Casual Flowy Chiffon Tank Tops for Women  ,$28.99
9,9 image.jpg,Summer Womens Top Casual Short Sleeve T-Shirt Round Neck Ruffle Sleeve Blouse  ,$28.08
10,10 image.jpg,Womens Tank Tops Pleated V Neck Sleeveless Summer Shirts Loose Casual Tank Tops Blouse S-XXL  ,$33.99
11,11 image.jpg,T Shirts for Women Loose Fit Cap Sleeve T Shirts with Pocket for Women  ,$33.31
12,12 image.jpg,"Crop Top for Women, Summer Tops, Womens Tops, Cotton, Scoop Neck, Short Sleeve Plus Size Tops Women Girls  ",$20.99
13,13 image.jpg,Amilia Women's Basic Solid Cami Spaghetti Double Layer Crop Tank Top  ,$33.99
14,14 image.jpg,Women's Formal Work Wear White Simple Shirt  ,$28.99
15,15 image.jpg,Womens 2-Pack Slim-Fit Tank  ,$18.90
16,16 image.jpg,Women's 2-Pack Classic-Fit Short-Sleeve V-Neck T-Shirt  ,$23.10
17,17 image.jpg,Women Tank Tops Round Neck Sleeveless Cami Shirt Slim Solid Ribbed Tank Top  ,$20.39
18,18 image.jpg,Women's Square Neck Short Sleeve Long Sleeve Tops Bodysuit Jumpsuit  ,$28.75
19,19 image.jpg,Women's Classic-Fit Long-Sleeve Crewneck T-Shirt (Available in Plus Size)  ,$15.20
20,20 image.jpg,Women's Short Sleeve Tunic Tops Sweatshirts Round Neck Loose Fit Pullover T Shirt  ,$29.99
21,21 image.jpg,Women Casual Summer Shirts Ruched V Neck Short Sleeve Tunic Tops Blouses S-XXL  ,$34.99
22,22 image.jpg,Tank Tops for Women Halter Dressy Casual Chiffon Flowy Shirts Double Layer Pleated Floral Printed Top Sleeveless Blouse  ,$24.99
23,23 image.jpg,Women's Shirred V-Neck Summer Tops Short Sleeve Casual Solid Tee Shirts Blouses S-XXL  ,$33.99
24,24 image.jpg,Womens Compression Scoop Neck Cami - Tummy and Waist Control Body Shapewear Camisole  ,$27.99
25,25 image.jpg,Women's Long Sleeve V Neck Ribbed Button Knit Sweater Solid Color Top  ,$39.99
26,26 image.jpg,2023 Women's Tops Short Sleeve/Long Sleeve Lace Trim O-Neck A Line Tunic Blouse  ,$25.99
27,27 image.jpg,Women Elegant Swiss Dot Shirts Chiffon Pom Pom Blouses Long Sleeve Lined Work Tops  ,$30.99
28,28 image.jpg,Womens Short Sleeve Tops - Cotton Shirts for Women with V-Neckline and Logo Detail  ,$23.03
29,29 image.jpg,Womens Yoga Top Banded Bottom Activewear Racerback Workout Tank Tops  ,$32.99
30,30 image.jpg,Womens Tops Summer Cap Sleeve T-Shirt Loose Fit Tank Tops  ,$21.99
31,31 image.jpg,Crop Tank Top for Women Workout Shirts Cropped Tanks Sleeveless Gym Clothes Yoga High Neck Crop Top Pack  ,$38.97
32,32 image.jpg,Womens V Neck Summer Sleeveless Tank Tops Ribbed Button Casual Henley Shirts Cami Tees S-XXL  ,$33.99
33,33 image.jpg,Womens Camisole Silk Satin Tank Tops V Neck Casual Cami Sleeveless Blouses Summer Basic Tank Shirt  ,$30.99
34,34 image.jpg,Silk Camisole Tops for Women Cowl Neck Camis Satin Tank Top Sexy Spaghetti Strap Sleeveless Loose Blouse  ,$23.99
35,35 image.jpg,Women's Jacquard Pom Tank Top Casual Sleeveless Button V Neck Summer Tank Tops Blouse S-XXL  ,$35.99
36,36 image.jpg,Women's High Low Long Sleeve Loose T-Shirt Dress With Pockets  ,$26.18
37,37 image.jpg,Womens Summer Shirts Pleated V Neck Sleeveless Loose Casual Tank Tops Blouse S-XXL  ,$29.99
38,38 image.jpg,Womens Long Sleeve Crew Neck Smocked Cuff T-Shirt  ,$25.10
39,39 image.jpg,Amazon Brand - Daily Ritual Women's Jersey 3/4-Sleeve Bateau-Neck Swing T-Shirt  ,$19.80
40,40 image.jpg,Women Casual Loose Lace Sleeveless Chiffon V Neck T-Shirt Tunic Blouse Tank Tops S-2XL  ,$28.89
41,41 image.jpg,4 Pack Cotton Crop Racerback Tank Tops for Women Basic Workout Crop Tanks Sleeveless Cropped Sport Shirts  ,$37.99
42,42 image.jpg,Women's Mesh Crop Top Short/Long Sleeve See Through Shirt Sexy Sheer Cropped Tee  ,$20.59
43,43 image.jpg,Womens Casual V Neck Shirts Cuffed Sleeves Chiffon Blouses Loose Solid Henley Work Tops  ,$31.99
44,44 image.jpg,Womens Tank Tops V Neck Pleated Sleeveless Summer Shirts Loose Casual Blouses  ,$24.99
45,45 image.jpg,Summer Tops Women Tank Tops for Women Ribbed/Waffle Women Tops Basic Sexy Cleavage Summer Sleeveless Tops  ,$19.99
46,46 image.jpg,Womens Summer T Shirts Loose Fit Cap Sleeve Side Split Summer Tops with Pocket S-XXL  ,$34.99
47,47 image.jpg,Womens Short Sleeve Blouse Business Casual Dressy Tops Ribbed Summer Stylish Work Shirts  ,$30.99
48,48 image.jpg,Womens Casual Button Down Shirts V Neck Chiffon Long Sleeve Collared Office Work Blouses Tops with Pocket  ,$34.99
49,49 image.jpg,Women's Scoop-Neck Tank Top  ,$16.06
50,50 image.jpg,Women's Round Neck Short Sleeve Drawstring Side Slim Fit Stretchy Crop Tops  ,$19.88
51,51 image.jpg,Athletic Tank Tops for Women Sleeveless Workout Cool T-Shirt Running Short Tank Crop Tops  ,$22.99
52,52 image.jpg,Women's Halter Neck Sleeveless Sexy Tank Tops/Crew Neck Long Sleeve Bodysuit  ,$28.00
53,53 image.jpg,Women's 2-Pack Slim-fit Thin Strap Tank  ,$24.40
54,54 image.jpg,Womens Cotton Button Down Shirt Casual Long Sleeve Loose Fit Collared Linen Work Blouse Tops with Pocket  ,$27.99
55,55 image.jpg,Women Tunic Tops Tees Loose Casual Summer Ladies T-Shirts  ,$29.99
56,56 image.jpg,Womens V Neck Sweatshirts Casual Puff Long Sleeve Tunic Fall Tops  ,$32.79
57,57 image.jpg,Womens Summer Shirt V Neck Casual Tshirts Short Puff Sleeve Tops for Women Solid Color S-XXL  ,$35.99
58,58 image.jpg,Women's Lace Sleeve Shirts Summer Casual Tops Crew Neck Trendy Blouse Tees  ,$29.99
59,59 image.jpg,Womens Hollow T Shirt Ruffle Short Sleeve V Neck Tops 2023 New  ,$26.99
60,60 image.jpg,Womens 2022 T Shirts Petal Sleeve V Neck Casual Tees Summer Basic Tops  ,$28.89
61,61 image.jpg,Women's 2 Piece Outfit Off The Shoulder Crop Top Wide Leg Pants Set  ,$64.16
62,62 image.jpg,Womens Sweater Tops Sweetheart Neck Ribbed Bustier Corset Knit Long Sleeve Pullover Sweater Top  ,$35.99
63,63 image.jpg,Women's 4-Pack Slim-Fit Camisole  ,$35.60
64,64 image.jpg,Women's Workout Crop Tank Cropped Muscle Tops Cute Quick Dry Gym Yoga Shirts  ,$22.99
65,65 image.jpg,Women Tie Dye Sweatshirt Casual Long Sleeve Drawstring Pullover Hoodie Tops with Pocket  ,$52.38
66,66 image.jpg,Women’s V Neck Button Down Sleeveless Summer Tank Tops Casual Shirts Blouses  ,$21.59
67,67 image.jpg,Women Half Sleeve Cropped T Shirt Tops Round Neck Crop Casual Summer Basic Tees Tshirt  ,$25.39
68,68 image.jpg,Women's Tank Top Camisole Long Length Layering Tank Tops Camis 3 Pack S~XL  ,$37.99
69,69 image.jpg,Women's Casual Short Sleeve Tunic Tops Loose Fit Pleated Comfort Summer T-Shirt Cute Flare Blouse  ,$31.99
70,70 image.jpg,Womens 2-Pack Classic Fit 100% Cotton Sleeveless Tank Top  ,$21.60
71,71 image.jpg,"Women's Casual Boho Floral Printed V Neck Tops Drawstring Short Sleeve T Shirt Blouses, S-2XL  ",$35.99
72,72 image.jpg,Womens Tank Tops Crewneck Loose Fit Basic Solid Color Casual Summer Sleeveless Shirts  ,$24.99
73,73 image.jpg,Cotton Crop Tops for Women Workout Cropped Tank Top High Neck Camisole Yoga Shirts Athletic Undershirts 4 Pack  ,$33.05
74,74 image.jpg,Womens White Blouses Business Casual Dressy Chiffon Tops Long Sleeve Cute Shirts for Work  ,$33.99
75,75 image.jpg,Womens Cross Back Active Tank Tops Workout Yoga Exercise Gym Racerback Tops for Women  ,$25.99
76,76 image.jpg,Women’s Casual V Neck Waffle Lace Shirt Ladies Solid Color Lantern Sleeve Blouse Tee Shirts Pullover Tops  ,$28.49
77,77 image.jpg,"Women 2023 Square Neck Summer Casual T-Shirt, Puff Pleated Short Sleeves Tunic Top, Loose Comfy Blouse M, Black  ",$28.99
78,78 image.jpg,Women Casual V-Neck T-Shirts Loose Puff Short-Sleeve Tops Tunic Blouse S-XXL  ,$35.99
79,79 image.jpg,Women's Tank Tops Summer Sleeveless Basic Cami Top Shirt Slim Knit Ribbed Racerback Blouses S-XXL  ,$33.99
80,80 image.jpg,Women's Ruffle Short Sleeve Criss Cross Shirt Front Twist Knot Tunic Tops Casual Loose S-XXL  ,$29.74
81,81 image.jpg,Womens Bell Sleeve Tops Cold Shoulder Tie Knot Striped Shirts Blouses  ,$37.99
82,82 image.jpg,Women's X-Temp V-Neck Tee  ,$17.07
83,83 image.jpg,Womens Casual Waffle Knit V Neck Long Sleeve Tshirt Shirt Tops Blouse  ,$30.99
84,84 image.jpg,Women's Pima Cotton Workout Crop Tops Short Sleeve Running T-Shirts Casual Athletic Tees  ,$31.00
85,85 image.jpg,Women's Sleeveless Chiffon Tank Top Double Layers Casual Blouse Tunic  ,$37.52
86,86 image.jpg,Women Shapewear Bodysuit Seamless Tank Tops for Tummy Control Waist Trainer Vest Slim Full Body Shaper Scoop Neck  ,$28.99
87,87 image.jpg,Women Floral Print Ruffle V-Neck T-Shirt Ladies Casual Long Sleeve Loose Blouse Top  ,$37.99
88,88 image.jpg,Color Block Hoodies for Women Long Sleeve Casual Tops Striped Pullover Sweatshirt with Pocket(S-3XL)  ,$35.99
89,89 image.jpg,2 Pcs Crop Tank Tops Spaghetti Strap Crop Camisole Longline Tank for Women  ,$16.99
90,90 image.jpg,Women's Pullover Sweater Cute Puff Short Sleeve Tops Pullover Shirt Lightweight Knit Sweater Blouse  ,$30.59
91,91 image.jpg,Women's Shirt-Tail Tank Top  ,$24.00
92,92 image.jpg,Plus Size Sweatshirts for Women Casual Long Sleeve Round Neck Shirts Tunic Tops for Leggings M-4XL  ,$36.99
93,93 image.jpg,Women Summer Sleeveless V Neck Cami Tank Tops Loose Fit Long Tee Tshirts Femme  ,$29.99
94,94 image.jpg,Women's Off Shoulder Low Cut Tie Back Strapless Crop Tops or Dress  ,$24.00
95,95 image.jpg,Women's Classic-Fit Long Sleeve Button Down Poplin Shirt  ,$27.20
96,96 image.jpg,Women's Surplice Ruched Plunge Neck Deep-V Long Sleeve Blouse T Shirts Tops  ,$30.58
97,97 image.jpg,Womens Casual Flowy Summer Sleeveless Loose Fit V Neck Solid Color Tank Tops  ,$29.00
98,98 image.jpg,Women’s Sexy One Shoulder Cutout Front Backless Sleeveless Tank Top Bodysuits  ,$24.10
99,99 image.jpg,Womens French Terry Fleece Crewneck Sweatshirt  ,$24.30
100,100 image.jpg,"Womens Cotton Tank Undershirt Pack, Ribbed Tank Top Value Pack, Comfortable 100% Cotton Tank Tops for Women, 6-Pack  ",$39.49
101,101 image.jpg,Women's Long/Short Sleeve Shirts Color Block Crewneck Sweaters Casual Tunic Tops  ,$27.99
102,102 image.jpg,Women's Button Down Shirts Casual Long Sleeve Business Work Blouse Tops V Neck  ,$26.39
103,103 image.jpg,Womens 3/4 Sleeve V-Neck T-Shirt  ,$17.40
104,104 image.jpg,Womens Short Sleeve Chiffon Shirt Tops Flutter Loose Casual Blouse  ,$26.90
105,105 image.jpg,Tank Tops for Women Loose Fit Summer Tops V Neck Sleeveless Tanks Trendy  ,$27.99
106,106 image.jpg,Women's V-Neck Top  ,$19.99
107,107 image.jpg,Womens Cami 3-Pack  ,$17.38
108,108 image.jpg,Women's Waffle Knit Tunic Tops Loose Long Sleeve Button Up V Neck Henley Shirts  ,$29.99
109,109 image.jpg,V Neck Camisole Tank Tops for Women Spaghetti Strap Basic Solid Color Sleeveless Shirts Blouses  ,$23.99
110,110 image.jpg,Womens Short Sleeve T-Shirt Ruched Irregular Hem Slim Fit Stretch Summer Tops S-XXL  ,$35.99
111,111 image.jpg,Womens Sport Cool Dri Performance Long Sleeve T-Shirt  ,$24.08
112,112 image.jpg,Women's Summer Tops Criss Cross Split Front Loose Tshirt Casual Short Sleeve Blouse Tee Shirts S-XXL  ,$35.99
113,113 image.jpg,Women's Lace Sequin Spaghetti Strap Zipper Back Detail Cami Croptop  ,$59.06
114,114 image.jpg,Women's Mock Turtle Neck Long Sleeve Sleeveless Pullover Tops Slim Fit Basic Lightweight Soft T-Shirts  ,$25.99
115,115 image.jpg,Women's Casual Long Sleeve Raw Hem Pullover Crop Tops Sweatshirts  ,$53.59
116,116 image.jpg,Women's Summer Casual Henley Shirts Short Sleeve V Neck Button Up Ribbed Knit Sexy Slim Fit Basic Tops  ,$28.99
117,117 image.jpg,Womens Button Down Shirts V Neck Long Sleeve Office Casual Business Plain Blouse Tops with Pocket  ,$34.99
118,118 image.jpg,Women's Knit Cardigan Sweaters 3/4 Sleeve Open Front Shrug Cropped Bolero  ,$36.99
119,119 image.jpg,Women's Turtleneck Slim Fitted Long Sleeve Sweatshirt Active Base Layer Tops Shirts  ,$30.86
120,120 image.jpg,"Workout Tank Tops for Women - Racerback Athletic Yoga Tops, Running Exercise Gym Shirts(Pack of 3)  ",$25.59
121,121 image.jpg,Women's Deep V Neck Knot Front Long Sleeve Wrap Crop Top Tee T-Shirt  ,$28.68
122,122 image.jpg,Women Casual Zebra Striped Work Tank Top Shoulder Padded Sleeveless Tee Tops  ,$60.70
123,123 image.jpg,Women Pleated 2 Piece Pants Outfits Casual Loose Button Shirt Blouse Top Long Wide Leg Palazzo Pants Set Jumpsuit  ,$67.28
124,124 image.jpg,Tank Tops for Women Spaghetti Strap Cute Halter Neck Sleeveless Loose Flowy Casual Summer Peplum Camisole Blouses  ,$22.99
125,125 image.jpg,Womens Mini-Ribbed Cotton Tank  ,$14.89
126,126 image.jpg,Womens Summer Casual Tank Tops Loose Fit Cotton Ladies Tunic Sleeveless T Shirts for Women  ,$26.99
127,127 image.jpg,Women's Short Sleeve Round Neck T Shirt Front Twist Tunic Tops Casual Loose Fitted  ,$33.99
128,128 image.jpg,Lace Camisoles for Women V Neck Cami Undershirt Adjustable Spaghetti Strap Tank Top  ,$35.99
129,129 image.jpg,Tank Tops for Women Crop Ribbed Basic Sexy Cleavage Summer Sleeveless Plus Button-Down Shirts Women Tops  ,$21.99
130,130 image.jpg,Women Workout Crop Top Athletic Tank Tops Summer Casual Sleeveless Shirts for Sports Yoga Running Gym  ,$14.99
131,131 image.jpg,Women's Plus Size Shirt Pullover Tunic Tops Asymmetry Tees Blouse  ,$82.20
132,132 image.jpg,5 Pieces Basic Camisole Adjustable Camisole Spaghetti Strap Tank Top for Women and Girl  ,$27.99
133,133 image.jpg,Women Summer Casual Short Sleeve Elastic Waist Loose Striped Jumpsuit Rompers with Pockets  ,$36.14
134,134 image.jpg,Women's Casual High Neck Sleeveless Solid Crop Halter Tank Top  ,$23.19
135,135 image.jpg,Women's Summer Short Sleeve Mock Neck Casual Blouse Tops  ,$46.34
136,136 image.jpg,Women's V Neck Sleeveless Tops Scallop Hem Peplum Shirts Flowy Cami Blouses  ,$30.99
137,137 image.jpg,Women Cowl Neck Silky Cami Tank Top Soft Summer Strappy Camisole Crop Top  ,$22.99
138,138 image.jpg,Women's Long Sleeve Quarter Zip Crop Tops Fleece Lined V Neck Fitted Sexy Cropped Shirts  ,$32.65
139,139 image.jpg,Women's 2022 Puff Long Sleeve Tunic Tops Casual Loose V Neck Blouses Shirts  ,$21.99
140,140 image.jpg,Round Neck Rose Patch 3/4 Sleeve Loose Knot Front Top T-shirt  ,$35.43
141,141 image.jpg,Women's Casual Sweet & Cute Loose Shirts Balloon Sleeve V-Neck Blouses Tops  ,$32.99
142,142 image.jpg,Womens Tech Stretch Short-Sleeve Crewneck T-Shirt  ,$28.60
143,143 image.jpg,Women’s Summer Top Deep V Neck Short Sleeve Blouse Casual Lace Shirt Polka Dot Tunic  ,$22.99
144,144 image.jpg,Womens Summer Dresses Swiss Dot V Neck Ruffle Short Sleeve Pleated High Waist Tiered A Line Solid Swing Mini Dress  ,$33.94
145,145 image.jpg,Women's 2022 Long Sleeve Tops Casual Loose V Neck Blouses Striped Sheer Mesh Patchwork Shirts  ,$27.99
146,146 image.jpg,Women's Under Scrub Tee Crew Neck Long Sleeve T-Shirt  ,$22.95
147,147 image.jpg,Women's Casual Frill Smocked Crop Cami Tank Shirred Strap Sleeveless Top  ,$26.15
148,148 image.jpg,Women's 2 Piece Crop Top Ribbed Seamless Workout Exercise Long Sleeve Crop Tops  ,$81.68
149,149 image.jpg,Women's Plus Size 2-Pack Camisole  ,$21.60
150,150 image.jpg,Women’s Knit Sleeveless V Neck Tank Tops Ladies Solid Color Tunic Shirt Camisole Tops with Buttons Down  ,$26.99
151,151 image.jpg,Womens Contemporary  ,$31.36
152,152 image.jpg,Women's Button Down Shirts Long Sleeve Chiffon Button Up V Neck Casual Office Business Blouses Plain Tops  ,$16.99
153,153 image.jpg,Womens V-Neck Long Sleeve Tee  ,$21.01
154,154 image.jpg,Women's Sexy Deep V Neck Bandage Surplice Wrap Crop Top  ,$27.99
155,155 image.jpg,Women's Elegant Sleeveless V Neck Work Office Pleated Tank Top Shirt  ,$31.88
156,156 image.jpg,Womens Tank Tops V Neck Basic Solid Color Casual Flowy Summer Sleeveless  ,$19.99
157,157 image.jpg,Butterluxe Womens Racerback Tank Top with Built in Bra - Spaghetti Thin Strap Padded Workout Slim Yoga Camisole  ,$45.00
158,158 image.jpg,Women's Ruffle Short Sleeve V Neck Chiffon Shirts Casual Summer Top Tee Shirt S-XXL  ,$36.99
159,159 image.jpg,Womens Button Down V Neck Shirts Short/Long Sleeve Office Casual Business Plain Blouses Tops  ,$34.99
160,160 image.jpg,Women Blouses Summer Short Sleeve Tunic Tops Casual Chiffon Zip Half Placket Shirt  ,$28.99
161,161 image.jpg,Womens Summer Top Ruched Trim Button Down Neck Pleated Sleeveless Tank Top S-XXL  ,$35.99
162,162 image.jpg,Women's 3/4 Sleeve Casual Lightweight Open Front Cardigans Soft Draped Ruffles Cardigan  ,$27.99
163,163 image.jpg,Women Square Neck Knitted Crop Shirt Long Sleeve Low Cut Basic Solid Tee Sexy Cutout Blouse Top Streetwear  ,$32.89
164,164 image.jpg,Girls' 3-Pack Tank Top  ,$27.30
165,165 image.jpg,Women's 2 Packs Satin Silk Camisole Lace Top Spaghetti Strap Tank Tops Basic Cami Top S-3XL  ,$38.99
166,166 image.jpg,Womens Casual Long Sleeve Zipped V Neck Plaid Tunic Blouses  ,$37.99
167,167 image.jpg,Women's Zip Up Hoodies Cropped Cardigan Jacket Drawstring Hooded Sweatshirts Casual Long Sleeve Top  ,$31.99
168,168 image.jpg,Women Twist Knot Front Solid Knit Bandeau Tube Top Y2K Sexy Strapless Sleeveless Slim Fit Crop Tank Bustier  ,$33.08
169,169 image.jpg,Womens Plaid Curduroy Shirts Button Down Blouses Solid Shirts Jacket Tunic Top with Bust Pockets  ,$32.19
170,170 image.jpg,"Women's Plus Size Short Sleeve Square Neck Tank Top Bodysuit, S-5xl  ",$26.98
171,171 image.jpg,Women's Sexy Ring Crop Top Plunging Neckline Tank Top Sleeveless Going Out Tops  ,$17.99
172,172 image.jpg,Women's Long Sleeve V Neck Crop Top Ribbed Knit Slim Fitted Basic T-Shirts  ,$33.04
173,173 image.jpg,Women's Crew Neck Sleeveless Slim Fit Body Suit Basic Bodysuit Shirts Tank Tops  ,$25.96
174,174 image.jpg,Sequin Halter Tops for Women Sleeveless Dressy Sparkle Tank Camisole Tops Party Club Cocktail Vest Shirt  ,$38.99
175,175 image.jpg,Womens Button Down Shirts Long Sleeve V Neck Blouses Tops for Work  ,$45.99
176,176 image.jpg,Women's Scoop Neck Long Sleeve Bodysuit Slim Fit Stretchy Body Suit Basic Jumpsuit T Shirts  ,$29.96
177,177 image.jpg,Butterluxe Workout Tank Tops for Women Built in Shelf Bras Padded - Racerback Athletic Spandex Yoga Camisole  ,$50.85
178,178 image.jpg,Women's Elegant Collar Long Sleeves Work Office Blouse Top  ,$43.99
179,179 image.jpg,Women's Sheer Mesh Button Down Shirt Top Long Sleeve Drop Shoulder Blouse  ,$50.19
180,180 image.jpg,Women Plus Size Shirt Long Sleeve Floral Print Tops Pleated Casual V Neck Tunic Top  ,$36.99
181,181 image.jpg,"3 Pack Women's Crew Neck Long Sleeve Athletic Tops, UPF 50+ Sun Protection Shirts, Quick Dry Loose Comfy Casual Tops  ",$39.99
182,182 image.jpg,Women's Casual Basic Cap Sleeve Slim Fitted Round Neck Crop Tee Top  ,$24.60
183,183 image.jpg,Womens Satin Silk Button Down Shirts V Neck Long Sleeve Office Blouses Business Casual Tops  ,$34.99
184,184 image.jpg,Women's Plus-Size Non-Iron Three-Quarter Sleeve Shirt  ,$109.92
185,185 image.jpg,Women's Off The Shoulder Flounce Long Sleeve Shirred Crop Tops Blouse  ,$38.76
186,186 image.jpg,Women Vintage Blouse Floral Lace Trim Shirt Long Puff Sleeve Semi Sheer Tunic Tops White L  ,$23.99
187,187 image.jpg,Women's Plus Size Short-Sleeve Crewneck T-Shirt  ,$18.00
188,188 image.jpg,Women's Long Sleeve See Through Mesh Sheer Top Blouse Shirt  ,$24.99
189,189 image.jpg,Women’s Elegant Lace Trim Shirts Casual Victorian Blouse Long Sleeve Button Down Tops  ,$28.20
190,190 image.jpg,Workout Tops for Women Mesh Racerback Tank Yoga Shirts Gym Clothes  ,$25.99
191,191 image.jpg,Womens Workout Crop Tops Long Sleeve Shirt Women Thumbholes Yoga Gym Clothes Hollow Out Athletic Tight Tee  ,$26.99
192,192 image.jpg,Womens Crewneck Short Sleeve Ribbed T-Shirt Slim Fit Tops Solid Basic Tee  ,$39.34
193,193 image.jpg,Summer Tank Tops for Women Casual Sleeveless V Neck Tunic Tops  ,$26.99
194,194 image.jpg,Women's V Neck Swiss Dot Chiffon Tops Bubble Long Sleeve Casual Solid Blouses Shirts  ,$32.99
195,195 image.jpg,Womens Plus Size Tank Top  ,$17.10
196,196 image.jpg,Satin Silk Women Button Down Shirt Long Sleeve V Neck Casual Loose Work Office Blouse Tunic Tops  ,$30.59
197,197 image.jpg,Women's 2 Packs Ribbed Knit Mock Neck Sleeveless Casual Basic Crop Tank Top  ,$22.16
198,198 image.jpg,Women Sexy Scoop Neck Rib Tank Top Casual Ribbed Tunic  ,$32.88
199,199 image.jpg,womens Lace 'N' Smooth Camisole  ,$41.99
200,200 image.jpg,Women's Crewneck Shirts Causal Long Sleeve Slim Fit Underscrub Winter Basic Tee Tops  ,$28.39
201,201 image.jpg,Womens Lightweight Full Zip Running Track Jacket Workout Slim Fit Yoga Sportwear with Thumb Holes  ,$25.79
202,202 image.jpg,Women's Long Sleeve Lace Tops Casual Loose Blouses T Shirts Tunic Tops  ,$32.99
203,203 image.jpg,Women's Henley Button Up T Shirt Casual Basic Short Sleeve Summer Tops Blouse S-XXL  ,$34.99
204,204 image.jpg,Women Summer Sleeveless V Neck Cami Tank Tops  ,$29.99
205,205 image.jpg,Women's Long Sleeve Shirts UPF50+ Sun Protection Quick Dry Hiking Fishing  ,$27.99
206,206 image.jpg,Women Sleeveless Tank Top Crochet Knit Vintage Sexy Cropped Boho Hollow Out Camisole Summer Cover Up Vest Shirt  ,$29.85
207,207 image.jpg,Women’s Casual Sleeveless Crew Neck Pads Shoulder Bodysuit Tank Tops  ,$66.77
208,208 image.jpg,Womens Classic-Fit 3/4 Sleeve Poplin Shirt  ,$27.20
209,209 image.jpg,Plaid Flannel Shirt for Women Buffalo Long Sleeve Button Down Oversized Boyfriend Shacket Shirt Blouse Tops S-XXL  ,$35.99
210,210 image.jpg,Women's Sexy Criss Cross Halter Neck Sleeveless Thong Bodysuits Tops Clubwear  ,$27.68
211,211 image.jpg,Womens Women's Plus Size Vneck Long Sleeve Tee  ,$21.41
212,212 image.jpg,Women's Plus Size Warm Long Sleeve Turtleneck Top | Ultra Soft | Adult XL to 5X  ,$22.36
213,213 image.jpg,Women's Elegant Sheer Floral Lace Shrug Top Cropped Bolero Cardigan  ,$31.99
214,214 image.jpg,Womens Mock Wrap Top  ,$29.07
215,215 image.jpg,Women Mesh Top Long Sleeve See Through Shirt Sheer Blouse O Neck Clubwear S-XXL  ,$20.99
216,216 image.jpg,Tank Tops for Women Cami Sleeveless Loose Fitted Tshirt Front Twist Tunic Tops Casual  ,$27.99
217,217 image.jpg,Detachable Dickey Blouse False Collar Half Shirt Blouse Collar Crop Top  ,$24.20
218,218 image.jpg,Women's Sheer Dobby Mesh Puff Sleeve Square Neck Top  ,$34.58
219,219 image.jpg,Thermal-Shirts for-Women-Turtleneck Long Sleeve Tops Fleece Lined Winter Slim Fitted Mock Neck Base Layer  ,$33.90
220,220 image.jpg,Women's Plus Size 2 Pcs Basic Short Sleeve Solid Crop Tops Tee Shirts  ,$74.78
221,221 image.jpg,womens Nicole Crew Neck Muscle Tank Top  ,$24.90
222,222 image.jpg,Women Sexy Rhinestone Beading Tassel Trim Crop Tank Top Sleeveless Ribbed Knit Cropped Vest Cami Shirt Party  ,$46.49
223,223 image.jpg,Womens Crewneck Tunic Fashion Casual Going Out Tops Blouses Lace Long Sleeve T-Shirts  ,$19.97
224,224 image.jpg,Women Y2K Twist Knot Knit Bandeau Tube Top Embroidery Strapless Off Shoulder Backless Hollow Crop Tank Corset Top  ,$26.99
225,225 image.jpg,Women's Plus-Size Pitter-Pat Shaped V-Neck Top  ,$33.99
226,226 image.jpg,ICTIVE Womens Cross Backless Workout Tops for Women Racerback Tank Tops Open Back Running Tank Tops Muscle Tank  ,$28.98
227,227 image.jpg,Women's Vintage Cropped Shrug Open Front Long Sleeve Ruffled Bolero Cardigan  ,$33.99
228,228 image.jpg,Womens Oversized Sweaters Off The Shoulder Tops Long Sleeve Pullover Sweater Knit Jumper  ,$35.65
229,229 image.jpg,Womens Waffle Knit Tunic Tops V-Neck Long Sleeve Blouse Shirt  ,$28.03
230,230 image.jpg,Women's V-Notch Pullover Fleece Sweatshirt  ,$24.08
231,231 image.jpg,Women Summer Halter Tank Tops Sleeveless Basic Cami Top Knit Ribbed Shirts  ,$24.99
232,232 image.jpg,Women's Long Sleeve Crop Top Tee Square Neck Basic T Shirt Solid Asymmetrical Blouse Shirts  ,$30.19
233,233 image.jpg,Womens Classic Fit Twist Sleeve Crew Neck T-Shirt  ,$20.70
234,234 image.jpg,Womens Relaxed Fit Sleeveless Muscle Tank  ,$21.60
235,235 image.jpg,Women's Elegant Cap Sleeve Keyhole Contrast Lace Blouses Tops  ,$32.03
236,236 image.jpg,Women's Pima Cotton Lightweight Loose Fit Workout Sports Tank Top  ,$28.00
237,237 image.jpg,Women's Camisole Tank Bamboo Rayon Long Length Undershirts Tank Tops Camis 3 Pack  ,$39.99
238,238 image.jpg,Women's U Neck Sleeveless Drawstring Side Slim Fit Basic Crop Tops  ,$20.99
239,239 image.jpg,Women's Button Down Shirts 3/4 Sleeve Button Up Shirt Fitted Blouse Shirt  ,$33.99
240,240 image.jpg,Women's Cotton Strapless Tube Top  ,$31.54
241,241 image.jpg,Women Cutout Long Sleeve Top Shirt Low Cut Bodycon Crop Top Hollow Out Halter Blouse Top  ,$15.69
242,242 image.jpg,Women's Strappy Plain V Neck Vest Sexy Bralette Cami Crop Top  ,$28.89
243,243 image.jpg,ICTIVE Yoga Tops for Women Loose fit Workout Tank Tops for Women Backless Sleeveless Keyhole Open Back Muscle Tank  ,$28.98
244,244 image.jpg,Womens Casual  ,$28.88
245,245 image.jpg,Dollandd Womens Rhinestone Mesh Tank Tops Long Sleeve Mesh Blouse Hollow Out See Through Mock Neck Crop Tops Fishnet Bikini  ,$37.92
246,246 image.jpg,Womens Casual Chiffon Blouses Scoop Neck 3/4 Sleeve Loose Blouse Shirt Tops  ,$26.99
247,247 image.jpg,"Women's Long Sleeve Tops Lace Casual Loose Blouses T Shirts, S-2XL  ",$36.99
248,248 image.jpg,"Womens Henley Tank Tops Summer Sleeveless Tunic Tops Casual Button Down Blouse Tshirts, S-2XL  ",$31.99
249,249 image.jpg,womens standard 2-pack Tech Stretch Racerback Tank Top  ,$25.30
250,250 image.jpg,Women's Long Sleeve V-Neck Bodysuit Slim Fit Casual Extender Body suit Jumpsuit Daily Tops  ,$28.96
251,251 image.jpg,"Women Sexy Cutout Cold Shoulder Top Mock Turtle V Neck Short Sleeve Long Sleeve Bodysuit T Shirt, B Long Sleeve White, Medium  ",$37.36
252,252 image.jpg,Women's Swiss Dots Short Sleeve Blouse Lace Trim Boho Top Casual Work Shirt  ,$31.31
253,253 image.jpg,Womens Cross-Flex Media Scrub Top  ,$62.00
254,254 image.jpg,Women's Summer V Neck T Shirts Short Sleeve Boho Floral Printed Casual Tunic Loose Drawstring Chiffon Blouses Tops  ,$27.99
255,255 image.jpg,Women 3/4 Sleeve Solid Color Cardigans Open Front Soft Cardigans Casual Shirt Blouses Tops S-XXL  ,$36.99
256,256 image.jpg,Women Casual Loose Lace Short Sleeve Drawstring Chiffon V Neck T-Shirt Tunic Blouse Tops  ,$22.99
257,257 image.jpg,"Women's Lace Short Sleeve Shirts Loose Casual Tops Tee Shirt, S-2XL  ",$34.99
258,258 image.jpg,Women's Pullover Cropped Tshirt Long Sleeve V Neck Casual Crop Tops  ,$39.54
259,259 image.jpg,Women's Lace Floral Panel Long Sleeves Peasant Blouse Crew Neck Chiffon Top Shirt  ,$39.99
260,260 image.jpg,Plus Size Tunic Tops for Women Long Sleeve Swing Shirt Loose Fit Flowy Clothing for Leggings  ,$33.99
261,261 image.jpg,Womens Seamless Reversible Shapewear Tank Top  ,$45.53
262,262 image.jpg,Women's Casual Basic V Neck Sleeveless Stretchy Regular Length Cami Tank Top Spaghetti Strappy Cami Tops  ,$25.46
263,263 image.jpg,Womens Turtleneck Long Sleeve Top  ,$39.18
264,264 image.jpg,Women's Basic Plain Spaghetti Strap Tube Crop Cami Top  ,$21.77
265,265 image.jpg,Women's V Neck Spaghetti Tank Tops Loose Sexy Casual Sleeveless Shirts Blouses Adjustable Strap Camisoles  ,$24.99
266,266 image.jpg,Women's Long Sleeves Quarter-Zip Pullover Tops Running Athletic Workout Yoga Shirts  ,$45.00
267,267 image.jpg,Women's Deep V Neck Long Sleeve Cross Wrap Crop Tops  ,$33.06
268,268 image.jpg,womens Payton Asymetric Fitted One-shoulder Top  ,$24.90
269,269 image.jpg,Fashion Lace Cami Tank Tops Sexy Camisole  ,$28.99
270,270 image.jpg,Womens Golf Polo Shirts Sleeveless Quarter Zip Tennis Tank Tops Ladies Quick Dry UV Protection Collarless Shirt  ,$25.02
271,271 image.jpg,Women's Pima Cotton Workout Short Sleeve Shirts Loose Crop Tops Athletic Gym Shirt Casual Cropped T-Shirt  ,$28.00
272,272 image.jpg,Womens Sleeveless Halter Neck Tank Top Summer Pleated Cami Shirt with Back Tie Detail  ,$28.99
273,273 image.jpg,Women's Pima Cotton Workout Tank Crop Sports Shirt Sleeveless Yoga Running Tops  ,$28.00
274,274 image.jpg,Womens Square Neck Ruffle Strap Ribbed Sleeveless Tank Tops Long Sleeve Bodysuits  ,$26.01
275,275 image.jpg,Women Tank Top Sexy Sleeveless Shirts Basic Vest Crop Workout Fitness Clothes  ,$24.99
276,276 image.jpg,Women Button Down Shirts Office Drop Shoulder Oversized Blouse Long Sleeve Boyfriend Dress Shirt with Pockets  ,$32.99
277,277 image.jpg,V-Neck Mock Wrap Scrub Top for Women  ,$34.99
278,278 image.jpg,Womens Cute Lace Crochet Tunic Tops Hollow Out Pleated Flowy Shirts Casual Work Blouses  ,$32.29
279,279 image.jpg,Women's Golf Shirts Sleeveless Tops Summer Polo Gym T Shirts Zipper Collar Pocket Workout Shirts  ,$24.99
280,280 image.jpg,Women's Plus Size Solid Strapless Bandeau Tops Basic Crop Tube Tops  ,$25.46
281,281 image.jpg,Bodysuit for Women Scoop Neck Sleeveless Ribbed Racerback Tank Tops  ,$26.55
282,282 image.jpg,Women's Boho Sleeveless Backless Tie Back Allover Print Crop Tank Tops  ,$24.95
283,283 image.jpg,Women's Casual Sleeveless Collar Button Down Summer Shirt Blouse Top  ,$46.08
284,284 image.jpg,Women's Scrubs Charlie 5 Pocket Y-Neck Wrap Top  ,$19.22
285,285 image.jpg,Womens Plus-Size V Front Popover Top with Necklace Blouse  ,$36.11
286,286 image.jpg,Women's Short Sleeve/Long Sleeve Mesh Crop Tops Tee Blouse  ,$30.71
287,287 image.jpg,Tops for Women Basic V-Neck T-Shirt Petal Sleeve Elegant Casual Tunic Tops  ,$33.99
288,288 image.jpg,Womens V Neck Polo Shirts Short Sleeve Collared Summer Tops Loose Casual Tunic Blouses with Pocket S-XXL  ,$36.99
289,289 image.jpg,Women's Short Sleeve V Neck Tops Casual Tunic Blouse Loose Shirt  ,$32.99
290,290 image.jpg,Women's Summer T Shirts Casual V Neck Puff Short-Sleeve Loose Tops and Blouse  ,$24.99
291,291 image.jpg,Women's T-Shirts Sleeveless Cotton Tank Tops Solid V Neck T Shirts Lightweight Loose Fit Womens Tops and Blouses  ,$18.99
292,292 image.jpg,Women Autumn 3/4 Roll Sleeve V Neck Tunic Shirts Plaid Block Flowy Tops  ,$31.99
293,293 image.jpg,Women's Off The Shoulder Tops Long Sleeve Shirts Chiffon Blouses Flattering Pom Pom Top  ,$36.99
294,294 image.jpg,Womens Perfect Tee-Shirt  ,$34.95
295,295 image.jpg,Polo Shirts for Women Golf Shirts Dry Fit UPF 50+ Lightweight Moisture Wicking Collared Tennis Shirts Ladies Tops  ,$29.99
296,296 image.jpg,Womens 3/4 Bell Sleeve Fashion V Neck Lace Patchwork Blouse Casual Loose Shirt Tops  ,$31.99
297,297 image.jpg,Adar Addition Scrubs for Women - Notched V-Neck Scrub Top  ,$45.99
298,298 image.jpg,Women's Lantern Sleeve High Low Asymmetrical Hem Tops Blouse Shirt Dress  ,$44.99
299,299 image.jpg,Plus Size Swing Lace Flowy Tank Top for Women  ,$35.52
300,300 image.jpg,Women's Plus Size V Neck Tunic Tops Summer Casual T-Shirt  ,$29.99
301,301 image.jpg,Women's Solid Criss Cross Halter Sleeveless Tee Shirt Top  ,$31.70
302,302 image.jpg,Women's Sexy Plain V Neck Bralette Bra Lace Back Cami Crop Top  ,$28.89
303,303 image.jpg,Women Summer Tunic Tops Short Sleeve Side Split Casual Loose Blouses T-Shirts  ,$26.77
304,304 image.jpg,Womens Cold Shoulder Shirt Round Neck Short Sleeve Summer Tunics Tops  ,$29.99
305,305 image.jpg,Womens Summer Tops Sexy V Neck Petal Sleeve Casual Solid Color Tee Tshirts S-XXL  ,$35.99
