ID,Image,Title,Price
1,1 image.jpg,Women Tunic Tops Tees Loose Casual Summer Ladies T-Shirts  ,$29.99
2,2 image.jpg,Womens Sleeveless Tunic Tops Casual Swing Blouse Shirt  ,$28.66
3,3 image.jpg,4 Pack Cotton Crop Racerback Tank Tops for Women Basic Workout Crop Tanks Sleeveless Cropped Sport Shirts  ,$28.49
4,4 image.jpg,Womens V Neck Summer Sleeveless Tank Tops Ribbed Button Casual Henley Shirts Cami Tees S-XXL  ,$33.99
5,5 image.jpg,Women's Off One Shoulder Tops Long Sleeve Pullover Slouchy Baggy Sweater  ,$38.99
6,6 image.jpg,Womens Bell Sleeve Tops Cold Shoulder Tie Knot Striped Shirts Blouses  ,$35.99
7,7 image.jpg,Women's Square Neck Puff Long Sleeve Bodysuit Off Shoulder Leotard Sheer Polka Dot Sleeve Top  ,$36.39
8,8 image.jpg,Satin Silk Women Button Down Shirt Long Sleeve V Neck Casual Loose Work Office Blouse Tunic Tops  ,$22.19
9,9 image.jpg,Women's Jersey Full Zip Hoodie  ,$26.48
10,10 image.jpg,Womens Tank Tops Crewneck Loose Fit Basic Solid Color Casual Summer Sleeveless Shirts  ,$24.99
11,11 image.jpg,Women's Sexy Sleeveless Skinny Basic Strappy Crop Tank Tops  ,$22.41
12,12 image.jpg,Womens Summer Hollowed Out Shoulder 3/4 Sleeve Tops Loose Fit Shirts  ,$29.99
13,13 image.jpg,Womens Summer Cold Shoulder Tops V Neck Short Sleeve Front Knot T Shirts Blouse  ,$30.99
14,14 image.jpg,Womens Summer V-Neck Spaghetti Strap Tank Tops Casual Sleeveless Shirts  ,$24.99
15,15 image.jpg,Women's 2 Piece Outfits Sweatsuit Knit Long Sleeve Sweater Wide Leg Pants Loungewear  ,$73.39
16,16 image.jpg,Womens Stretch Cotton Raglan Sleeve Tee  ,$20.50
17,17 image.jpg,Women's Casual Lightweight V Neck Batwing Sleeve Knit Top Loose Pullover Sweater  ,$38.77
18,18 image.jpg,Women Tank Tops Round Neck Sleeveless Cami Shirt Slim Solid Ribbed Tank Top  ,$19.19
19,19 image.jpg,Essential Solid Open Front Maxi Long Knitted Cardigan Sweater for Women  ,$39.99
20,20 image.jpg,Sweaters for Women Fall Casual Pullover Crew Neck Dolman Batwing Long Sleeve Knit Tops Shirts with Buttons  ,$36.99
21,21 image.jpg,Womens Summer Tops Double Ruffle Short Sleeve V Neck T-Shirts Casual Loose Fit Tops S-XXL  ,$34.99
22,22 image.jpg,Tank Tops for Women Cami Sleeveless Loose Fitted Tshirt Front Twist Tunic Tops Casual  ,$27.99
23,23 image.jpg,Women's Ruffle Short Sleeve Criss Cross Shirt Front Twist Knot Tunic Tops Casual Loose S-XXL  ,$29.74
24,24 image.jpg,Womens Long Sleeve V Neck T-Shirt Striped Sheer Mesh Raglan Tees Loose Casual Tops  ,$26.99
25,25 image.jpg,Amilia Women's Basic Solid Cami Spaghetti Double Layer Crop Tank Top  ,$33.99
26,26 image.jpg,Womens Summer Tops Kimono Cardigan Floral Beach Cover up Casual Jackets Shirts  ,$24.99
27,27 image.jpg,4-Pack Women's Cotton Crop T-Shirts Short Sleeve Solid Cropped Athletic Top Round Neck Casual Workout Yoga Tees  ,$42.99
28,28 image.jpg,Women's Knot Back Batwing Sleeve Mock Neck Shirts Blouse Top  ,$46.49
29,29 image.jpg,Women's Off Shoulder Low Cut Tie Back Strapless Crop Tops or Dress  ,$18.99
30,30 image.jpg,Womens Summer Short Sleeve Tops Casual Lace Tunic Tops Loose Fit T Shirts  ,$29.99
31,31 image.jpg,Womens Short Sleeve Summer Henley V-Neck Tunic Tops Casual Henley Shirts Blouse  ,$29.99
32,32 image.jpg,Women's Round Neck Casual Long Sleeve Sweatshirt Solid Color Loose Fit Pullover Shirt  ,$31.99
33,33 image.jpg,Women Long Sleeve Stretchy Crop Top Sexy Slim Fitted Fleece Lined Cropped Shirts  ,$32.59
34,34 image.jpg,Women's Summer Shirts Ruffle Casual Blouse Tunic Tops Short Sleeve Sleeveless Tops  ,$29.99
35,35 image.jpg,Women's Casual Boho Floral Printed V Neck Tops Drawstring Short Long Sleeve T Shirt Blouses  ,$31.99
36,36 image.jpg,Women Elegant Ruffle Trim Butterfly Sleeve Blouse Round Neck Work Shirt Top  ,$39.55
37,37 image.jpg,Women's Scoop-Neck Tank Top  ,$14.63
38,38 image.jpg,Women Summer Tunic Tops Short Sleeve Side Split Casual Loose Blouses T-Shirts  ,$26.77
39,39 image.jpg,Blouses for Women Puff Long Sleeve Square Neck Shirts Off The Shoulder Floral Ladies Tops and Blouses  ,$36.99
40,40 image.jpg,Women's Satin Button Down Shirt V Neck Long Sleeve Casual Work Blouse Tops with Pocket  ,$34.99
41,41 image.jpg,Women's Sleeveless Mock Neck Textured Tank Top  ,$39.76
42,42 image.jpg,Women's Summer 2 Piece Outfits Round neck Crop Basic Top Cropped Wide Leg pants Set Jumpsuits  ,$43.99
43,43 image.jpg,Women Sports Bra Yoga Tank Longline Padded Workout Crop Tank Top Fitness Workout Running Top  ,$27.99
44,44 image.jpg,Women's Ruffle Short Sleeve Off Shoulder Tie Up Back Crop Blouse Top Pink Medium  ,$32.64
45,45 image.jpg,Women's Casual Round Neck Keyhole Back Blouse Top Short Sleeve Scallop Trim Work Shirt  ,$39.70
46,46 image.jpg,Women's Satin Shirt Off Shoulder Tops Silk Blouse Short Sleeve Casual Tunic Tops  ,$27.99
47,47 image.jpg,Women's Lace Trim Hook and Eye Sleeveless Criss Cross Back Corset Cami Crop Top  ,$35.96
48,48 image.jpg,Women's Scrubs Bravo 5 Pocket V-Neck Top  ,$20.01
49,49 image.jpg,Women's Spaghetti Strap Satin Draped Backless Tie Back Crop Cami Top  ,$25.76
50,50 image.jpg,Womens Puff Long Sleeve Tops Casual Loose Solid Basic T Shirt Button Cuffs Blouse S-XXL  ,$37.99
51,51 image.jpg,Womens Shacket Corduroy Shirts Long Sleeve Button Down Jacket Coat Plaid Oversized Lapel Blouses Tops S-3XL  ,$36.49
52,52 image.jpg,Crop Top Mesh Long Sleeve Shirts for Women Casual Blouse Deep V Neck Unique Slim Fit Cross Wrap Shirts  ,$23.99
53,53 image.jpg,Women's Classic-Fit Long Sleeve Button Down Poplin Shirt  ,$27.20
54,54 image.jpg,Women’s Long/Short Sleeve Tops Lace Shirt Casual Loose T Shirts Blouses  ,$28.99
55,55 image.jpg,Womens Racerback Tank Tops Loose Fit Causal Summer U Neck  ,$36.80
56,56 image.jpg,Womens Tank Tops Embroidery V Neck Sleeveless Shirts Casual Summer Tops Dreesy Blouse S-XXL  ,$33.99
57,57 image.jpg,Womens Plaid Curduroy Shirts Button Down Blouses Solid Shirts Jacket Tunic Top with Bust Pockets  ,$32.19
58,58 image.jpg,Women Short Sleeve Loose Casual Bottons Down Blouses Shirts Tops  ,$24.99
59,59 image.jpg,Basic Tank Tops for Women Undershirts Tank Tops with Scoop Neck cami Yoga Shirts 3-4 Pack  ,$36.99
60,60 image.jpg,Women's 2 Piece Outfit Set Long Sleeve Button Knit Pullover Sweater Top and Wide Leg Pants Sweatsuit  ,$59.61
61,61 image.jpg,T Shirts for Women Loose Fit Cap Sleeve T Shirts with Pocket for Women  ,$35.17
62,62 image.jpg,Women's 2 Piece Outfit Off The Shoulder Crop Top Wide Leg Pants Set  ,$65.59
63,63 image.jpg,Dolman Tops for Women Off The Shoulder Tops Banded Waistband Shirts 3/4 Sleeves Regular and Plus Size Tops  ,$32.57
64,64 image.jpg,V Neck Camisole Tank Tops for Women Spaghetti Strap Basic Solid Color Sleeveless Shirts Blouses  ,$23.99
65,65 image.jpg,Gold Sexy Tops for Women Sparkly Deep V Neck Crop Tank Tops Cami Body Chain Top  ,$54.85
66,66 image.jpg,Women's Slim Fit Deep V Neck Sleeveless Crop Tank Top  ,$34.57
67,67 image.jpg,Womens 2-Pack Slim-Fit Tank  ,$18.70
68,68 image.jpg,Womens Casual Waffle Knit V Neck Long Sleeve Tshirt Shirt Tops Blouse  ,$30.99
69,69 image.jpg,Womens Half Sleeve Summer Blouse Crewneck Tops Lace Floral Textured Shirts S-XXL  ,$37.99
70,70 image.jpg,Women's Casual Pullover Striped Long Sleeve Tunic Tops Shirts Fashion Loose Fit Light Weight Crewneck Sweatshirts  ,$19.99
71,71 image.jpg,Casual Colorblock Sweatshirt for Womens 3/4 Sleeve Crewneck Pullover Lightweight Tops Fall Dressy Sweater Blouse 2022  ,$22.99
72,72 image.jpg,Women’s Sexy Square Neck Sleeveless Underbust Detailing Ribbed Tank Thong Bodysuits Tops  ,$26.24
73,73 image.jpg,Women's Y2K Feather Crop Tank Top Round Neck Fairy Faux Fur Trim Vest Shirt Solid Sleeveless Crop Tops Club Party  ,$44.01
74,74 image.jpg,Womens Tank Tops Pleated V Neck Sleeveless Summer Shirts Loose Casual Tank Tops Blouse S-XXL  ,$33.99
75,75 image.jpg,Women's Floral Ruffled Tunic Blouse Tie V Neck Casual Long Sleeve Babydoll Peplum Tops  ,$51.97
76,76 image.jpg,Women's Plus-Size Short Sleeve V Neck Tee  ,$12.90
77,77 image.jpg,Women's Shirt-Tail Tank Top  ,$20.72
78,78 image.jpg,Women's Elegant Notch V Neck Sleeveless Blouse Guipure Lace Work Office Solid Top  ,$27.25
79,79 image.jpg,Women's Solid Basic Tee Round Neck Short Sleeve Slim Fit T-Shirt Tops  ,$25.49
80,80 image.jpg,Women's Casual Solid Color Sweatshirts Oversized Sweatshirt Quarter Zip Sweatshirts  ,$40.99
81,81 image.jpg,Womens Round Neck  ,$38.16
82,82 image.jpg,Women's Casual Round Neck Summer Short Sleeve Scallop T-Shirt Top Blouse  ,$27.49
83,83 image.jpg,Womens Tshirts Loose Fit Crew Neck Ruffle Sleeve Summer Casual Tunic Tops S-XXL  ,$36.99
84,84 image.jpg,Women Sexy Spaghetti Strap Satin Crop Corset V Neck Sleeveless Crop Bustier Slim Fit Clubwear Crop Camis Top  ,$95.94
85,85 image.jpg,Womens Plaid Shacket Shirts Lapel Button Down Blouses Tops Long Sleeve Wool Blend Jacket Coats  ,$30.99
86,86 image.jpg,Women's Sleeveless Criss Cross Casual Tank Tops Basic Blouse  ,$25.98
87,87 image.jpg,Women's Casual Elegant 3/4 Lace Sleeve Round Neck Solid Color Summer Loose Fit T Shirts Tops Blouses  ,$25.99
88,88 image.jpg,Womens Relaxed Fit Sleeveless Muscle Tank  ,$21.60
89,89 image.jpg,Women's Sequin Sparkle Halter Tank Tops Keyhole Knot Neck Slim Fit Cocktail Top  ,$40.99
90,90 image.jpg,Women's Crisscross Tie Back Crop Top Sleeveless Round Neck Tank Tops  ,$31.94
91,91 image.jpg,Womens Quarter Zip Hoodie Sweater Half Zip Pullover Long Sleeve Sweatshirt Teen Girls Fall Clothes  ,$38.99
92,92 image.jpg,Womens Plaid Button Down Shirts Long Sleeve Corduroy Blouses Tops with Pockets  ,$39.99
93,93 image.jpg,Women Cotton Padded Vest Ladies Sleeveless Crop Vest Y2k Fashion Puffer Button Down Short Top Gilet Streetwear  ,$33.97
94,94 image.jpg,Lite Women's 4-Pocket Zipper Neck Athletic & Modern Serenity Scrub Top  ,$54.50
95,95 image.jpg,Women's Golf Shirt Moisture Wicking Long Sleeve Shirt Half Zip Pullover Athletic  ,$36.04
96,96 image.jpg,Womens Sweater Tops Sweetheart Neck Ribbed Bustier Corset Knit Long Sleeve Pullover Sweater Top  ,$34.99
97,97 image.jpg,Women's Sexy Zip Up Crop Top Long/Short Sleeve Summer Deep Neck Casual Basic Slim fit T Shirt  ,$37.96
98,98 image.jpg,Womens French Terry Fleece Crewneck Sweatshirt  ,$20.70
99,99 image.jpg,Women's Plus Size Off The Shoulder Belted Peplum Blouse Top  ,$56.39
100,100 image.jpg,Womens Jacquard Pom Summer Top Tshirt Casual 3/5 Sleeve Button V Neck Tunic Top Blouse S-XXL  ,$38.99
101,101 image.jpg,"Women's Summer Sleeveless Tanks V Neck Casual Tshirt Tops Comfy Loose Fitting Blouse, S-2XL  ",$12.99
102,102 image.jpg,Women's Long Sleeve Button Down Classic Sweater Knit Cardigan  ,$36.99
103,103 image.jpg,Womens Cross Back Active Tank Tops Workout Yoga Exercise Gym Racerback Tops for Women  ,$25.99
104,104 image.jpg,Women's 2 Piece Flounce Sunflower Printed Top with Boyshorts Tankini Swimsuits  ,$39.99
105,105 image.jpg,Misyula Womens Lace V Neck Puff Long Sleeve Eyelet Tops Dressy Business Casual Work Shirts Blouse S-XL  ,$25.00
106,106 image.jpg,Women's Sweetheart Neck Strapless High Waist Leotard Thong Bodysuit  ,$33.19
107,107 image.jpg,Women's Sheer Fishnet Top Sexy Short Sleeves Net T Shirts Crop Top XS-XXL  ,$21.58
108,108 image.jpg,Women Sexy Rhinestone Beading Tassel Trim Crop Tank Top Sleeveless Ribbed Knit Cropped Vest Cami Shirt Party  ,$46.49
109,109 image.jpg,Women's Summer Floral Print Spaghetti Strap Lettuce Trim Cami Crop Tops Camisole  ,$45.36
110,110 image.jpg,Womens Summer Top Ruched Trim Button Down Neck Pleated Sleeveless Tank Top S-XXL  ,$35.99
111,111 image.jpg,Womens Women's Plus Size Long Sleeve Tee  ,$21.41
112,112 image.jpg,Women's Tank Top Padded Sports Bra Running Workout Yoga Crop Top  ,$26.99
113,113 image.jpg,Women Two Pieces Knitted Shorts Set Printing Strap Crop Top Cami Tops High Waist Shorts Outfits Party Streetwear  ,$23.96
114,114 image.jpg,Womens Mini-Ribbed Cotton Tank  ,$14.89
115,115 image.jpg,Womens Fall Clothing Long Sleeve Colorblock Casual Crewneck Sweatshirt Casual Pullover Blouse Tops Shirts  ,$21.99
116,116 image.jpg,Women's V-Notch Pullover Fleece Sweatshirt  ,$24.08
117,117 image.jpg,Women's Plus Size Long Sleeve Rib Knit Tie Front Cropped Cardigan  ,$36.60
118,118 image.jpg,"Women's Button Down V Neck Shirts, Long Sleeve Collared Casual Office Work Blouses Tops  ",$26.99
119,119 image.jpg,Womens Summer Short Sleeve V Neck Button Up T-Shirts Flowy Tunic Tops for Legging Casual Swing Clothes M-3XL  ,$29.99
120,120 image.jpg,Women's Casual Lace Crochet V Neck Long Sleeve Blouses Tops Shirts S-XXL  ,$29.99
121,121 image.jpg,Womens Tank Tops V Neck Pleated Sleeveless Summer Shirts Loose Casual Blouses  ,$24.99
122,122 image.jpg,Women's Polo Shirts Sleeveless Golf Shirt Tank Tops Lightweight Quick Dry Athletic Tennis Sports Tops Tee  ,$27.99
123,123 image.jpg,Women's Studio Keyhole Tank  ,$17.90
124,124 image.jpg,Womens EDS Signature Scrubs Jr. Fit V-Neck Top  ,$25.99
125,125 image.jpg,Women's Sweetheart Neck Mesh Puff Sleeve Slim Fitted Tee Top  ,$26.20
126,126 image.jpg,Womens Sport Cool Dri Performance Long Sleeve T-Shirt  ,$24.11
127,127 image.jpg,Women's Casual Lace Up Long Sleeve Pullover Crop Top Sweatshirt  ,$86.21
128,128 image.jpg,Womens Contemporary  ,$36.25
129,129 image.jpg,Crop Tank Top for Women Workout Shirts Cropped Tanks Sleeveless Gym Clothes Yoga High Neck Crop Top Pack  ,$38.97
130,130 image.jpg,womens standard Patterned Studio Relaxed-fit Crewneck T-shirt  ,$17.40
131,131 image.jpg,Women's Sexy Plain V Neck Bralette Bra Lace Back Cami Crop Top  ,$28.89
132,132 image.jpg,Women's Sexy Off Shoulder Tee Top Short Sleeve V Neck Ribbed Knit T Shirt  ,$30.42
133,133 image.jpg,Womens Long Sleeve Tee  ,$21.41
134,134 image.jpg,Women's Summer Round Neck Sleeveless Blouse Loose Casual Flowy Chiffon Tank Tops for Women  ,$28.99
135,135 image.jpg,Women's Cool Stretch V-Neck Top and Cargo Pant Set  ,$39.95
136,136 image.jpg,Womens Summer V Neck Puff Short Sleeve Tops Casual Business Work Blouses Cute Dressy Swiss Dot Shirts  ,$27.99
137,137 image.jpg,Women’s Y2K Velour Full Zip Sweatsuits 2 Outfit Set Broken Heart Print 2 Piece Sets Top & Skirt Tracksuit  ,$104.59
138,138 image.jpg,Women's Christmas Costume Shiny Metallic Crop Top Sleeveless Cut Out Party Clubwear Tank Tops  ,$27.49
139,139 image.jpg,Womens Classics Wrap Top  ,$72.48
140,140 image.jpg,Scrubs Sets for Women Nurse Scrub Uniform Top & Jogger Pant Work Clothes Stretchy Short Sleeved Suit Slanted V-Neck Design  ,$38.61
141,141 image.jpg,Racerback Tank Tops for Women Workout Yoga Tanks Cami with Scoop Neck Activewear Undershirts 3-4 Pack  ,$36.99
142,142 image.jpg,Womens Casual Long Sleeve Blouses Tops V Neck Button Down Shirts Solid Color Blouse Top  ,$29.99
143,143 image.jpg,Tank Tops for Women Cute Summer Cropped Sleeveless Shirts Blouses for Women Dressy Casual  ,$23.99
144,144 image.jpg,Women Long Sleeve Zip-Up Hoodies Jacket Solid Color Sweatshirt Coat with Kangaroo Pockets  ,$37.99
145,145 image.jpg,Women's Pima Cotton Workout Tank Crop Sports Shirt Sleeveless Yoga Running Tops  ,$31.81
146,146 image.jpg,Women's Short Sleeve Cool DRI V-Neck Tee  ,$18.73
147,147 image.jpg,Women's Cap Sleeve Backless T Shirt Boat Neck Slim Fit Tee Crop Top  ,$24.33
148,148 image.jpg,Women's V Neck Tank Tops Spaghetti Strap Camisoles Casual Shirts Blouses  ,$23.99
149,149 image.jpg,Women's Long Sleeve Sweatshirt Plain Color Round Neck Tunic Tops with Front Pocket  ,$22.88
150,150 image.jpg,Women's Plus Size 3/4 Sleeve Pearl Beaded Tie Knot Cuff Solid Blouse Tops Shirt  ,$31.23
151,151 image.jpg,Womens Crew Neck Crochet Lace Long Sleeve Hollow Out Cable Knit Pullover Sweaters Tops Big Size(S-3XL)  ,$30.99
152,152 image.jpg,Plus Size Tunic Tops for Women Asymmetrical 3/4 Sleeve Shirts V Neck Flowy Blouse for Leggings  ,$33.99
153,153 image.jpg,Women’s Sexy One Shoulder Cutout Front Backless Sleeveless Tank Top Bodysuits  ,$38.18
154,154 image.jpg,Womens Button Down V Neck Shirts Short/Long Sleeve Office Casual Business Plain Blouses Tops  ,$34.99
155,155 image.jpg,Womens Tops Casual Square Neck Puff Long Sleeve T Shirts Loose Fit S-XXL  ,$19.99
156,156 image.jpg,Women's Tank Tops Summer Sleeveless Basic Cami Top Shirt Slim Knit Ribbed Racerback Blouses S-XXL  ,$33.99
157,157 image.jpg,Womens Short Sleeve Crew Neck Tee  ,$18.73
158,158 image.jpg,Women's Sexy Sheer Mesh Fishnet Net Short Sleeve T-Shirt Crop Top  ,$35.81
159,159 image.jpg,Women's Elegant Sweetheart Neck Lantern Long Sleeve Solid Crop Top Blouse  ,$46.41
160,160 image.jpg,Women's Spaghetti Strap Knot Back Crop Top Wrap Cami Top  ,$21.55
161,161 image.jpg,Women's Square Neck Mesh Puff Short Sheer Sleeve Crop Top Slim T Shirt  ,$27.73
162,162 image.jpg,Women's Round Neck Layered Ruffle Short Sleeve Bodysuit  ,$28.33
163,163 image.jpg,Women Mesh Top Long Sleeve See Through Shirt Sheer Blouse O Neck Clubwear S-XXL  ,$20.99
164,164 image.jpg,"Womens Henley Tank Tops Summer Sleeveless Tunic Tops Casual Button Down Blouse Tshirts, S-2XL  ",$30.99
165,165 image.jpg,Womens Henley Tunic Tops Casual V-Neck T-Shirts Long Sleeve Button Up Sweatshirt  ,$28.99
166,166 image.jpg,womens Full-zip Polar Fleece Jacket  ,$35.90
167,167 image.jpg,Tank Tops for Women Sexy Vest Tops Casual V Neck Summer Shirts Fashion Butterfly Print Colorful Tank Blouses  ,$11.44
168,168 image.jpg,Women's Satin Silk Long Sleeve Blouse Button Down Shirt Casual Top  ,$47.76
169,169 image.jpg,3/4 Bat Sleeve Sparkle Sequin Tops for Women Shimmer Glitter Cold Shoulder Loose 70S Disco Tops Party Tunic Tops  ,$48.99
170,170 image.jpg,Women's Plus Size Dressy Tops Sexy Wrap Shirt Short Sleeve Tunic Top V Neck Low Cut Cute Blouse  ,$33.99
171,171 image.jpg,Women's Swing Tunic Tops Loose Fit Shirt Dress with Pockets  ,$93.02
172,172 image.jpg,Womens Tops Hide Belly Tunic Vintage Lace Patchwork Bow V-Neck 3/4 Sleeve Blouse Top T-Shirt Oversized Blouses Tops  ,$19.99
173,173 image.jpg,Women's Cutout Front Round Neck Sleeveless Ribbed Crop Tank Top  ,$30.39
174,174 image.jpg,Women's Summer Sequin Short Sleeve Tie Front Knot Casual Blouse Top  ,$50.81
175,175 image.jpg,Women's Casual U-Neck Cami Butterfly Graphic Vest Rib-Knit Tank Crop Top  ,$30.06
176,176 image.jpg,Women's Sexy Deep V Neck Shiny Thong Bodysuit Tank Tops with Underwire  ,$28.32
177,177 image.jpg,Women's Fringe Sleeveless Bodycon Bodysuit Top Solid One Piece Cami Jumpsuit  ,$48.13
178,178 image.jpg,Women's Fishnet Long Sleeve Cami Top  ,$14.24
179,179 image.jpg,Women Tops Lace Deep V-Neck Sleeveless Tops|Sexy Floral Two Piece Outfits|Sportswear Vest Tank Tops Sport Bra  ,$24.99
180,180 image.jpg,Women Casual Zebra Striped Work Tank Top Shoulder Padded Sleeveless Tee Tops  ,$60.70
181,181 image.jpg,"Women's Flirty Fishnet Long Sleeve Top, Neon Pink, One Size  ",$31.87
182,182 image.jpg,Women's Sleeveless Letter Print Strappy Rib-Knit Cami Crop Top  ,$38.16
183,183 image.jpg,Fishnet Crop Top Womens Short Sleeve Tops Cosplay Shirt See Through Blouse Party  ,$20.99
184,184 image.jpg,womens standard 2-pack Tech Stretch Racerback Tank Top  ,$25.30
185,185 image.jpg,Womens Stretch Cotton Cami with Built-in Shelf Bra  ,$24.08
186,186 image.jpg,Women Thermal Top Turtleneck Long Sleeve Cotton Warm Undershirt Thermal Underwear Lightweight Base Layer Shirt  ,$24.60
187,187 image.jpg,Women's Twist Plunging Neck Ruffle Crop Blouse Top 2 Pieces Midi Skirt Set  ,$63.59
188,188 image.jpg,Women's Wonderflex Patience Scrub Top  ,$23.49
189,189 image.jpg,Womens Hollow T Shirt Ruffle Short Sleeve V Neck Tops 2023 New  ,$26.99
190,190 image.jpg,Women's Summer Button V Neck Pleated Spaghetti Strap Camisole Tank Tops (M-3XL)  ,$35.99
191,191 image.jpg,Women Boho Guipure Lace V Neck Fringe Hem Tank Top Sleeveless Crop Tops  ,$31.78
192,192 image.jpg,Women's Solid Criss Cross Halter Sleeveless Tee Shirt Top  ,$27.35
193,193 image.jpg,Womens 3/4 Sleeve Boatneck T-Shirt  ,$18.30
194,194 image.jpg,Womens Classic Fit Twist Sleeve Crew Neck T-Shirt  ,$20.70
195,195 image.jpg,Womens Summer Tops Ruffle Short Sleeve Round Neck Tunic Tops Loose Fit Casual T-Shirts Blouse for Ladies  ,$25.99
196,196 image.jpg,Womens Sparkle & Shine Glitter Sequin Embellished Sleeveless Round Neck Tank Top  ,$39.99
197,197 image.jpg,Women's Satin Long Sleeve Drop Shoulder Button Front Blouse Shirt Tops  ,$51.67
198,198 image.jpg,Womens Long Sleeve Knit Underscrub Tee  ,$20.07
199,199 image.jpg,Women's Summer Floral Tunic Tops Casual Blouse Short Sleeve Buttons Up T-Shirts  ,$24.98
200,200 image.jpg,Womens Summer Shirt V Neck Casual Tshirts Puff Sleeve Tops for Women Solid Color XS-3XL  ,$35.65
201,201 image.jpg,Under Armour  ,$30.00
202,202 image.jpg,Womens Soft  ,$30.16
203,203 image.jpg,Women's Summer Casual Sleeveless Swing Tunic Floral Tank Top (S-3XL)  ,$35.79
204,204 image.jpg,Womens Summer V Neck 3/4 Sleeve Blouses Tunic Tops Casual Loose Workwear Shirts  ,$31.99
205,205 image.jpg,Women's Butterfly Short Sleeve Tee Summer T Shirt Crop Top  ,$26.13
206,206 image.jpg,Womens Basic T Shirts Short Cap Sleeve Leopard Shoulder Side Split Tunic Tops with Leopard Pocket S-XXL  ,$29.74
207,207 image.jpg,Basics 373 Women's Becca Scrub Top  ,$31.71
208,208 image.jpg,Women's Rhinestone Trim Fringe Tops Sparkly Sleeveless Crew Neck Tank Crop Top  ,$31.34
209,209 image.jpg,Womens Summer Off The Shoulder Tops Casual Sexy Short Sleeve Front Twist Knot T Shirts Dolman Blouses  ,$28.99
210,210 image.jpg,Womens Casual  ,$30.16
211,211 image.jpg,Womens Summer Casual V Neckline Blouses Loose Tunic Short Sleeve Tops  ,$29.99
212,212 image.jpg,"Women's 3-Pack Quick Dry Long Sleeve Shirts, Moisture Wicking (3pcs Set)  ",$34.99
213,213 image.jpg,Women's Standard French Terry Fleece Quarter-Zip Top  ,$24.60
214,214 image.jpg,Women's 2 Piece Outfit Sweater Set Long Sleeve Crop Knit Top and Wide Leg Long Pants Sweatsuit  ,$77.93
215,215 image.jpg,Women's Wonderflex Verity Scrub Top  ,$36.01
216,216 image.jpg,Cold Shoulder Long Sleeve Tops for Women Sexy Lace-up Chiffon Casual Loose T Shirt  ,$39.99
217,217 image.jpg,Womens Be Kind Tank Tops Love Graphic Tee Summer Sleeveless Tops for Women  ,$23.99
218,218 image.jpg,Women Lace Patchwork Ruffle Trim T-Shirt Square Neck Short Sleeve Slim Fit Harajuku Gothic Grunge Tee Top  ,$27.29
219,219 image.jpg,Basic Camisoles for Women Undershirts Tanks Adjustable Spaghetti Strap Cami Top 4 Pack  ,$35.99
220,220 image.jpg,Women's Knit Sweaters Casual Pullover Long Sleeve Winter V-Neck Jumper Tops  ,$42.99
221,221 image.jpg,Women Mock Neck Puff Sleeve Chiffon Blouse Frilled Work Office Solid Top  ,$29.96
222,222 image.jpg,Tshirts for Womens Short Sleeve Crewneck Shirts Loose Fitting Tees Color Block  ,$23.96
223,223 image.jpg,Women's Sexy Halter V Neck Sleeveless Backless Collared Ribbed Knit Crop Tank Top  ,$27.37
224,224 image.jpg,womens Floral  ,$65.84
225,225 image.jpg,Women's Short Sleeve T Shirts Sexy Clubwear See Through Sheer Mesh Tops  ,$22.81
226,226 image.jpg,Women's V Neck Knit Tank Tops Casual Color Block Loose Sleeveless Shirt  ,$27.99
227,227 image.jpg,Tops for Women Short Sleeve Blouses Loose Fit V Neck Tunic  ,$32.99
228,228 image.jpg,"Cold Shoulder Long Sleeve Tops for Women Sexy Cutout Tunics Fashion Blouse, Pink, Small  ",$37.99
229,229 image.jpg,Women's Pullover Cropped Sweatshirts Long Sleeves Casual Fleece Crop Tops  ,$32.99
230,230 image.jpg,Womens Loungewear Essentials High-Waisted Logo Leggings  ,$73.71
231,231 image.jpg,Women's Medical Nursing Jogger Scrub Set GT 4FLEX Top and Pant  ,$52.91
232,232 image.jpg,Women's Workwear Scrubs Snap Front V-Neck Top  ,$22.72
233,233 image.jpg,Womens Sweaters Crewneck Tunic Fashion Casual Going Out Tops and Blouses Lace Long Sleeve T Shirts  ,$33.98
234,234 image.jpg,Women's Long Sleeve Scoop Neck Ruffle Trim Top Blouse Lantern Sleeve Solid Tee  ,$29.70
235,235 image.jpg,"Women's Lace Short Sleeve Shirts Loose Casual Tops Tee Shirt, S-2XL  ",$34.99
236,236 image.jpg,Women's Casual Button Down Ruffle Short Sleeve V Neck Shirts Loose Blouses Summer Tops S-XXL  ,$38.99
237,237 image.jpg,Women Elegant Summer Keyhole Back Sleeveless Satin Halter Tank Blouse Tops  ,$29.00
238,238 image.jpg,Off The Shoulder Tops for Women 3/4 Sleeve Summer T Shirts Sexy Zipper V Neck Blouses Casual Tunic Tops Loose  ,$18.17
239,239 image.jpg,Women's 2 Piece Ribbed Crop Tank Top and Shorts Tracksuit Set  ,$50.10
240,240 image.jpg,Women's Ribbed Knit Sleeveless Round Neck Slim Fitted Basic Crop Tank Top  ,$24.23
241,241 image.jpg,Women Summer Basic Crop Top Solid Sleeveless Stretch Crop Vest Square Neck Slim Crop Tank Top  ,$27.81
242,242 image.jpg,Lite Women's Lightweight & Athletic Philosophy Scrub Top  ,$50.19
243,243 image.jpg,Womens Short Sleeve One Shoulder Sexy Sequin Top Blouse  ,$40.99
244,244 image.jpg,Tops for Women Basic V-Neck T-Shirt Petal Sleeve Elegant Casual Tunic Tops  ,$33.99
245,245 image.jpg,Womens Summer T Shirts Loose Fit Cap Sleeve Side Split Summer Tops with Pocket S-XXL  ,$34.99
246,246 image.jpg,Women's Scoopneck Tunic  ,$26.50
247,247 image.jpg,Womens Summer Tank Top Lace Trim Pleated V Neck Sleeveless Flowy Cami Tank Shirt S-XXL  ,$34.99
248,248 image.jpg,Women's Long Sleeve Tops V Neck Blouse Bohemian Shirts Boho Summer Flower Flowy Print  ,$39.09
249,249 image.jpg,Womens Long Sleeve Shirts Casual Button Down Blouses V Neck Henley Tops Loose Fall Shirts Tops  ,$29.99
250,250 image.jpg,Women's 3/4 Sleeve Tunic Tops Notch V Neck Dressy Blouses Pleated Floral Loose Fit Shirts  ,$35.99
251,251 image.jpg,Womens Summer V-Neck Shirt Cold Shoulder Short Sleeve Tops  ,$33.99
252,252 image.jpg,Adar Addition Scrubs for Women - Modern V-Neck Scrub Top  ,$32.12
253,253 image.jpg,Cotton Workout Crop Tank Top for Women Racerback Yoga Tank Tops Athletic Sports Shirts Exercise Undershirts 4 Pack  ,$38.70
254,254 image.jpg,Plus Size Workout Tank Tops for Women - Running Muscle Tank Sport Exercise Gym Yoga Tops Athletic Shirts(Pack of 3)  ,$39.58
255,255 image.jpg,Women's Casual Color Block Cami Tank Top Spaghetti Strap Camisole Tops  ,$29.00
256,256 image.jpg,Women's Casual Crisscross Sleeveless Form Fitting Tank Halter Top  ,$32.46
257,257 image.jpg,Active Women's Sleeveless Athletic Performance Running Workout Yoga Tank Top with Mesh Ventilation  ,$28.52
258,258 image.jpg,Women Half Sleeve Cropped T Shirt Tops Round Neck Crop Casual Summer Basic Tees Tshirt  ,$25.39
259,259 image.jpg,"Women's Casual Boho Floral Printed V Neck Tops Drawstring Short Sleeve T Shirt Blouses, S-2XL  ",$35.99
260,260 image.jpg,Women's Long Sleeve See Through Mesh Sheer Top Blouse Shirt  ,$24.99
261,261 image.jpg,Women's Cap Sleeve Round Neck Rib Knit Top T Shirt Slim Crop Tee  ,$31.54
262,262 image.jpg,Women Mock Neck Puff Sleeve Ditsy Floral Print Blouse Shirred Front Work Top  ,$34.12
263,263 image.jpg,Womens V Neck Long Sleeve Shirt Comfy Color Block Sweatshirt Soft Cotton Baseball Tunic Shirts  ,$27.99
264,264 image.jpg,Women's Pullover Sweater Cute Puff Short Sleeve Tops Pullover Shirt Lightweight Knit Sweater Blouse  ,$30.59
265,265 image.jpg,"Seamless Ribbed Yoga Gym Workout Sets for Women 2 Piece, Cute Summer Matching Workout Set, Two Piece Workout Shorts Outfits  ",$36.99
266,266 image.jpg,Crop Tops for Women Workout Tank Shirts Cropped Sleeveless Gym Clothes Yoga High Neck Crop Top Pack  ,$29.87
267,267 image.jpg,Women's Basic Plain Spaghetti Strap Tube Crop Cami Top  ,$22.14
268,268 image.jpg,Women's Adjustable Spaghetti Strap Cropped Cami Tank  ,$13.72
269,269 image.jpg,Basics Multi-Pocket Ultra Comfort & Lightweight Katie Scrub Top for Women  ,$36.80
270,270 image.jpg,Women's Tops Puff Sleeve Loose Fit Casual Blouse Ladies Lace Trim V-Neck Long Sleeve T-Shirt  ,$33.98
271,271 image.jpg,Plus Size Shirts for Women Long Sleeve Tops Floral/Leopard/Tie Dye/Star/Solid Color/Plaid/Camo (XL-5XL)  ,$39.99
272,272 image.jpg,Plus Size Tops for Women Short/Long Sleeve V Neck Button Up Shirt Waffle Knit Tie Front Tunic Blouse  ,$28.99
273,273 image.jpg,Women’s Summer Top Deep V Neck Short Sleeve Blouse Casual Lace Shirt Polka Dot Tunic  ,$22.99
274,274 image.jpg,Women's Wool Button Down Sweaters Casual Long Sleeve Crew Neck Ruffle Pullover Sweater Striped Jumper Tops  ,$41.19
275,275 image.jpg,Women's Square Neck Long Sleeve Ribbed Slim Fitted Casual Basic Crop Top  ,$33.37
276,276 image.jpg,Long Sleeve Tunic Tops for Women Womens Tops Hide Belly Tunic Summer Long Tunics Or Tops to Wear with Leggings  ,$37.95
277,277 image.jpg,Women's V Neck Chiffon Blouse Solid Color Shirts Lantern Long Sleeve Shirts Casual Workwear Tunics Fall Tops  ,$35.99
278,278 image.jpg,Women's Pima Cotton Workout Short Sleeve Shirts Loose Crop Tops Athletic Gym Shirt Casual Cropped T-Shirt  ,$28.00
279,279 image.jpg,Summer Tops for Women Casual Short Sleeve T Shirts Lace Crochet Eyelet Blouse Sexy V Neck Tunic Tops Plus Size  ,$16.75
280,280 image.jpg,Women's UPF 50+ UV Sun Protection Long Sleeve Shirts Quick Dry Shirt Outdoor Hiking Workout Rash Guards Tops  ,$28.98
281,281 image.jpg,Women's Cotton Basic Sleeveless Racerback Sports Crop Tank Top  ,$30.98
282,282 image.jpg,Womens Short Sleeve Crewneck Shirts Loose Casual Tee T-Shirt Tops  ,$25.98
283,283 image.jpg,Women's Elegant Crop Cardigan Sheer Floral Lace Bolero Shrug Top  ,$32.99
284,284 image.jpg,Women's Summer Boho Floral Printed Spaghetti Strap Tank Top  ,$49.56
285,285 image.jpg,Womens Tshirts Loose Fit Crew Neck Ruffle Long Sleeve Spring & Fall Casual Tunic Tops S-XXL  ,$36.99
286,286 image.jpg,Womens Oversized Hoodie Extra Long Hooded Tunic Sweatshirt with Pockets  ,$45.99
287,287 image.jpg,Women's Button Front Slim Fit Cow Print Long Sleeve Crop Top T-Shirt  ,$35.41
288,288 image.jpg,Plus Size Tops for Womens Summer Clothes Short Sleeve Shirts Casual V Neck Tunic Asymmetrical Blouses  ,$33.99
289,289 image.jpg,Womens Short Sleeve V-Neck Sleep  ,$41.12
290,290 image.jpg,Womens EcoSmart Full-Zip Hoodie Sweatshirt  ,$32.11
291,291 image.jpg,Women's 2 Piece Knit Outfits Solid Pullover Ribbed Sweater Turtleneck Tops and Hip Wrap Dress Slim Soft Loungwear Suit  ,$64.99
292,292 image.jpg,Womens Summer Fall Clothing Crewneck Tunic Tops Casual Long Sleeve Loose Sweatshirt with Pocket  ,$24.00
293,293 image.jpg,Womens Essentials Logo Relaxed Fit Hoodie  ,$89.58
294,294 image.jpg,Womens Slim Fit Half Sleeve Square Neck T-Shirt  ,$20.00
295,295 image.jpg,Women's Long Sleeve Deep V Sexy Neck Tie Crop Top Plunging Neckline Tie Front Crop Top Casual Sexy Going Out Tops  ,$37.39
296,296 image.jpg,Women's Casual Lightweight V Neck Batwing Long Sleeve Knit Top Loose Pullover Sweater  ,$22.99
297,297 image.jpg,Women Casual Loose Lace Sleeveless Chiffon V Neck T-Shirt Tunic Blouse Tank Tops S-2XL  ,$22.94
298,298 image.jpg,Women's Waterproof Rain Jacket Lightweight Hooded Windbreaker Packable Active Outdoor Raincoat S-XXXL  ,$42.99
299,299 image.jpg,Women's V Neck Short Sleeve Bodysuit Jumpsuit Tops  ,$35.45
300,300 image.jpg,Women's Jacquard Pom Tank Top Casual Sleeveless Button V Neck Summer Tank Tops Blouse S-XXL  ,$35.99
301,301 image.jpg,Womens Loose V Neck Cold Shoulder Sleeves Knitted Sweater Top Blouse  ,$36.00
302,302 image.jpg,Womens Summer Sleeveless Tank Tops V Neck Casual Button Shirts Swiss Dot Blouses  ,$25.99
303,303 image.jpg,Women Boho Round Neck Floral Chiffon Casual Loose Short Ruffle Sleeve Blouse Shirts S-XXL  ,$36.99
304,304 image.jpg,Women Casual Sexy 80s Costumes Concert Fishnet Neon Crop Hoodies T-Shirt  ,$31.99
305,305 image.jpg,Womens Casual V Neck Shirts Cuffed Sleeves Chiffon Blouses Loose Solid Henley Work Tops  ,$31.99
306,306 image.jpg,Women's Tunics Plus Size Tops for Leggings 3/4 Sleeve Shirts Flattering Basic Tee Loose Clothing  ,$33.99
307,307 image.jpg,Women Sexy Sparkle Shimmer Camisole Sequin All Cover Cami Tops  ,$39.99
308,308 image.jpg,Women's Lightweight Stretchy Workout Full Zip Running Track Jacket with Thumb Holes  ,$25.99
309,309 image.jpg,Women's Silky Long Sleeve Tee  ,$24.06
310,310 image.jpg,Womens Casual T-Shirts Short Sleeves Ruffle Front Solid Color Blouse Tunic Tops  ,$32.99
311,311 image.jpg,Women Sparkle Rhinestone Crop Tank Top Deep V Neck Body Chain Halter Cami Shirt for Club Party Rave  ,$72.51
312,312 image.jpg,Women's Satin Chain Halter Neck Shirred Back Draped Crop Cami Top  ,$30.40
313,313 image.jpg,Womens UPF50+ Long Sleeve UV Sun Protection Shirts Quick Dry Rash Guard  ,$30.98
314,314 image.jpg,Women Summer Sleeveless Floral Tunic Tank Tops Swing Blouse Shirts  ,$31.99
315,315 image.jpg,Tank Tops for Women Plus Size Sleevelss Tunic Casual Summer Clothes Swing Shirts for Leggings  ,$31.99
316,316 image.jpg,Women's Golf Shirts Quick Dry Polo Short Sleeve Lightweight Moisture Wicking Top 4-Button  ,$31.99
