ID,Image,Title,Price
1,1 image.jpg,Tank Tops for Women Crop Ribbed Basic Sexy Cleavage Summer Sleeveless Plus Button-Down Shirts Women Tops  ,$24.99
2,2 image.jpg,Womens 2022 T Shirts Petal Sleeve V Neck Casual Tees Summer Basic Tops  ,$28.89
3,3 image.jpg,Plus Size Tops for Women Lace Blouse Waffle Knit Long/Short Sleeve Shirts  ,$29.99
4,4 image.jpg,Womens Tank Tops V Neck Henley Shirts Swing Flowy Button up Casual Loose Blouses Summer Top S-XXL  ,$33.99
5,5 image.jpg,Womens Summer Off The Shoulder Tops Casual Sexy Short Sleeve Front Twist Knot T Shirts Dolman Blouses  ,$28.99
6,6 image.jpg,"Crop Top for Women, Summer Tops, Womens Tops, Cotton, Scoop Neck, Short Sleeve Plus Size Tops Women Girls  ",$20.99
7,7 image.jpg,Women Tank Tops Round Neck Sleeveless Cami Shirt Slim Solid Ribbed Tank Top  ,$20.39
8,8 image.jpg,Womens Bell Sleeve Tops Cold Shoulder Tie Knot Striped Shirts Blouses  ,$32.99
9,9 image.jpg,Fishnet Crop Top Womens Short Sleeve Tops Cosplay Shirt See Through Blouse Party  ,$20.99
10,10 image.jpg,Women's Pullover Sweater Cute Puff Short Sleeve Tops Pullover Shirt Lightweight Knit Sweater Blouse  ,$28.79
11,11 image.jpg,Womens Tank Tops Pleated V Neck Sleeveless Summer Shirts Loose Casual Tank Tops Blouse S-XXL  ,$33.99
12,12 image.jpg,Women's Casual Long Sleeves Cotton Workout T-Shirt Sports Boat Neck Top  ,$36.00
13,13 image.jpg,Sexy Bralette for Women Lace Camisoles Crop Top Double Layered Underwear(S-XXXL)  ,$18.99
14,14 image.jpg,Women's Classic-Fit Long-Sleeve Crewneck T-Shirt (Available in Plus Size)  ,$14.70
15,15 image.jpg,Women's Satin Button Down Shirt V Neck Long Sleeve Casual Work Blouse Tops with Pocket  ,$34.99
16,16 image.jpg,Workout Tank Tops for Women Racerback Yoga Tops Quick Dry ​Activewear Tanks  ,$36.99
17,17 image.jpg,Womens Dress Shirts Regular Fit Long Sleeve Stretch Work Shirt  ,$34.99
18,18 image.jpg,Racerback Tank Tops for Women Workout Yoga Tanks Cami with Scoop Neck Activewear Undershirts 3-4 Pack  ,$36.99
19,19 image.jpg,Essential Solid Open Front Long Knited Cardigan Sweater for Women  ,$39.99
20,20 image.jpg,Women's Square Neck Short Sleeve Long Sleeve Tops Bodysuit Jumpsuit  ,$38.16
21,21 image.jpg,Women Tunic Tops Tees Loose Casual Summer Ladies T-Shirts  ,$29.99
22,22 image.jpg,Tops for Women Short Sleeve Blouses Loose Fit V Neck Tunic  ,$32.99
23,23 image.jpg,Womens Short Sleeve T-Shirt Ruched Irregular Hem Slim Fit Stretch Summer Tops S-XXL  ,$35.99
24,24 image.jpg,Womens T Shirts Short Sleeve Color Block Casual Tops Loose Casual Summer Tees， S-2XL  ,$34.99
25,25 image.jpg,Essential Solid Open Front Maxi Long Knitted Cardigan Sweater for Women  ,$33.99
26,26 image.jpg,Women's Halter Neck Sleeveless Sexy Tank Tops/Crew Neck Long Sleeve Bodysuit  ,$30.58
27,27 image.jpg,Women's Racerback Tank Tops Loose fit Workout Shirt Gym Sport Yoga Active  ,$18.97
28,28 image.jpg,Women's Summer Round Neck Sleeveless Blouse Loose Casual Flowy Chiffon Tank Tops for Women  ,$28.99
29,29 image.jpg,Women's X-Temp V-Neck Tee  ,$17.07
30,30 image.jpg,Womens Summer Hollowed Out Shoulder 3/4 Sleeve Tops Loose Fit Shirts  ,$29.99
31,31 image.jpg,Women's Scrubs Bravo 5 Pocket V-Neck Top  ,$20.00
32,32 image.jpg,Womens Workwear Core Stretch Mock Wrap Scrubs Shirt  ,$25.40
33,33 image.jpg,Womens V-Neck Top  ,$24.06
34,34 image.jpg,Women's Turtleneck Bodysuit Sheer Mesh Shirt Tops Stretchy Mesh Fitted Shirt Top  ,$23.99
35,35 image.jpg,Women's Summer Short Sleeve Mock Neck Casual Blouse Tops  ,$28.33
36,36 image.jpg,Lace Bodysuit Snap Crotch Lingerie for Women Deep V Lingerie Bodysuit  ,$29.99
37,37 image.jpg,Womens Henley Tank Top Scoop Neck Sleeveless Tunic Shirts Soft Button Down Summer Top  ,$23.99
38,38 image.jpg,Women's Fishnet Long Sleeve Cami Top  ,$14.24
39,39 image.jpg,Womens 2-Pack Classic Fit 100% Cotton Sleeveless Tank Top  ,$21.60
40,40 image.jpg,Womens Liga Training 1/4 Zip Top  ,$79.76
41,41 image.jpg,"Womens Casual V Neck Short Sleeve Criss Cross T-Shirt Blouse Tops, S-2XL  ",$33.99
42,42 image.jpg,Womens 3/4 Bell Sleeve Fashion V Neck Lace Patchwork Blouse Casual Loose Shirt Tops  ,$31.99
43,43 image.jpg,Womens 2-Pack Slim-Fit Tank  ,$18.70
44,44 image.jpg,Women's Puff Sleeve Casual Solid Top Pullover Keyhole Back Blouse  ,$32.27
45,45 image.jpg,Womens Long Sleeve T Shirts Henley Fall Cotton Plus Size Tunic Tops  ,$31.99
46,46 image.jpg,Womens Racerback Tank Tops Loose Fit Causal Summer U Neck  ,$38.21
47,47 image.jpg,Women's Elegant Notch V Neck Sleeveless Blouse Guipure Lace Work Office Solid Top  ,$36.86
48,48 image.jpg,Women's V Neck Lace Trim Casual Tank Tops Sleeveless Chiffon Blouses Shirts  ,$28.99
49,49 image.jpg,Women's Long Sleeve Button Down Lotus Ruffled Work Shirt Chiffon Blouse Tops  ,$49.85
50,50 image.jpg,"Women's 3 Pack Long Sleeve Workout Running Shirts, UPF 50+ Sun Protection Shirts, Athletic Exercise Gym Yoga T-Shirts  ",$39.99
51,51 image.jpg,Womens Dress Shirts Wrinkle Free Regular Fit Long Sleeve Stretch Bamboo Work Shirt  ,$35.99
52,52 image.jpg,Womens Originals V-Neck Top  ,$24.06
53,53 image.jpg,Womens Casual Long Sleeve Zipped V Neck Plaid Tunic Blouses  ,$37.99
54,54 image.jpg,Women's Surplice Ruched Plunge Neck Deep-V Long Sleeve Blouse T Shirts Tops  ,$30.58
55,55 image.jpg,"Women's Tops Short Sleeve Lace Trim Crew Neck Tunic Blouse, S-2XL  ",$28.89
56,56 image.jpg,Womens Satin Silk Button Down Shirts V Neck Long Sleeve Office Blouses Business Casual Tops  ,$34.99
57,57 image.jpg,Tank Tops for Women Cami Sleeveless Loose Fitted Tshirt Front Twist Tunic Tops Casual  ,$27.99
58,58 image.jpg,Women's Long Sleeve Tops Ruffle Collar Casual Elegant Blouse Shirts Daily Loose Fit  ,$29.99
59,59 image.jpg,Womens Tops V Neck Soft Henley Shirts Floral Flowy Button up Casual Loose Blouses Summer Tank Top S-XXL  ,$33.99
60,60 image.jpg,Sweatshirt for Women Casual Long Sleeve O Neck Pullover Shirts Loose Fit Womens Clothing Tops for Leggings  ,$34.99
61,61 image.jpg,Women's Sheer Fishnet Top Sexy Short Sleeves Net T Shirts Crop Top XS-XXL  ,$21.58
62,62 image.jpg,Silk Camisole Tops for Women Cowl Neck Camis Satin Tank Top Sexy Spaghetti Strap Sleeveless Loose Blouse  ,$23.99
63,63 image.jpg,Off The Shoulder Tops for Women Summer Short Sleeve Blouses Sexy Zipper V Neck T Shirts Solid Color Tunic Tops  ,$11.77
64,64 image.jpg,Womens Camisole with Shelf Bra Cotton Undershirts Adjustable Strap Camis Spaghetti Strap Tank Top 3 Pack  ,$37.99
65,65 image.jpg,Workout Tank Tops for Women Gym Exercise Athletic Loose fit Yoga Tops Mesh Racerback Sports Shirts  ,$26.99
66,66 image.jpg,Women Lace Patchwork Ruffle Trim T-Shirt Square Neck Short Sleeve Slim Fit Harajuku Gothic Grunge Tee Top  ,$35.87
67,67 image.jpg,Womens Plus-Size 3/4 Sleeve Peasant Elastic-Hem Keyhole-tie Top  ,$37.87
68,68 image.jpg,3 Pieces Women's Seamless Ribbed Crop Tank Top Crew Neck Basic Solid Color Vest Tops  ,$37.99
69,69 image.jpg,Women's Pima Cotton Short Sleeve Shirt Loose Workout T-Shirt Athletic Casual Top  ,$31.00
70,70 image.jpg,Women's Elegant Round Neck Rolled Short Sleeve Satin Silk Blouse Tops  ,$29.88
71,71 image.jpg,Ribbed Halter Crop Top Ruched Lace-up Cropped Cami Bandana Top Stitching Cropped Tank Top  ,$31.99
72,72 image.jpg,Womens Tank Tops Casual Fashion V Neck Strappy Sequin Sparkle Shimmer Camisole Sleeveless Tanks Tops  ,$49.40
73,73 image.jpg,Women Vintage Long Sleeve Ruffle Blouse Sweetheart Neck Peplum Shirt Blouse Tops  ,$38.99
74,74 image.jpg,"Women's V Neck Tops Dressy Casual Fall Long Sleeve Chiffon Blouses for Women, Balloon Sleeve Tops Shirts Loose Floral Print Bohemian Blouse(Wine Red-XL)  ",$32.99
75,75 image.jpg,Women T Shirts Batwing Long Sleeve Irregular Sweatshirt Blouse Casual Oversized Tops  ,$29.99
76,76 image.jpg,Womens Plus Size Polka Dots Knot Front Deep V Neck Short Sleeve Blouse Tops  ,$29.27
77,77 image.jpg,2023 Women's Tops Short Sleeve/Long Sleeve Lace Trim O-Neck A Line Tunic Blouse  ,$25.99
78,78 image.jpg,Amilia Women's Basic Solid Cami Spaghetti Double Layer Crop Tank Top  ,$33.99
79,79 image.jpg,Women's Long Sleeve Front Bow Tie Ruffle Collar Elegant Blouse Shirt Tops  ,$39.54
80,80 image.jpg,Women's Vest - Stand Collar Lightweight Zip Quilted Vest for Women  ,$30.99
81,81 image.jpg,womens Christy Cowl Neck Cami Silky Stretch Top  ,$54.00
82,82 image.jpg,Women's Casual Hoodies Tops Long Sleeve Drawstring Pullover Sweatshirts Tops with Pocket  ,$31.99
83,83 image.jpg,Women's Sexy Paisley/Tie Dye Bandana Tube Crop Top Shirt- Made in USA  ,$26.61
84,84 image.jpg,Women's Split Half Sleeve Zipper Belted Knot Drap Casual Slim Fit Blouse Top  ,$38.58
85,85 image.jpg,Crop Top Mesh Long Sleeve Shirts for Women Casual Blouse Deep V Neck Unique Slim Fit Cross Wrap Shirts  ,$23.99
86,86 image.jpg,Womens Summer T Shirts Loose Fit Cap Sleeve Side Split Summer Tops with Pocket S-XXL  ,$34.99
87,87 image.jpg,Women Elegant Ruffle Trim Butterfly Sleeve Blouse Round Neck Work Shirt Top  ,$39.55
88,88 image.jpg,Women's Casual Boho Floral Printed V Neck Tops Drawstring Short Long Sleeve T Shirt Blouses  ,$31.99
89,89 image.jpg,Women's Sexy Striped Off Shoulder Long Sleeve Shirt Ruffle Trim Blouses Top  ,$39.54
90,90 image.jpg,Womens Mock Wrap Top  ,$35.53
91,91 image.jpg,Women's Sequin Sparkle Halter Tank Tops Keyhole Knot Neck Slim Fit Cocktail Top  ,$39.99
92,92 image.jpg,Womens Loose 3/4 Sleeve Short Pants Casual Drawstring Jumpsuit Rompers  ,$31.65
93,93 image.jpg,Women's Summer Shirts Ruffle Casual Blouse Tunic Tops Short Sleeve Sleeveless Tops  ,$30.99
94,94 image.jpg,Summer Tops Women Tank Tops for Women Ribbed/Waffle Women Tops Basic Sexy Cleavage Summer Sleeveless Tops  ,$19.99
95,95 image.jpg,Basic Tank Tops for Women Undershirts Tank Tops with Scoop Neck cami Yoga Shirts 3-4 Pack  ,$36.99
96,96 image.jpg,Women's Classy Square Neck Puff Long Sleeve Ribbed Slim Fit Thong Bodysuit Tops  ,$31.81
97,97 image.jpg,Sweatshirts for Women Casual Long Sleeve Round Neck Shirts Tunic Tops for Leggings  ,$35.89
98,98 image.jpg,Women Mock Neck Puff Sleeve Ditsy Floral Print Blouse Shirred Front Work Top  ,$28.54
99,99 image.jpg,Women's Casual Hoodies Button Down Sweatshirts V Neck Fall Winter Tops  ,$42.99
100,100 image.jpg,Women's Mock Turtle Neck Slim Fit Long Sleeve T Shirt Tunic Tops Tee  ,$32.78
101,101 image.jpg,Women's Long Sleeve Casual Drawstring Pullover Sweatshirts Hoodies Coats  ,$38.99
102,102 image.jpg,Women's Plus-Size Bella Easy Care 3/4 Sleeve Woven Shirt  ,$32.10
103,103 image.jpg,Women's Summer Tops Criss Cross Split Front Loose Tshirt Casual Short Sleeve Blouse Tee Shirts S-XXL  ,$35.99
104,104 image.jpg,Womens Ruffle Tassel Sweater Long Sleeve Crewneck Casual Pullover Jumper Knit Sweaters Tops  ,$39.74
105,105 image.jpg,Womens Casual Boho Floral Print V Neck Long Puff Sleeve Loose Fit Blouses Dressy Shirts Tops  ,$45.99
106,106 image.jpg,Women's Floral Tie Front Blouse Short Sleeve Ruffle V Neck Crop Top  ,$36.50
107,107 image.jpg,Womens Women's Short/Slit Sleeve Keyhole-tie Peasant Top Bubble Hem  ,$36.66
108,108 image.jpg,Womens Loungewear Family Fairisle Long Sleeve Top  ,$80.46
109,109 image.jpg,Women's Adjustable Drawstring String Long Bell Sleeve Rib Knit Sexy Crop Top  ,$32.99
110,110 image.jpg,Womens Ulti-Dry High Neck Workout Tank Tops - Racerback Padded Yoga Athletic Slim Fit Camisole with Built in Bra  ,$34.99
111,111 image.jpg,Pima Cotton Long Sleeve Shirts for Women Workout Crop Tops Loose Cropped Sweatshirts Athletic Gym Shirts  ,$38.18
112,112 image.jpg,Women's Solid Puff Sleeve Crew Neck Casual T Shirt Top  ,$39.36
113,113 image.jpg,Christmas Women Sequin Tank Tops Sparkly Sequin Camisole Tops Glitter Sequined Vest Christmas Party  ,$22.36
114,114 image.jpg,Women's Open Front Long Sleeve Sheer Mesh See Through Crop Top  ,$36.67
115,115 image.jpg,"Women's Long Sleeve Front Bow Tie Ruffle Collar Elegant Blouse Shirt Tops, Red, X-Small  ",$26.00
116,116 image.jpg,Women Golf Polo Shirts Zipper Moisture Wicking Tennis Shirt Short Sleeve Slim Fit Sport Active Tops S-XXL  ,$32.99
117,117 image.jpg,Womens EDS Signature V-Neck Top with Multiple Patch Pockets  ,$24.06
118,118 image.jpg,Women Sweater Dress Rib Knit Turtleneck Oversized Long Sleeve Bodycon Split Hem Solid Loose Casual Mini Dress  ,$48.99
119,119 image.jpg,Sweaters for Women Oversized Long Sleeve Turtleneck Solid Casual Cozy Pullover Knitted Jumper Tops  ,$45.99
120,120 image.jpg,Women's Long Sleeve Lace Tops Sheer Turtleneck Vintage Blouses Shirts  ,$34.99
121,121 image.jpg,Women's Round Neck Long Sleeve Tops Side Split Loose Casual Knit Pullover Sweater Blouse  ,$39.99
122,122 image.jpg,Ladies Casual Short Sleeve Top T-Shirt Tunic  ,$30.49
123,123 image.jpg,Womens Ruched Cowl Neck Tank Tops Sleeveless Stretch Blouse with Side Shirring  ,$28.99
124,124 image.jpg,Women's Elegant Sweetheart Neck Lantern Long Sleeve Solid Crop Top Blouse  ,$46.41
125,125 image.jpg,Womens Loose Henley Blouse Bat Wing Long Sleeve Button Down T Shirts Tie Front Knot Tops  ,$29.99
126,126 image.jpg,Women's Slim Fit Deep V Neck Sleeveless Crop Tank Top  ,$34.57
127,127 image.jpg,Women's Pima Cotton Workout Tank Crop Sports Shirt Sleeveless Yoga Running Tops  ,$28.00
128,128 image.jpg,Women's Sexy One Shoulder Sleeveless Ribbed Crop Top  ,$29.57
129,129 image.jpg,Womens Plus Size Tunic 3/4 Sleeve Loose Fit T Shirt Casual Blouse Flowy Tunics for Leggings  ,$29.99
130,130 image.jpg,Ribbed Workout Sets Women 2 Pieces Seamless One Shoulder Outfits Gym Clothes Yoga Activewear Tracksuits  ,$35.99
131,131 image.jpg,Women's Ribbed Knit Sleeveless Round Neck Slim Fitted Basic Crop Tank Top  ,$27.01
132,132 image.jpg,Women's Round Neck Sleeveless T Shirt Tank Top Bodysuits Jumpsuits  ,$30.51
133,133 image.jpg,Womens Short Sleeve Chiffon Shirt Tops Flutter Loose Casual Blouse  ,$28.50
134,134 image.jpg,Women's Sleeveless Strappy Ribbed Knit Basic Plain Crop Tank Top  ,$24.81
135,135 image.jpg,Womens Classic Mickey Modern Vintage Minnie Women's Racerback Tank Top  ,$48.06
136,136 image.jpg,Womens Satin Shirt Off Shoulder Silk Office Work Blouse Long Sleeve Casual Tunic Tops  ,$30.99
137,137 image.jpg,Women Classic Quilted Lightweight Flight Bomber Jacket Ribbed Trim Lined Biker Jacket  ,$32.99
138,138 image.jpg,Women's Mesh Crop Top Short/Long Sleeve See Through Shirt Sexy Sheer Cropped Tee  ,$19.99
139,139 image.jpg,Women's Drop Shoulders Long Sleeve Sweatshirt Casual Winter Tops Crew Neck Tunic Sweatshirts with Side Slits S-3XL  ,$36.99
140,140 image.jpg,Women's Sexy Tunic Casual Tops Off Shoulder Long Sleeve Blouse Shirts S-XXL  ,$19.99
141,141 image.jpg,Women's Mock Neck Satin Silk Short Sleeve Shirt Tie Back Work Blouse Casual Top  ,$37.75
142,142 image.jpg,Womens Summer Casual Tank Tops Loose Fit Cotton Ladies Tunic Sleeveless T Shirts for Women  ,$26.99
143,143 image.jpg,Women's Shiny Metallic Faux Leather Slim Fit Crop Tank Tops Zipper Crop Camis  ,$17.35
144,144 image.jpg,Womens Casual  ,$30.16
145,145 image.jpg,Women Summer Casual Sleeveless Tank Tops Crew Neck Graphic Basic Black Shirts  ,$39.99
146,146 image.jpg,Women's Elegant Pearl Embellished Puff Short Sleeve Embroidered Blouse Tops  ,$31.34
147,147 image.jpg,Women Workout Sets 2 Pieces Seamless Tank Crop Tops Leggings Exercise Outfits Tracksuit  ,$42.99
148,148 image.jpg,Women's Long Sleeve V Neck Ruffle Blouse Off Shoulder Tie Waist Wrap Tops  ,$59.38
149,149 image.jpg,Women's Sheer Dobby Mesh Puff Sleeve Square Neck Top  ,$34.12
150,150 image.jpg,Womens Sweater Tops Sweetheart Neck Ribbed Bustier Corset Knit Long Sleeve Pullover Sweater Top  ,$39.99
151,151 image.jpg,Women's Solid Long Sleeve Round Neck Crop T Shirt Top  ,$21.54
152,152 image.jpg,Tank Tops for Women Halter Dressy Casual Chiffon Flowy Shirts Double Layer Pleated Floral Printed Top Sleeveless Blouse  ,$24.99
153,153 image.jpg,Women 3/4 Roll Sleeve Shirts Notch V Neck Flowy Plaid Tunic Blouses  ,$36.99
154,154 image.jpg,Women's Tunic Tops Shirts Botton Up Casual Round Neck Blouses Clothes for Leggings  ,$32.99
155,155 image.jpg,Tops for Women Basic V-Neck T-Shirt Petal Sleeve Elegant Casual Tunic Tops  ,$33.99
156,156 image.jpg,Women Plus Size Summer Casual V-Neck T-Shirts Loose Sleeveless Tops Tunic Blouse  ,$32.99
157,157 image.jpg,Womens Summer Tops Double Ruffle Short Sleeve V Neck T-Shirts Casual Loose Fit Tops S-XXL  ,$34.99
158,158 image.jpg,Basic Tank Tops for Women Undershirt Tanks Tops Lightweight Camis Tank Tops 4 Pack  ,$36.99
159,159 image.jpg,Womens 3/4 Sleeve Peasant Elastic-Hem Keyhole-tie Top  ,$36.02
160,160 image.jpg,"Swimsuit Cover Ups, Women's Bathing Suit Coverups Dress Bikini Beach Tunic Top  ",$30.99
161,161 image.jpg,Women's Plus Size Tops Multi Colorblock Long Sleeve Stripe Casual Tunic Blouse Shirt XL-5XL  ,$31.65
162,162 image.jpg,Women's Button Down Shirts Casual Long Sleeve Business Work Blouse Tops V Neck  ,$28.04
163,163 image.jpg,Womens Super Comfy Boat Neck Dolman Top Shirt  ,$18.58
164,164 image.jpg,Women's 2 Piece Outfits Crop Tank Top Twist Front Split Bodycon Maxi Skirt Sets  ,$34.98
165,165 image.jpg,Women's Long Sleeve Mock Neck Angel Print Sexy Sheer Mesh Crop Top  ,$31.15
166,166 image.jpg,Womens Petite 3/4 Sleeve Peasant Elastic-Hem Keyhole-tie Top  ,$38.60
167,167 image.jpg,Women's Long Sleeve Round Neck High Low Asymmetrical Irregular Hem Casual Tops Blouse Shirt Dress  ,$27.66
168,168 image.jpg,Women's Elegant Polka Dots Print Cap Sleeve Keyhole Back Work Blouse Top  ,$36.81
169,169 image.jpg,Women’s Solid Color Two Piece Outfit Long Sleeve Crewneck Pullover Tops And Long Pants Sweatsuits  ,$43.99
170,170 image.jpg,Womens Easy Comfort V-Neck Supersoft Stretch Cotton T-Shirt  ,$26.75
171,171 image.jpg,Womens 3/4 Sleeve Blouse Loose Strappy Cold Shoulder Tops  ,$31.99
172,172 image.jpg,Women's Polka Dots 3/4 Sleeve Casual Button Front Blouse Top  ,$28.99
173,173 image.jpg,womens Valerie Cutaway Neck Racerback Rib Knit Tank Top  ,$24.90
174,174 image.jpg,Women's Basic V Neck Stretchy Slim Fit Knit Crop Tank Top  ,$23.11
175,175 image.jpg,Women's Contrast Binding Short Sleeve Slim Fitted Ringer Crop Tee Top  ,$30.01
176,176 image.jpg,Womens Loose Zip Up Deep V Neck Short Sleeve Tops Tunic Casual Shirts Blouse  ,$29.99
177,177 image.jpg,Women's Round Neck Short Sleeve Casual Tie Dye Crop Top T-Shirt  ,$19.16
178,178 image.jpg,Women's Casual Sweet & Cute Loose Shirts Balloon Sleeve V-Neck Blouses Tops  ,$32.99
179,179 image.jpg,Women Sheer Long Sleeve Blouse Sexy Mesh Tights Tops Ladies See Through Bodycon Shirts Crew Neck Elegant Clubwears  ,$7.99
180,180 image.jpg,Fall Long Sleeve Shirt for Women Love Heart Graphic Valentines Sweatshirt Tops Casual Crewneck Pullover Blouse  ,$20.99
181,181 image.jpg,Blouses for Women Puff Long Sleeve Square Neck Shirts Off The Shoulder Floral Ladies Tops and Blouses  ,$36.99
182,182 image.jpg,Adar Pro Scrubs for Women - Elevated V-Neck Scrub Top  ,$46.49
183,183 image.jpg,Women's 3/4 Sleeve V-Neck Button Down Cherries Embroidery Cropped Cardigan Sweater Coat  ,$40.99
184,184 image.jpg,Womens Summer Sleeveless Chiffon Tank Tops Blouse Loose Casual V Neck Blouses Shirt  ,$30.99
185,185 image.jpg,Women's Long Sleeve Spandex Diamond Net Cami  ,$31.43
186,186 image.jpg,Womens Butterluxe V Neck Workout Tank Top - with Built in Shelf Bra Slimming Tummy Control Camisole Tank Tops  ,$57.52
187,187 image.jpg,Basic Cami Tank Tops for Women Undershirts Camisole with Adjustable Spaghetti Strap Tanks Camis 4 Pack  ,$35.99
188,188 image.jpg,Women Tops Short Sleeve T-Shirt Summer Tees Cotton Shirts V-Neck Zipper  ,$23.99
189,189 image.jpg,Women's Turtleneck Mock neck Long Sleeve Slim Fit Casual Bodysuit Jumpsuit  ,$27.96
190,190 image.jpg,Summer Casual Loose Round Neck Chiffon Flowy Tops Blouses for Women  ,$26.34
191,191 image.jpg,Women's Mock-Neck Graphic Print Long Sleeve T Shirt Basic Blouse Tops  ,$45.50
192,192 image.jpg,Women's Summer Tank Tops Trendy Vintage Print V Neck Sleeveless Sexy Vest Shirts Casual Loose Plus Size Blouse  ,$13.42
193,193 image.jpg,Women's Elegant Lace Neck Short Sleeve Casual Chiffon Blouse Top  ,$27.13
194,194 image.jpg,Women's Satin Chain Crop Top Sleeveless Bustier Corset Party Clubwear Cami Tank Tops  ,$31.94
195,195 image.jpg,Women's Knit Tunic Long Sleeve V-Neck Loose Casual Pullover T-Shirt Tops S-XXL  ,$19.99
196,196 image.jpg,Womens Off The Shoulder Tops Long Sleeve Pullover Slouchy Baggy Sweatshirt Pullover Sweater  ,$39.99
197,197 image.jpg,Women's Colorblock Button Up Shirt Collared Long Sleeve Blouse Top  ,$46.94
198,198 image.jpg,Women's Cute Knot Front Solid Ribbed Tee Crop Top T-Shirt  ,$31.19
199,199 image.jpg,Fashion Women Tops Casual Basic Asymmetric Geometry Color Block Long Sleeve Plus Size Crewneck Loose Blouse Shirts  ,$10.36
200,200 image.jpg,Naked Feeling Cross Waist 2 Piece Outfit Workout Sets for Women Scrunched Shorts Short Sleeve Crop Top Gym Clothes  ,$48.58
201,201 image.jpg,Women's Camisole Bra Top  ,$26.07
202,202 image.jpg,Women Camisole with Shelf Bra Cotton Tank Top Adjustable Spaghetti Strap Undershirt Tank 3 Pack  ,$37.99
203,203 image.jpg,Women 3/4 Sleeve Solid Color Cardigans Open Front Soft Cardigans Casual Shirt Blouses Tops S-XXL  ,$36.99
204,204 image.jpg,Women's Short Sleeve V Neck Tops Casual Tunic Blouse Loose Shirt  ,$32.99
205,205 image.jpg,Womens Tank Tops Pleated V Neck Sleeveless Summer Shirts Loose Casual Tunic Blouses S-3XL  ,$33.99
206,206 image.jpg,Women's Halter Wrap Crop Top Sexy Crisscross Cut Out Vest Sleeveless Solid Cami Tank Tops  ,$24.99
207,207 image.jpg,Womens Pajama Sets 2 Piece Outfits Lounge Crewneck Long Sleeve Sweatsuits  ,$58.65
208,208 image.jpg,Women's Plus Size Tops Short Sleeve Criss Cross V Neck T-Shirt  ,$31.70
209,209 image.jpg,Womens Long Sleeve Mama Graphic Shirts Casual Crewneck Sweatshirt Loose Pullover Tops  ,$65.58
210,210 image.jpg,Women's Long Sleeve V Neck Tie Knot Bandage Wrap Blouse Crop Top  ,$54.09
211,211 image.jpg,Women's Elegant Asymmetrical Twist Front Off Shoulder Top Plain High Low Blouse  ,$38.03
212,212 image.jpg,Women Summer Soft Scoop Neck Short Sleeve Loose Tops  ,$34.47
213,213 image.jpg,Women's Lantern Long Sleeve Blouse Retro Slim Fit Sweetheart Neckline Shirt Tops Vintage  ,$33.99
214,214 image.jpg,Womens 2-Pack 100% Cotton Relaxed-fit Short-Sleeve V-Neck T-Shirt  ,$23.70
215,215 image.jpg,Women's Sleeveless Hooded Tank Top Pocket Front Workout Shirt  ,$31.78
216,216 image.jpg,Women's Ruched V Neck Sleeveless Blouse  ,$33.07
217,217 image.jpg,Women's Short Sleeve Summer t Shirts Fashion Print Shirts Casual Tops Tees  ,$19.99
218,218 image.jpg,Womens Casual Scoop Neck Loose Top 3/4 Sleeve Chiffon Blouse Shirt Tops  ,$31.99
219,219 image.jpg,Womens Summer Tank Top Lace Trim Pleated V Neck Sleeveless Flowy Cami Tank Shirt S-XXL  ,$34.99
220,220 image.jpg,Women's Casual Elegant 3/4 Lace Sleeve Round Neck Solid Color Summer Loose Fit T Shirts Tops Blouses  ,$25.99
221,221 image.jpg,Women's Sun Strapless Tube Short Dress Summer Dresses Casual Mini Beach Cover Up  ,$30.41
222,222 image.jpg,Women's Floral Smocked Peplum Crop Top Ruffle Boho Tie Front Sleeveless V Neck Shirred Cami  ,$36.79
223,223 image.jpg,Womens Cap Sleeve Blouse Loose Casual Tops Satin High Cowl Neck Shirts  ,$36.82
224,224 image.jpg,Women's Casual Button Down Long Sleeve Blouse Printed Shirts Tops  ,$36.29
225,225 image.jpg,Women's Long Sleeve V Neck Basic Crop Top T Shirts  ,$27.16
226,226 image.jpg,Women's Cotton Blend Loose Long Sleeve Plaid Pullover T-Shirt Tops  ,$29.99
227,227 image.jpg,Women's Golf Polo Shirts Long Sleeve Quarter Zip Pullover UPF 50+ Sun Protection Ladies Tennis Tops  ,$33.99
228,228 image.jpg,womens Supersoft Terry Puff-Sleeve Top Shirt  ,$32.40
229,229 image.jpg,Women's Satin Blouse Puff Sleeve Point Collar Vintage Button Up Shirt Tops  ,$39.99
230,230 image.jpg,Womens Plus-Size Elbow-Cinch Sleeve Hanky Hem Top Blouse  ,$27.87
231,231 image.jpg,Womens Sexy Criss Cross Lace Up Sling Basic Bow Tie Crop Top XS-XXL  ,$19.99
232,232 image.jpg,Women's Casual V Neck Lantern Sleeve Blouse Work Office Solid Shirt Top  ,$39.72
233,233 image.jpg,Women's Floral Print Long Sleeve Self tie Waist Knot Blouse Top  ,$39.40
234,234 image.jpg,Teddy Lingerie for Women One Piece Babydoll Lace Mini Bodysuit  ,$20.99
235,235 image.jpg,Women's Sexy Off Shoulder Ruffle Trim Long Sleeve Crop Top Blouse  ,$24.35
236,236 image.jpg,Workout Tops for Women Mesh Racerback Tank Yoga Shirts Gym Clothes  ,$25.99
237,237 image.jpg,Women’s Solid Color Pullover Zipper Cowl Neck Tunic Sweatshirt Lightweight Shirts Worker Tunics S-3XL Big Size  ,$33.99
238,238 image.jpg,Womens Waffle Knit Tunic Tops V-Neck Long Sleeve Blouse Shirt  ,$28.04
239,239 image.jpg,Women's Sexy Deep V Neck Shiny Thong Bodysuit Tank Tops with Underwire  ,$28.32
240,240 image.jpg,Women Criss Cross Front V Neck T Shirt Long Tops  ,$36.99
241,241 image.jpg,Womens 3/4 Sleeve Sleeveless Tank Tops Deep V-Neck Surplice Wrap with Plus Size  ,$30.69
242,242 image.jpg,Casual Turtleneck Tops Lightweight Long Sleeve Soft Thermal Shirts for Women  ,$16.99
243,243 image.jpg,Women's Glitter V Neck Tie Back Tank Tops Going Out Clubwear Crop Tops  ,$35.71
244,244 image.jpg,Women Summer Tops Casual V-Neck T-Shirts Loose Puff Short Sleeve Tunic Blouse  ,$26.99
245,245 image.jpg,Womens Henley Shirts Ladies Long Sleeve Tunic Top V Neck Flower Blouse Top  ,$32.99
246,246 image.jpg,Women's Sheer Mesh Sleeveless Floral Lace Spaghetti Strap Cami Bodysuit Tops  ,$47.90
247,247 image.jpg,Women Plaid Vest Open Front Flannel Buffalo Sleeveless Cardigan Shawl Coat  ,$41.99
248,248 image.jpg,Women's Sexy Off Shoulder Tee Top Short Sleeve V Neck Ribbed Knit T Shirt  ,$27.37
249,249 image.jpg,Womens Summer Babydoll Tops Short Sleeve Shirts Round Neck Shirt Tunic Blouse  ,$23.98
250,250 image.jpg,Cucuchy Womens V Neck Golf Polo Shirts Moisture Wicking Sports Workout Tops  ,$33.24
251,251 image.jpg,Women's Waffle Knit Tunic Tops Loose Long Sleeve Button Up V Neck Henley Shirts  ,$28.04
252,252 image.jpg,Womens V Neck Sweatshirts Casual Puff Long Sleeve Tunic Fall Tops  ,$32.79
253,253 image.jpg,Women's 3/4 Sleeve Boho Shirts Embroidered Peasant Top  ,$33.86
254,254 image.jpg,Women Deep V Lingerie Snap Crotch Teddy Sexy Lace Bodysuit  ,$20.99
255,255 image.jpg,Women's Blouse Tops Loose V Neck 3/4 Bell Sleeve Shirt  ,$26.99
256,256 image.jpg,Women's Tank Tops Casual Lace Trim Embroidered Hollow Out Full Liner V Neck Summer Sleeveless Shirts S-XXL  ,$35.99
257,257 image.jpg,Women's Drop Long Sleeve Sweatshirt Tops Casual Crewneck Tunic Sweartshirts with Side Slits S-3XL  ,$34.99
258,258 image.jpg,Mariana Women's Party Liquid Shiny Metallic Stretch Sleeveless Tank Top  ,$29.99
259,259 image.jpg,Women 4 Pieces Crop Tank Tops Yoga Raceback Sports Workout Bras Cotton Top  ,$29.99
260,260 image.jpg,Women's Floral Print Puff Sleeve Kimono Cardigan Loose Smock Comfy Blouse Thin Coat Womens Tops Half Sleeve Beach Cover Up  ,$11.99
261,261 image.jpg,Bodysuit for Women Scoop Neck Sleeveless Ribbed Racerback Tank Tops  ,$27.69
262,262 image.jpg,Women's Christmas Costume Elbow Sleeves T-Shirt Casual Boat Neck Slim Fit Tee  ,$30.99
263,263 image.jpg,Women's Casual Crew Neck Short Sleeve Fitted Graphic T-Shirt Tee Tops  ,$31.14
264,264 image.jpg,Women's Basic Round Neck Long Sleeve Crop Top  ,$22.99
265,265 image.jpg,Women's 3/4 Sleeve T-Shirt V Neck Color Block Tops Loose Casual Blouse  ,$28.04
266,266 image.jpg,Women's Shirts Tops Fashion Plush Warm Thicken Red Plaid Print Button Lapel Woolen Dress Shirt Jacket Cardigan Coat  ,$24.99
267,267 image.jpg,Long Sleeve Shirts for Women Lightweight Crew Neck Casual Loose Tunic Tops  ,$25.49
268,268 image.jpg,Women's Ruffle Short Sleeve Off Shoulder Tie Up Back Crop Blouse Top  ,$33.23
269,269 image.jpg,Women's Drape Front Open Cardigan Long Sleeve Irregular Hem  ,$35.77
270,270 image.jpg,Women's Elegant Ruffle V Neck Flounce Sleeve Blouse Top  ,$29.60
271,271 image.jpg,Cold Shoulder Tops for Women Summer Zipper V Neck T Shirts Sexy Half Sleeve Blouses Tie Dye Dressy Tunic Tees  ,$24.32
272,272 image.jpg,Women's Mock Neck Short Sleeve Slim Fit Knit Crop T-Shirts  ,$23.47
273,273 image.jpg,Women's Satin Camisole Sexy V Neck Cami Top Loose Sleeveless Tank Blouse  ,$23.99
274,274 image.jpg,Womens Oversized Sweatshirt Love Letter Printed Off Shoulder Sweatshirt Loose Slouchy Pullover Tops  ,$28.69
275,275 image.jpg,"Womens Short Sleeve/Long Sleeve Square Neck T Shirts Tops Tees, Long Sleeve Red, Large  ",$32.40
276,276 image.jpg,Womens Round Neck  ,$38.16
277,277 image.jpg,Unisex-Adult Official Colorful Asterisk Tank Top  ,$40.13
278,278 image.jpg,Off Shoulder Tops for Women Summer Sexy Zipper V Neck Tunic Tees Fashion Rose Print T Shirt Short Sleeve Blouse  ,$19.71
279,279 image.jpg,Womens Hoodie Casual Sweatshirts Color Block Long Sleeve Drawstring Hooded Pullover Shirt with Pocket  ,$38.99
280,280 image.jpg,Women's Sweetheart Square V Neck Short Sleeve Long Sleeve T shirts Tops Bodysuits  ,$38.16
281,281 image.jpg,Women's Mesh Long Sleeve Mock Neck Ruffle Hem Slim Fit Peplum Blouse  ,$26.99
282,282 image.jpg,Womens Long Sleeve Crew Neck Smocked Cuff T-Shirt  ,$26.90
283,283 image.jpg,Women’s Long Sleeve Tops Lace Crochet V Neck Blouses Loose Fit Shirts  ,$27.99
284,284 image.jpg,Women Mesh Top Long Sleeve See Through Shirt Sheer Blouse O Neck Clubwear S-XXL  ,$20.99
285,285 image.jpg,Womens Summer Cold Shoulder Tops V Neck Short Sleeve Front Knot T Shirts Blouse  ,$30.99
286,286 image.jpg,Womens Cross Back Active Tank Tops Workout Yoga Exercise Gym Racerback Tops for Women  ,$25.99
287,287 image.jpg,Womens Summer Tops Short Sleeve Button Up T Shirts Casual Crew Neck Flowy Tee Blouses S-XXL  ,$17.99
288,288 image.jpg,Crop Tops for Women Ribbed Women Tops Summer Tops Basic Stretchy Lightweight Button-Down Tops Button-Down Shirts  ,$24.99
289,289 image.jpg,"Women's Plus Size Bandeau - Basic Strapless Seamless Stretchy Tube Top, UV Protective Fabric UPF 50+ (Made in USA)  ",$18.97
290,290 image.jpg,Women Silk Casual Turtleneck Tank Tops Ladies Camisole Solid Draped Sleeveless Summer Blouse Satin Vest Shirt  ,$26.99
291,291 image.jpg,Women's Tops Casual Round Neck Pleated Basic Tank Tops Shirt Cap Sleeve Curved Keyhole Back Blouse Shirts  ,$23.99
292,292 image.jpg,Womens Short Sleeve Henley Shirts Sexy Button Down Zip Up Neck Ribbed Knit Tops  ,$31.76
293,293 image.jpg,Women's Criss Cross Tops Halter Wrap Top Bandage Crop Top Cutout Tie Back Strappy Sexy Y2K Multi Way  ,$25.99
294,294 image.jpg,Womens Team Base Tee  ,$22.48
295,295 image.jpg,Men's Regular-fit Ringer Tank Top  ,$16.20
296,296 image.jpg,Heymonents Women Lace Tank Tops Casual V Neck Summer Sleeveless Tunic top Crochet Hollow Out Loose Shirts Blouse (S-XXL)  ,$28.99
297,297 image.jpg,Womens Cropped Hoodies Long Sleeve Pullover Crop Top Deep V Neck Sweatshirt  ,$38.99
298,298 image.jpg,Women's Backless T-Shirts Y2K Crop Top Solid Casual Sleeveless Sexy Vintage Cut Out 2022 Summer Fashion  ,$16.99
299,299 image.jpg,Womens Silk Spaghetti Strap Camisole Sexy Adjustable Satin Slip Soft Vest Tank Top for Women  ,$22.77
300,300 image.jpg,Women Summer Sleeveless V Neck Cami Tank Tops  ,$29.99
301,301 image.jpg,Women's Basic Stretchy Soft Leather Crop Top Sleeveless Zipper Front Solid Tank Shirt  ,$18.95
302,302 image.jpg,Women's Crochet Peplum Floral Crochet Mock Neck Tops Cap Sleeve Red Lace Blouse  ,$35.99
303,303 image.jpg,Women's Embroidered Floral Mesh Bishop Sleeve Loose Casual Blouse Top  ,$37.28
304,304 image.jpg,Red Hot Women's Tank Primer  ,$68.58
305,305 image.jpg,Women's Fall Fashion Mock Turtleneck Cut Out Long Sleeve Ribbed Tight Tshirts Bodysuits Tops  ,$29.66
306,306 image.jpg,Women's Plus Size Flutter Sleeve V Neck Ruffle Hem Blouse Peplum Top  ,$22.34
307,307 image.jpg,Women's V Neck Spaghetti Tank Tops Loose Sexy Casual Sleeveless Shirts Blouses Adjustable Strap Camisoles  ,$24.99
308,308 image.jpg,Women's Velvet Galaxy Print Crisscross Back Spaghetti Strap Crop Cami Top  ,$37.36
309,309 image.jpg,Women's 2 Piece Outfits Floral Self Tie Knot Ruffle Crop Top and Midi Skirt Set  ,$26.99
310,310 image.jpg,Women‘s Summer Cold Shoulder Tops Mesh Panel 3/4 Bell Sleeve Tees Adjustable Spaghetti Strap Loose Fit Shirts  ,$28.99
311,311 image.jpg,Womens Golf Shirts Sleeveless Polos T-Shirts Athletic Zipper Workout Outdoor Top  ,$29.99
312,312 image.jpg,Casual Linen Blouse Work Shirt Plus Chiffon Office Blouse Sleeve Solid V Summer Women Neck Top Short Women's Blouse  ,$21.95
313,313 image.jpg,Womens Short Sleeve T-Shirt V-Neck Casual Tops  ,$33.99
314,314 image.jpg,Women Thermal Top Turtleneck Long Sleeve Cotton Warm Undershirt Thermal Underwear Lightweight Base Layer Shirt  ,$23.80
315,315 image.jpg,Womens Button Down V Neck Shirts Short/Long Sleeve Office Casual Business Plain Blouses Tops  ,$34.99
316,316 image.jpg,Women's Long/Short Sleeve V-Neck Button Blouse Loose Casual Tunic Tops Ladies Henley T Shirts  ,$28.99
317,317 image.jpg,Satin Blouses for Women Button Down Silk Shirts V Neck Roll Up Long Sleeve Business Casual Loose Office Work Tops  ,$37.65
318,318 image.jpg,Womens Summer Tops Sexy Embroidery V Neck Short Petal Sleeve Casual Loose Tee Tshirts S-XXL  ,$35.99
319,319 image.jpg,Women Short/Long Sleeve Shirts V-Neck Button Tunics Casual Tops Blouses  ,$26.85
