ID,Image,Title,Price
1,1 image.jpg,Zip Up Y2K Hoodies for Women Fall/Winter Jacket Oversized Long Sleeve Hooded Sweatshirts with Pocket  ,$34.99
2,2 image.jpg,Women's Hiking Hoodie Lightweight Long Sleeve SPF UPF 50+ Sun Protection Running Jackets  ,$35.99
3,3 image.jpg,Youth Camo Shark Mouth Hoodies Jacket Full Zip Up Hooded Pullover Sweatshirt 3D Graphic Printed Polyester Hoody  ,$39.58
4,4 image.jpg,Mens 2 Pack Lightweight Full Zip Up Hoodie Hooded Active Sweatshirt  ,$33.99
5,5 image.jpg,"Mens Eversoft Fleece Sweatshirts & Hoodies, Moisture Wicking & Breathable  ",$22.73
6,6 image.jpg,Men's Full Zip Eco Smart Fleece Hoodie  ,$32.11
7,7 image.jpg,Mens Fleece Zip Hooded Sweatshirt  ,$25.41
8,8 image.jpg,Men's Full Zip Ultimate Heavyweight Fleece Hoodie  ,$24.99
9,9 image.jpg,Women's Zip Up Hoodies Oversized Sweatshirt with Pocket Casual Long Sleeve Fall Jackets  ,$42.99
10,10 image.jpg,Mens Fleece Full Zip Hoodie  ,$17.99
11,11 image.jpg,Mens Full-Zip Hooded Fleece Sweatshirt  ,$29.22
12,12 image.jpg,"Mens Eversoft Fleece Sweatshirts & Hoodies, Moisture Wicking & Breathable, Sizes S-4x  ",$22.73
13,13 image.jpg,Women's Fuzzy Hoodies Zip Up Casual Long Sleeve Jacket Dropped Shoulder Hoodie Sweatshirts  ,$35.99
14,14 image.jpg,Mens Full Zip Fleece Hoodie  ,$42.67
15,15 image.jpg,Boys' Fleece Zip-up Hoodie  ,$25.00
16,16 image.jpg,mens Midweight Hooded Zip Front Sweatshirt  ,$79.99
17,17 image.jpg,Mens Safety Orange Adult Full Zip Hooded Sweatshirt  ,$16.89
18,18 image.jpg,Womens Long Sleeve Tops Lapel Zipper Casual Sweatshirt Loose Pullover Shirts Activewear Running Jacket  ,$38.99
19,19 image.jpg,Mens Black Adult Full Zip Hooded Sweatshirt - Xsizes  ,$19.49
20,20 image.jpg,Mens Rival Fleece Full Zip Hoodie Zip Up Sweatshirt  ,$40.99
21,21 image.jpg,Hoodies for MenZip Up Fleece Warm Thick Coats Heavyweight Sweatershirts Winter Sherpa Lined Hooded Jacket  ,$54.99
22,22 image.jpg,"Women’s Lightweight, Full Zip Running Track Jacket  ",$64.93
23,23 image.jpg,Men's Digital Print Sweatshirts Hooded Top Galaxy Pattern Hoodie  ,$39.98
24,24 image.jpg,Women's Casual Zip up Hoodies Long Tunic Sweatshirts Jackets Fashion Plus Size Hoodie with Pockets Red…  ,$43.98
25,25 image.jpg,Womens EcoSmart Full-Zip Hoodie Sweatshirt  ,$30.07
26,26 image.jpg,Big Girls' Fleece Zip-up Hoodie  ,$22.60
27,27 image.jpg,Women's Zip Up Hoodie Long Sleeve Hooded Drawstring Sweatshirts Coat with Pocket  ,$29.99
28,28 image.jpg,womens Full-zip Polar Fleece Jacket  ,$34.20
29,29 image.jpg,Womens French Terry Full-Zip Hoodie  ,$26.40
30,30 image.jpg,Women Oversized Solid Zip Up Hoodie Drawstring Hooded Long Sleeve Fleece Vintage Sweatshirts Jackets Pockets 90s  ,$107.17
31,31 image.jpg,Mens Men's NSW Club Full Zip Hoodie  ,$109.94
32,32 image.jpg,Men’s Women’s 3D Zip Up Hoodie Jacket Casual Full Zip Hooded Sweatshirt for Adults  ,$47.79
33,33 image.jpg,Women's Y2K Full Zip Up Hoodie Over Face Rhinestone Pattern Print vintage Pullover Aesthetics Design Oversized Jacket  ,$35.99
34,34 image.jpg,Women's Plus-Size Full Zip Fleece Hoodie  ,$32.14
35,35 image.jpg,Women Long Sleeve Zip-Up Hoodies Jacket Solid Color Sweatshirt Coat with Kangaroo Pockets  ,$39.99
36,36 image.jpg,Women Casual Zip Up Fleece Hoodies Tunic Sweatshirt Long Hoodie Jacket  ,$52.99
37,37 image.jpg,Mens Reverse Weave Full-Zip Hoodie  ,$66.50
38,38 image.jpg,Big and Tall Thermal Lined Hoodies for Men – Men’s Fleece Zip Up Hoodie  ,$58.75
39,39 image.jpg,"2-Pack Boys Full Zip Hoodies, Fleece Zip-up Hoodie Sweatshirt for Kids (2pcs Set)  ",$34.49
40,40 image.jpg,Women's Jersey Full Zip Hoodie  ,$33.28
41,41 image.jpg,Mens Midweight Hooded Zip Front Sweatshirt  ,$79.99
42,42 image.jpg,Women's Zip Up Hoodies Cropped Cardigan Jacket Drawstring Hooded Sweatshirts Casual Long Sleeve Top  ,$31.99
43,43 image.jpg,Men's Dri Power Hooded Zip-Front Fleece Sweatshirt  ,$44.70
44,44 image.jpg,Womens Zip-up Hoodie – Classic Sweatshirt for Women with Drawstrings and Hood  ,$53.51
45,45 image.jpg,Boys Fleece Hooded Zip Up Sweatshirt Hoody Kids Clothes  ,$58.75
46,46 image.jpg,Womens Clarksburg Full Zip Hoodie (Plus Sizes)  ,$84.99
47,47 image.jpg,Women Vintage Punk Gothic Hoodie Long Sleeve Zip-up Jacket Sweatshirt Top  ,$27.98
48,48 image.jpg,"Mens Powerblend Full Zip Hoodie, Men’s Hooded Jacket,Men’s Zip Up Jacket,Men’s Hoodie  ",$49.00
49,49 image.jpg,Zip Up Hoodies for Women Casual Long Sleeve Zip Hoodie Warm Winter Long Hoodie Jacket Sweatshirt Coat with Pocket  ,$32.99
50,50 image.jpg,Boys Hoodies Full Zip-Up Sweatshirt Boys Pullover Outwear 3-8Y  ,$27.99
51,51 image.jpg,Women's Zip Up Hoodies Teen Girl Fall Jacket Oversized Sweatshirts Casual Drawstring Clothes Zip Up Hoodie with Pocke  ,$40.99
52,52 image.jpg,Big and Tall Zip Up Hoodies for Men – Men’s Fleece Zip Up Hoodie Jacket  ,$27.49
53,53 image.jpg,"2-Pack Full Zip Hoodies for Men, Fleece Zip Hooded Sweatshirt (2pcs Set)  ",$46.99
54,54 image.jpg,Womens Oversized Sherpa Pullover Hoodie with Pockets Warm Soft Fuzzy Fleece Sweatshirt Fluffy Coat  ,$34.49
55,55 image.jpg,Men Stand Collar Jacket Patchwork Lightweight Windbreaker Winter Coat Outerwear  ,$56.80
56,56 image.jpg,Women's Zip Up Hoodie Long Sleeve Hooded Sweatshirts Lightweight Thin Jacket with Pockets S-3XL  ,$45.99
57,57 image.jpg,Women's Zip Up Hoodies Casual Long Sleeve Oversized Hoodie Sweatshirts with Pockets Black S  ,$30.00
58,58 image.jpg,Mens Full-Zip Eco-Smart Fleece Hoodie  ,$32.11
59,59 image.jpg,Boys' Smile Face Mask Hoodie Kids Fashion DJ 3D Long Sleeve Jumper Cosplay Jacket  ,$36.88
60,60 image.jpg,Men's Sportswear Club Full Zip-Up Hoodie  ,$180.05
61,61 image.jpg,Girls Zip-up Hoodie  ,$51.26
62,62 image.jpg,mens Long Sleeve Quilted Lined Flannel Shirt Jacket W/ Hood  ,$41.46
63,63 image.jpg,Mens Sherpa Lined Full-Zip Hooded Fleece Sweatshirt  ,$45.14
64,64 image.jpg,Men's Hooded Sweatshirt  ,$18.99
65,65 image.jpg,Women's Long Sleeve Drawstring Oversized Zip Up Hoodie Sweatshirt  ,$52.93
66,66 image.jpg,Girls Boys Zip Up Hoodies Kids Cool Print Hooded Sweatshirt Long Sleeve Casual Jacket with Pockets 6-14 Years  ,$27.99
67,67 image.jpg,"Heated Hoodies for Men, Zip Up Hooded Sweatshirts with 12000mAh Battery, Heating Jacket Women Unisex Hunting Fishing  ",$99.99
68,68 image.jpg,Men's Zip-Up Performance Hoodie  ,$189.00
69,69 image.jpg,Men's Zip-Up Performance Hoodie  ,$189.00
70,70 image.jpg,Men's Zip-Up Performance Hoodie  ,$189.00
71,71 image.jpg,Mens Rain Defender Paxton Heavyweight Hooded Sweatshirt  ,$124.99
72,72 image.jpg,Women's Cropped Zip up Hoodie Long Sleeves with Drawstring Hooded Cotton Crop Tops  ,$13.99
73,73 image.jpg,Womens Sweatshirts Fleece Lined 1/2 Zipper Collar Pullover Sweatshirts Long Sleeve Crop Tops Sweater Thumb Hole  ,$79.35
74,74 image.jpg,"Mens Middleweight Jersey Full Zip Hoodie, Left Chest Script  ",$41.78
75,75 image.jpg,Boys 2-Pack Full Zip Hoodies  ,$38.79
76,76 image.jpg,"Men’s Fleece Crewneck Sweatshirt, Style G18000  ",$21.39
77,77 image.jpg,Mens True Red Adult Full Zip Hooded Sweatshirt  ,$17.99
78,78 image.jpg,Womens Zip Up Cropped Hoodies Fleece Full Zipper Sweatshirts Pullover Winter Clothes Sweater with Pocket  ,$51.97
79,79 image.jpg,2-Pack Men's Active Fleece Zip Up Hoodies with Front Pockets (2pcs Set)  ,$46.49
80,80 image.jpg,Women Graphic Zip Up Crop Hoodie Vintage Skull Skeleton Crop Sweatshirt Slim Fit Aesthetic Long Sleeve Jacket with Pockets  ,$57.48
81,81 image.jpg,Girls Disney Star Wars Marvel Princess Fleece Zip-up Hoodie Sweatshirts  ,$31.60
82,82 image.jpg,Women's 2023 Zip Up Hoodies Casual Long Sleeve Sweatshirts Fall Jacket Hooded Coat with Pockets  ,$69.07
83,83 image.jpg,Women's Full Zip Up Hoodie Long Sleeve Hooded Sweatshirts Pockets Jacket Coat for Women  ,$39.59
84,84 image.jpg,Womens Full Zip Hooded Sweatshirt  ,$25.99
85,85 image.jpg,Women's Hooded Pullover Sweatshirts Half Zipper Crop Hoodie Fleece Lined Collar Zip Up Hoodies Cropped Long Sleeve Tops Large 1 Pink  ,$73.61
86,86 image.jpg,mens Powerblend Fleece Full-zip Hoodie  ,$45.15
87,87 image.jpg,Women's Casual Pockets Hoodies Tunic Sweatshirt Long Hoodie Jacket  ,$42.99
88,88 image.jpg,Childrens/Boys Creeper Character Hoodie  ,$64.99
89,89 image.jpg,"Womens Zip-up Loose Fit Powerblend Fleece Hoodie, Small Classic Script  ",$49.00
90,90 image.jpg,Girls Zip Up Hoodie Jacket Casual Long Sleeve Loose Sweatshirt with Pocket  ,$28.89
91,91 image.jpg,Men's Fleece Lined Full Zip Long Sleeve Drawstring Hoodies Sweatshirt  ,$50.84
92,92 image.jpg,Women Man Goth Hoodie Sweatshirts Y2k Aesthetic Zip Up Jacket 90s Long Sleeve Graphic Coat Couple Top Streetwear  ,$25.39
93,93 image.jpg,Women Y2k Zip Up Cropped Hoodies Vintage Solid Knit Hoodie Sweater Casual Drawstring Y2K Sweatshirt Jacket  ,$59.78
94,94 image.jpg,Womens Rival Fleece Full Zip Hoodie  ,$90.51
95,95 image.jpg,Unisex Adults’ Lightweight Cotton Full-Zip Hoodie  ,$17.99
96,96 image.jpg,Boys Disney Star Wars Marvel Fleece Zip-Up Sweatshirt Hoodies  ,$27.90
97,97 image.jpg,Women Casual Zip up Fleece Hoodies Tunic Sweatshirt Long Hoodie Jacket  ,$53.97
98,98 image.jpg,Men's Full-Zip Hooded Sweatshirt  ,$36.78
99,99 image.jpg,Boys Toddler Boys Paw Patrol Character Big Face Zip-up Hoodies  ,$67.73
100,100 image.jpg,"Hot Leathers Mens Motorcycle GMZ4356 Sweet Demise Black Hoodie, Black, Medium  ",$55.23
101,101 image.jpg,Mens Fashion Hoodie Full-Zip Long Sleeve Zipper Lightweight Fluorescent Color Pullover  ,$37.88
102,102 image.jpg,Womens Y2k Skeleton Zip Up Hoodies Rhinestone Graphic Oversized Pullovers Sweatshirt Goth jacket with Pockets  ,$38.05
103,103 image.jpg,Men Boys Unisex Long Sleeve 3D Funny Print Hoodies Big Pockets Sweatshirt  ,$30.16
104,104 image.jpg,Hoodies for Women Color Block Hooded Sweatshirt Basic Full Zip Jersey Jacket Long Sleeve Top with Pockets  ,$29.99
105,105 image.jpg,mens Canyon Gate Hooded Full Zip  ,$59.92
106,106 image.jpg,Women's Zip Up Long Sleeve Oversized Drawstring Hoodie Hooded Sweatshirt  ,$71.38
107,107 image.jpg,Women's Long Sleeve Casual Drawstring Pullover Sweatshirts Hoodies Coats  ,$38.99
108,108 image.jpg,Women's Drop Shoulder Zip Up Long Sleeve Drawstring Hoodie Oversize Coat Grey XS  ,$19.96
109,109 image.jpg,Mens Quantum Iii Long Sleeve Wool Athletic Zip Up Hoodie  ,$260.00
110,110 image.jpg,Mens Eco True Zip Hoodie  ,$45.12
111,111 image.jpg,"Vintage Zip Up Hoodies for Women Rhinestone Graphic Oversized Sweatshirts Aesthetic Pullover Jackets Gothic Streetwear, Gesture Black Heart, Large  ",$58.03
112,112 image.jpg,Cucuchy Womens Long Hoodies Casual Zip Up Tunic Sweatshirt Open Front Cardigan  ,$40.65
113,113 image.jpg,Mens Quilted Flannel Lined Duck Active Jacket (Regular and Big & Tall Sizes)  ,$184.99
114,114 image.jpg,Womens Slub-Cotton Full-Zip Lightweight Women's Hoodie  ,$28.40
115,115 image.jpg,Mens Full Zip Ultimate Heavyweight Fleece Hoodie  ,$49.93
116,116 image.jpg,Women's Long Sleeve Drop Shoulder Zip Up Drawstring Hoodies Sweatshirt  ,$54.38
117,117 image.jpg,Women's Plus Size Lace Up Long Sleeve Pullover Hoodie Sweatshirt  ,$74.18
118,118 image.jpg,Mens Sherpa Lined Zip Up Hoodie  ,$62.60
119,119 image.jpg,Womens Zip Up Sweatshirt Long Sleeve Hoodies for Fall Pullover Tops with Pocket  ,$38.99
120,120 image.jpg,E-mi-ne-m Aldult Sweatshirt Mens Women Novelty 3D Print Pullover Hooded Hoodies  ,$30.80
121,121 image.jpg,mens Men's Fleece Hooded Sweatshirt  ,$24.07
122,122 image.jpg,Men’s EcoSmart Fleece Sweatshirt  ,$24.08
123,123 image.jpg,Mens Classic Premium Full Zip Fleece Sweatshirt Hoodie  ,$80.29
124,124 image.jpg,Mens Big and Tall Full Zip Hoodie Classic Embroidered Logo  ,$60.16
125,125 image.jpg,Women's Yoga Running Cropped Jacket Long Sleeve Full Zip Crop Tops with Hoodie Ribbed Slim Fit Activewear  ,$40.90
126,126 image.jpg,Women Zip Up Hoodie Y2k Vintage Long Sleeve Knitted Sweatshirt 90s Solid Color crop top Coat Jacket Streetwear  ,$24.46
127,127 image.jpg,Womens Perfect Wave Zip-up Hoodie  ,$61.99
128,128 image.jpg,Men's Hoodies Zip Up Cotton Fleece Hooded Sweatshirt Winter Jacket Workout Hoodie Pullover with Pockets  ,$38.99
129,129 image.jpg,Women's Thin Cotton Zip Up Hoodie Jacket  ,$23.99
130,130 image.jpg,Women's Butterfly Print Long Sleeve Hoodies Zip Up Drop Shoulder Hooded Sweatshirts  ,$55.24
131,131 image.jpg,Women Rhinestone Y2K Spider Skeleton Hoodies Punk Jackets Streetwear Goth Harajuku Oversized Zip Up Hoodie  ,$35.99
132,132 image.jpg,Casual Hoodies Jackets for Women Fashion Butterfly Printed Zip-Up Coats Long Sleeve Plush Warm Comfy Coats  ,$36.50
133,133 image.jpg,Women's UPF 50+ Sun Protection Long Sleeve Hoodie Full Zip Sweatshirts for Outdoor Hiking Running Cycling Fishing  ,$35.99
134,134 image.jpg,Women's Plus Size Zip Up Long Sleeve Oversized Drawstring Hoodie  ,$59.98
135,135 image.jpg,Women's Long Sleeve Drawstring Full Zip Hooded Jacket Crop Sweatshirt  ,$51.59
136,136 image.jpg,Women's Long Sleeve Zip Up Drawstring Solid Cropped Hoodie Sweatshirt  ,$49.49
137,137 image.jpg,Ladies Lady-Fit Hooded Sweatshirt Jacket  ,$41.45
138,138 image.jpg,Y2K Hoodies for Women Full Zip Up Print Graphic Pockets Hooded Jacket 90s Long Sleeve Sweatshirt Streetwear Hoody Fall  ,$13.44
139,139 image.jpg,Women's Striped Zip up Long Sleeve Crop Top Hoodies Casual Drawstring Sweaters Jacket Cropped Sweatshirt Shirt  ,$15.40
140,140 image.jpg,Women's Full Zip Jersey Hoodie  ,$28.40
141,141 image.jpg,Women's Zip Up Outerwear Long Sleeve Crop Top Hooded Sweatshirt  ,$47.32
142,142 image.jpg,Baby Girls' 2-Pack Fleece Full Zip Hoodies  ,$24.80
143,143 image.jpg,Women's Oversized Long Sleeve Drawstring Drop Shoulder Zip Up Hoodie Sweatshirt  ,$67.85
144,144 image.jpg,Boys Fleece Full Zip Hoodie Sweatshirt  ,$57.22
145,145 image.jpg,Men's Zipper Hoodie Gym Workout Sweatshirt Fashion Long Sleeve Hooded with Zipper Pocket  ,$35.12
146,146 image.jpg,"Men's Essentials Fleece 3-Stripes Full-Zip Hoodie, Legend Ink, X-Large  ",$60.78
147,147 image.jpg,Men's Color Block Hoodie-Full Zip Ultimate Heavyweight Fleece Hoodie-Camo zip up hoodie With Kanga Pocket  ,$65.54
148,148 image.jpg,Mens Lightweight French Terry Full-Zip Hooded Sweatshirt  ,$33.90
149,149 image.jpg,Womens Half Zip Cropped Pullover Sweatshirts Fleece Quarter Zipper Hoodies Winter Clothes Sweater Thumb Hole  ,$74.12
150,150 image.jpg,Women's Hiking Shirts Hoodie UPF 50+ Sun Protection Quick Dry Lightweight Long Sleeve Sweatshirts Thumb Hole  ,$29.99
151,151 image.jpg,"Class 3 High Visibility Sweatshirt ,Hooded Pullover,Hi Vis Safety Hoodie Pullover Sweatshirt …  ",$76.81
152,152 image.jpg,Men’s Long Sleeved Plaid Hooded Sweatshirts Patchwork Color Pullover Hoodies with Drawstring  ,$42.99
153,153 image.jpg,"Women Faux Fleece Lightweight Thin Jacket Spring Fall and Winter Fashion, Cute Thermal Faux Fur Coat Hooded  ",$44.98
154,154 image.jpg,Men's Soft Fleece Fashion Hooded Sweatshirt Zip Up Sports Sweater Hoodie Jacket  ,$70.10
155,155 image.jpg,Womens Active Long Sleeve Fleece Zip Up Hoodie with Plus Size  ,$49.71
156,156 image.jpg,Womens Zip Up Fuzzy Fleece Sweater Jacket Casual Oversized Sherpa Hoodie Fluffy Coat with Pockets  ,$46.99
157,157 image.jpg,Mens Armour Fleece Full Zip Hoodie  ,$70.03
158,158 image.jpg,Girls 2-Pack Full Zip Fleece Hoodie for Girls Ages 7 to 16 years old  ,$37.99
159,159 image.jpg,Women's Cotton Hoodie Long Sleeve Sweatshirt Casual Full Zip Jacket with Kanga Pocket  ,$35.99
160,160 image.jpg,Women's Long Sleeve Full Zip-Up Kangaroo Pocket Hoodie  ,$36.08
161,161 image.jpg,Women's Full Zip Cardio Jacket  ,$41.46
162,162 image.jpg,Women's Sherpa Lined Full-Zip Hoodie  ,$44.80
163,163 image.jpg,2 Piece Cheetah Print Zip Up Hoodie Jogger Set  ,$74.78
164,164 image.jpg,Wome's Hooded Pullover Sweatshirts Half Zipper Crop Hoodie Fleece Lined Collar Zip Up Hoodies Cropped Long Sleeve Tops Small 1 Light Grey  ,$73.61
165,165 image.jpg,Mens Zip Hoodie Sweatshirt  ,$48.00
166,166 image.jpg,Women's Lightweight Breathable Athletic Jackets Full Zip Sweatshirt Running Hoodies with Pockets  ,$56.00
167,167 image.jpg,Boys Hoodie Zip Up Grey Long Sleeve Hooded Sweater  ,$32.99
168,168 image.jpg,Men's Powerblend Fleece Full-Zip Hoodie  ,$52.58
169,169 image.jpg,Womens Mens Dog 3D Printed Zipper Hoodie Mom Dad Mother Father Zip Up Sweater  ,$54.32
170,170 image.jpg,Y2K Hoodies for Women Full Zip Up Print Graphic Pockets Hooded Jacket 90s Long Sleeve Sweatshirt Teen Girls Gothic Halloween  ,$13.40
171,171 image.jpg,"Work Shirt, Quilted & Hooded, Boa-Lined, Fleece Lined, 2 Chest Pockets  ",$40.70
172,172 image.jpg,Boys' Pullover Hoodie Sweatshirt  ,$22.10
173,173 image.jpg,Men's Graphic Long Sleeve Hoodies Zip Up Drawstring Hooded Sweatshirt Jacket  ,$46.91
174,174 image.jpg,Mens Rival Terry Full Zip  ,$75.00
175,175 image.jpg,"Men's Performance Fleece Zip Up Hoodie with Chest Pocket, Side Pockets  ",$29.49
176,176 image.jpg,Women's Casual Long Sleeve Zip Up Crop Drawstring Hooded Sweatshirt  ,$46.49
177,177 image.jpg,Womens Essentials Logo Full-Zip Hoodie  ,$80.00
178,178 image.jpg,Women's Rival Fleece Logo Hoodie  ,$99.28
179,179 image.jpg,Girls ComfortSoft EcoSmart Full-Zip Fleece Hoodie  ,$26.08
180,180 image.jpg,Women's Striped Color Block Hoodies Sweater Long Sleeve Casual Loose Knitted Pullover Tops  ,$29.00
181,181 image.jpg,Womens Sport Performance Fleece Full Zip Hoodie  ,$51.62
182,182 image.jpg,Women's Zip Up Hoodies Jacket Long Sleeve Hooded Drawstring Sweatshirt Coat with Pockets  ,$34.99
183,183 image.jpg,Women's Running Jacket Full Zip UP Loose Soft Workout Hiking With Hoodie Zip Pockets Track Sports Yoga Athletic  ,$39.99
184,184 image.jpg,Men's Women's Tie Dye Vintage Novelty Hoodies Fashion Pullover Sweatshirt Retro Design Soft With Large Pocket  ,$48.58
185,185 image.jpg,Heavy Blend 8 oz. 50/50 Full Zip Hood (G186)  ,$42.98
186,186 image.jpg,Women's Y2K Skeleton Zip Up Hoodie Casual Cardigan E-Girl Pullover Jacket Long Sleeve Sweatshirt  ,$29.99
187,187 image.jpg,Men's Full Zip Up Hoodie Jacket Slim Fit Hooded Running Track Jacket Sportswear with Zip Pockets  ,$56.00
188,188 image.jpg,Baby Boys' 2-Pack Fleece Full Zip Hoodies  ,$27.90
189,189 image.jpg,Color Block Hoodie Womens Striped Zip Up Drawstring Hooded Sweatshirt Casual Long Sleeve Jackets 2022 Fall Winter Coat  ,$33.99
190,190 image.jpg,Women's Long Zip Up Hoodie Light Oversized Thin/Fleece Tunic Hooded Sweatshirt Jacket with Pockets  ,$46.99
191,191 image.jpg,Women Gothic Zip Up Hoodie Y2k Graphic Long Sleeve Sweatshirt Aesthetic Punk Oversized Jacket with Pockets  ,$72.17
192,192 image.jpg,Hoodies-for-Men Sweatshirt Pullover Hooded Solid Essentials Lightweight Workout  ,$46.90
193,193 image.jpg,Authentic Mexican Baja Hoodie Sweater Pullover Mexitems  ,$33.97
194,194 image.jpg,Athletic Zip Up Hoodie Running Jacket for Men Dry Fit Workout Jacket Men's Fashion Reflective Jacket  ,$52.92
195,195 image.jpg,Women's Oversized Long Sleeve Full Zip up Cropped Hoodie Lightweight  ,$36.26
196,196 image.jpg,"Hoodie, Big and Tall Hoodies for Men, Mens Hoodies, Zip Up Hoodie  ",$68.76
197,197 image.jpg,Women’s Floral Fleece Hoodies Lightweight Long Sleeve Full Zip Sweatshirt Jacket Plus Size  ,$44.98
198,198 image.jpg,Women's Short Sleeve V Neck T Shirts Loose Fit Soft Basic Tee Casual Tops  ,$67.39
199,199 image.jpg,Toddler Spring Fall Windbreaker Jacket Cartoon Printed Hoodie Mesh/Fleece Liner  ,$32.90
200,200 image.jpg,Womens Women's Comfortable Fabric Sleeveless Zipup Hoodie  ,$36.36
201,201 image.jpg,Womens Zip Up Y2K Hoodies Long Sleeve Fall Oversized Casual Sweatshirts Jacket with Pocket  ,$41.70
202,202 image.jpg,Alphabet Lore Rainbow Friends Blue Hoodies Boys Sweatshirt Girls Casual Pullover Zip-up Hoodie 5-12Y  ,$20.99
203,203 image.jpg,Boys Full Zip Logo Hoodie  ,$24.07
204,204 image.jpg,Women's Hoodie Half Zip Up Long Sleeve Solid Hooded Drawstring Pullover Sweatshirt with Pocket  ,$32.99
205,205 image.jpg,Women's Casual Tunic Zip Up Hoodies Sweatshirts Long Fleece Jacket Cardigan Coat  ,$56.77
206,206 image.jpg,Cropped Zip Up Hoodie for Womens Sweatshirts Casual Loose Long Sleeve Crop Tops  ,$32.89
207,207 image.jpg,Women Zip Up Hoodie Y2k Graphic Hooded Sweatshirt Long Sleeve Casual Loose Goth Hoodies Vintage Aesthetic Streetwear  ,$19.42
208,208 image.jpg,Women's 2 Piece Velour Tracksuit Casual Long Sleeve Zip Up Hoodie And Shorts Set Jogger Outfits  ,$66.66
209,209 image.jpg,Men's Winter Hoodies Jackets Fleece Sweatshirt Workout Warm Thick Full Zip Coats  ,$50.99
210,210 image.jpg,"Men's Sweatshirt, EcoSmart Fleece Hoodie, Cotton-Blend Fleece Hooded Sweatshirt, Plush Fleece Pullover Hoodie  ",$27.93
211,211 image.jpg,Boy Zip Up Hoodie Sweatshirt with Hood Rainbow Patchwork  ,$27.99
212,212 image.jpg,Mens Trek Full Zip Hoodie  ,$39.99
213,213 image.jpg,Women's Y2K Zip Up Hoodie Sweatshirts Butterfly Graphic Grunge Hoodie Jacket Oversized Vintage Hooded Jacket Sweater  ,$16.79
214,214 image.jpg,Boys Mario and Luigi Zip Hoodie Hooded Sweatshirt for Kids  ,$34.15
215,215 image.jpg,Boys and Girls Cute Hoodies Kid Long Sleeve Super Sweatshirt YouTube 3D Hooded Outerwear Kids'Birthday Gift  ,$29.99
216,216 image.jpg,Womens Full Zip Athletic Running Hooded Jackets Yoga Lightweight Hoodie with Thumb Holes  ,$34.99
217,217 image.jpg,Womens Clarksburg Full Zip Hoodie (Regular and Plus Sizes)  ,$84.99
218,218 image.jpg,Kids Hooded Jacket Zip Up Hoodie Girls' Fashion Hoodies Sweatshirts Cardigan Girls 3-9 Years  ,$27.88
219,219 image.jpg,Women Zip Up Crop Hoodie Jacket Fleece Drop Shoulder Long Sleeve Cropped Hooded Sweatshirt Active Casual  ,$50.40
220,220 image.jpg,Women's Casual Thermal Zip Up Crop Hoodie Hooded Sweatshirt  ,$51.66
221,221 image.jpg,Mens Fleece Cotton-Blend ColdGear Full-Zip Hoodie  ,$61.76
222,222 image.jpg,Women's Hooded Pullover Sweatshirts Half Zipper Crop Hoodie Fleece Lined Collar Zip Up Hoodies Cropped Long Sleeve Tops Xx Large 1 Pink  ,$75.27
223,223 image.jpg,Women Star Letter Print Zip Up Loose Hoodies Y2K Retro Harajuku Oversized Gothic Hip Hop Long Sleeve Sweatshirts  ,$36.93
224,224 image.jpg,mens NB Essentials Stacked Full Zip Hoodie  ,$68.89
225,225 image.jpg,Men's Eco Zip Hoodie Sweatshirt  ,$43.82
226,226 image.jpg,"Pioneer V1060550-3XL High Visibility Safety Hoodie, Micro Fleece, Orange, 3XL  ",$56.35
227,227 image.jpg,Women's Benton Springs II Long Hoodie  ,$69.99
228,228 image.jpg,Boys Polar Fleece Full-Zip Mock Jackets  ,$27.50
229,229 image.jpg,"Men's Rival Fleece Full Zip Hoodie, Academy Blue (408)/Onyx White, X-Large Tall  ",$87.70
230,230 image.jpg,Comfy Zip Up Hoodies for Women Lightweight Sweatshirts Long Sleeve Thin Jacket Loose Casual  ,$37.06
231,231 image.jpg,Red Zip Up Hoodie Women Comfortable Long Sleeve Hooded Sweatshirt Lightweight Solid Jacket Coat with Kangaroo Pocket  ,$22.99
232,232 image.jpg,Women's 2022 Zip Up Hoodies Casual Long Sleeve Sweatshirts Fall Hooded Jackets with Pockets  ,$62.14
233,233 image.jpg,mens Thermal Lined Duck Active Jacket J131 (Regular and Big & Tall Sizes)  ,$179.99
234,234 image.jpg,Boy's Thick Zip Up Hoodie - Casual Sherpa Lined Winter Kids Coat Activewear Size 8-16  ,$47.65
235,235 image.jpg,"Pioneer V1060460-L High Visibility Safety Hoodie, Polyester Fleece, Yellow-Green, L  ",$77.64
236,236 image.jpg,Womens French Terry Fleece Pullover Hoodie  ,$27.50
237,237 image.jpg,Mens White Adult Full Zip Hooded Sweatshirt - Xsizes  ,$20.99
238,238 image.jpg,Fleece Zip up Hoodie Plus Size Curved Hem Sweatshirt Women Hooded Jacket  ,$49.99
239,239 image.jpg,Ultimate Cotton Full-Zip Fleece Hood 10oz. Sweatshirt  ,$42.35
240,240 image.jpg,"Womens Plus Campus French Terry Full-Zip Hoodie, Women’s Sweatshirts, Zip Up Sweatshirts, Various Graphics  ",$79.17
241,241 image.jpg,Womens 2 Piece Sweatsuits Tracksuits Velvet Outfits Hoodie & Pant  ,$45.80
242,242 image.jpg,Zip Up Hoodies for Women Sherpa Fleece Lined Womens Hoodies Jacket Hoodie Hooded Sweatshirt Winter Warm Coat  ,$45.99
243,243 image.jpg,Unisex Men's 3D Spider Man Print Zip Up Jumpers Hoodies Superhero Patterned Sweatshirts Jacket with Pockets S-5XL  ,$38.99
244,244 image.jpg,"Mens Powerblend Fleece Full Zip Hoodie, Script Logo  ",$49.00
245,245 image.jpg,Long Vest for Women Sleeveless Sherpa Fleece Lined Vests Button Down Floral Printed Open Front Winter Coat Jacket  ,$28.99
246,246 image.jpg,Sweatsuit for Women 2 Piece Warm Thick Fur Lining Fleece Zip Up Hoodie Sweatshirt and Matching Long Sweatpants Tracksuit Sets  ,$52.63
247,247 image.jpg,Men's Fashion Hoodies Zip Up Jacket Jogger Sport Sweatshirt Slim Fit Drawstring Pullover with Pocket  ,$25.88
248,248 image.jpg,Women's Casual Long Sleeve Sweatshirts Zip Up Zipper Hoodies Fashion Hooded Jackets with Pockets…  ,$39.99
249,249 image.jpg,"Zip Up Hoodies for Women, Casual Women's Y2K Graphic Pullover Sweatshirt Hoodies Oversized Sweater Jacket Coat  ",$29.44
250,250 image.jpg,DELight Women's Active Regular Fit Zip up Hoodie  ,$50.69
251,251 image.jpg,Long Sleeve Crop Top Zip Up Hoodie Workout Clothes Sweatshirts for Women  ,$31.99
252,252 image.jpg,Skeleton Zip Up Hoodie Skeleton Jacket Black for Men Women Sweatshirt  ,$38.84
253,253 image.jpg,"G186 - ® Heavy Blend™ 13.3 oz, 50/50 Full-Zip Hood  ",$34.92
254,254 image.jpg,Women's Full Zip Up Hoodie Long Sleeve Cropped Sweatshirt Fleece Lined Collar Pullover Sweater  ,$62.16
255,255 image.jpg,Jack Skellington Aldult Sweatshirt Mens Women Funny 3D Print Pullover Hooded Hoodies  ,$32.90
256,256 image.jpg,Scrubs for Women - Front Snap Warm - Up Jacket  ,$35.99
257,257 image.jpg,"Hot Leathers Mens GMZ4305 Men s Skull and Crossbones Black Hoodie, Black, X-Large US  ",$75.47
258,258 image.jpg,NASA Adult Unisex Ship and Satellite Military Full Zip Fleece Hoodie  ,$52.69
259,259 image.jpg,Shark Jaw Camo Bape Hoodie Shark Mouth Jacket Full Zip Up for Adults  ,$51.98
260,260 image.jpg,Heavy BlendTM Adult Full Zip Hooded SweatShirt Sport Grey S  ,$31.12
261,261 image.jpg,"Men's Essentials Fleece 3-Stripes Full-Zip Hoodie, Dark Grey Heather, Large  ",$104.19
262,262 image.jpg,Mens Big T Zip Up Hoodie  ,$377.94
263,263 image.jpg,Women Y2k hoodie Zip up Oversized Top Gothic Clothes Alt Sweatshirt Aesthetic Long Sleeve Vintage Punk Blouse  ,$35.60
264,264 image.jpg,Womens UPF50+ Long Sleeve UV Sun Protection Shirts Quick Dry Rash Guard  ,$30.98
265,265 image.jpg,Women Oversized Zip Up Hoodie Fashion Long Sleeve Graphic Skeleton Sweatshirt Cool Outwear  ,$39.99
266,266 image.jpg,Quarter Zip Pullover Women Running Jacket Thumb Hole Workout Yoga Shirts/Hoodies S-XXL  ,$33.97
